rank,team,age,teamId,full_name,playerId,atBats,runs,hits,doubles,triples,homeRuns,obp,ops,slg,rbi,baseOnBalls,strikeOuts,stolenBases,caughtStealing,leftOnBase,avg,plateAppearances,totalBases,games
1,fa,27,,Ryne Nelson,669194,1,1,1,0,0,0,1.0,2.0,1.0,1,0,0,0,0,0,1.0,1,1,17
2,fa,27,,Jahmai Jones,663330,22,4,9,3,0,2,0.48,1.298,0.818,3,3,5,0,0,4,0.409,25,18,13
3,fa,27,,Ronald Acuña Jr.,660670,101,30,40,5,0,9,0.5,1.213,0.713,16,21,27,3,0,25,0.396,122,72,28
4,fa,33,,Aaron Judge,592450,289,68,106,18,2,28,0.468,1.202,0.734,62,53,88,6,3,102,0.367,346,212,78
5,fa,29,,Bryce Johnson,669369,9,1,4,1,0,0,0.5,1.056,0.556,0,0,2,1,0,1,0.444,10,5,5
6,fa,28,,Cal Raleigh,663728,284,57,79,14,0,32,0.383,1.048,0.665,68,45,83,9,2,130,0.278,334,189,76
7,fa,27,,Dominic Canzone,686527,39,7,12,2,0,4,0.357,1.024,0.667,7,3,6,1,0,18,0.308,42,26,13
8,fa,31,,Ketel Marte,606466,190,45,60,11,0,14,0.422,1.017,0.595,31,31,31,2,1,78,0.316,225,113,52
9,fa,30,,Shohei Ohtani,660271,306,76,89,12,6,26,0.39,1.014,0.624,49,48,92,11,4,98,0.291,359,191,77
10,fa,26,,Jonny DeLuca,676356,23,4,10,0,1,0,0.48,1.002,0.522,1,2,4,4,0,4,0.435,25,12,9
11,fa,25,,Wenceel Pérez,672761,71,13,21,5,1,6,0.346,0.994,0.648,13,4,16,1,0,37,0.296,78,46,22
12,fa,34,,Tyler Heineman,623168,66,16,26,5,0,2,0.417,0.978,0.561,11,3,11,2,0,22,0.394,73,37,26
13,fa,34,,Tyler Heineman,623168,66,16,26,5,0,2,0.417,0.978,0.561,11,3,11,2,0,22,0.394,73,37,26
14,fa,30,,Will Smith,669257,204,38,67,15,1,9,0.425,0.969,0.544,42,36,44,2,3,79,0.328,247,111,62
15,fa,34,,Austin Wynns,642851,68,9,21,5,0,5,0.347,0.95,0.603,17,4,19,0,0,35,0.309,72,41,28
16,fa,22,,James Wood,695578,299,50,85,19,0,22,0.379,0.948,0.569,61,46,92,9,4,108,0.284,348,170,79
17,fa,31,,Alex Bregman,608324,197,32,59,17,0,11,0.385,0.938,0.553,35,22,42,1,1,99,0.299,226,109,51
18,fa,34,,Rob Refsnyder,608701,83,15,25,5,0,5,0.388,0.93,0.542,14,12,25,2,0,40,0.301,98,45,33
19,fa,30,,Pete Alonso,624413,297,43,85,22,1,18,0.38,0.929,0.549,64,37,79,0,2,138,0.286,347,163,79
20,fa,25,,Iván Herrera,671056,150,22,48,8,0,8,0.392,0.925,0.533,36,16,32,1,0,68,0.32,171,80,42
21,fa,32,,Kyle Schwarber,656941,285,57,71,9,1,24,0.38,0.92,0.54,55,55,88,6,1,140,0.249,345,154,78
22,fa,24,,Corbin Carroll,682998,286,57,73,13,9,20,0.341,0.914,0.573,44,30,80,10,4,112,0.255,323,164,72
23,fa,35,,Freddie Freeman,518692,249,40,80,21,1,9,0.392,0.914,0.522,41,28,57,0,1,95,0.321,283,130,67
24,fa,31,,Byron Buxton,621439,232,46,65,9,3,17,0.347,0.912,0.565,47,23,71,13,0,82,0.28,262,131,61
25,fa,28,,Kyle Tucker,663656,288,55,81,16,4,15,0.391,0.912,0.521,46,51,49,18,1,102,0.281,343,150,77
26,fa,32,,José Ramírez,608070,279,43,90,16,1,13,0.383,0.91,0.527,36,27,34,20,5,90,0.323,313,147,74
27,fa,29,,Austin Hays,669720,119,23,36,6,3,6,0.346,0.901,0.555,25,8,32,2,0,53,0.303,130,66,31
28,fa,29,,Austin Hays,669720,119,23,36,6,3,6,0.346,0.901,0.555,25,8,32,2,0,53,0.303,130,66,31
29,fa,27,,Jonathan Aranda,666018,243,39,79,15,0,8,0.411,0.897,0.486,41,30,66,0,1,97,0.325,282,118,73
30,fa,33,,Eugenio Suárez,553993,283,48,71,15,0,25,0.323,0.892,0.569,67,21,82,1,0,126,0.251,319,161,78
31,fa,29,,Trenton Brooks,670092,9,2,2,1,0,1,0.222,0.889,0.667,2,0,7,0,0,7,0.222,9,6,7
32,fa,28,,Rafael Devers,646240,295,49,79,19,0,16,0.394,0.889,0.495,61,59,83,1,1,126,0.268,360,146,79
33,fa,23,,Jacob Wilson,805779,292,40,102,15,0,9,0.39,0.883,0.493,40,17,20,5,1,97,0.349,314,144,74
34,fa,30,,Reese McGuire,624512,39,7,10,1,0,4,0.293,0.883,0.59,6,2,9,0,0,17,0.256,42,23,12
35,fa,26,,Juan Soto,665742,279,55,71,14,0,17,0.391,0.878,0.487,43,64,55,8,1,131,0.254,348,136,78
36,fa,23,,Pete Crow-Armstrong,691718,300,58,82,19,3,21,0.31,0.877,0.567,61,14,78,23,4,133,0.273,322,170,77
37,fa,24,,Riley Greene,682985,296,42,86,20,0,17,0.345,0.875,0.53,59,24,99,1,1,135,0.291,322,157,77
38,fa,27,,Jeremy Peña,665161,304,47,99,16,1,11,0.38,0.873,0.493,40,19,54,15,2,90,0.326,335,150,78
39,fa,27,,Michael Busch,683737,236,32,64,13,3,12,0.365,0.869,0.504,44,30,61,3,0,95,0.271,271,119,72
40,fa,32,,Manny Machado,592518,297,52,90,20,0,13,0.366,0.868,0.502,47,31,54,8,2,132,0.303,331,149,78
41,fa,31,,Ryan O'Hearn,656811,223,29,68,9,0,10,0.387,0.867,0.48,29,26,42,3,1,105,0.305,256,107,65
42,fa,29,,Pavin Smith,656976,190,30,51,13,1,8,0.389,0.863,0.474,25,38,71,2,2,92,0.268,229,90,70
43,fa,23,,Elly De La Cruz,682829,302,62,82,15,2,18,0.348,0.861,0.513,55,34,87,21,6,134,0.272,339,155,79
44,fa,25,,Maikel Garcia,672580,279,34,87,19,3,8,0.372,0.859,0.487,36,27,43,17,8,108,0.312,311,136,76
45,fa,23,,Noelvi Marte,682622,68,10,20,4,1,3,0.342,0.857,0.515,17,5,12,4,1,31,0.294,73,35,19
46,fa,32,,Jose Trevino,624431,144,21,44,17,0,4,0.346,0.853,0.507,15,10,18,0,0,58,0.306,157,73,49
47,fa,28,,Romy Gonzalez,663853,95,15,29,10,1,2,0.356,0.851,0.495,16,7,24,3,2,42,0.305,104,47,31
48,fa,30,,Seiya Suzuki,673548,297,41,76,19,2,20,0.311,0.846,0.535,64,26,88,2,2,137,0.256,328,159,74
49,fa,26,,Tyler Freeman,671289,99,17,32,6,1,1,0.412,0.846,0.434,10,11,9,8,3,42,0.323,119,43,38
50,fa,26,,Nick Gonzales,693304,75,8,24,3,2,2,0.35,0.843,0.493,7,4,13,0,1,20,0.32,80,37,19
51,fa,24,,CJ Abrams,682928,261,52,74,16,2,11,0.356,0.843,0.487,26,20,51,16,2,74,0.284,293,127,66
52,fa,25,,Hunter Goodman,696100,282,38,80,17,3,14,0.328,0.842,0.514,48,16,81,1,2,107,0.284,302,145,74
53,fa,24,,Andy Pages,681624,281,39,82,12,1,16,0.33,0.842,0.512,52,13,56,6,3,115,0.292,303,144,75
54,fa,30,,Yoán Moncada,660162,97,16,23,6,1,6,0.336,0.841,0.505,19,13,32,0,0,45,0.237,113,49,30
55,fa,26,,Isaac Paredes,670623,273,40,70,10,1,16,0.361,0.837,0.476,45,41,55,0,1,111,0.256,321,130,74
56,fa,26,,Isaac Paredes,670623,273,40,70,10,1,16,0.361,0.837,0.476,45,41,55,0,1,111,0.256,321,130,74
57,fa,31,,Matt Olson,621566,285,45,72,19,0,15,0.359,0.836,0.477,49,47,76,0,0,136,0.253,337,136,77
58,fa,25,,Heliot Ramos,671218,291,48,83,14,1,13,0.361,0.835,0.474,43,28,77,5,4,114,0.285,332,138,76
59,fa,30,,Brent Rooker,667670,313,48,86,16,2,15,0.351,0.833,0.482,41,35,74,2,1,129,0.275,350,151,80
60,fa,21,,Junior Caminero,691406,283,46,75,16,0,19,0.31,0.833,0.523,50,19,55,5,1,123,0.265,306,148,73
61,fa,25,,Bobby Witt Jr.,677951,304,42,87,26,3,10,0.343,0.833,0.49,40,26,61,21,6,110,0.286,338,149,78
62,fa,26,,Casey Schmitt,669477,91,11,26,4,0,4,0.369,0.831,0.462,15,10,26,0,0,48,0.286,104,42,32
63,fa,22,,Jackson Merrill,701538,179,26,55,11,2,5,0.354,0.829,0.475,26,13,41,1,2,72,0.307,195,85,46
64,fa,34,,Mike Tauchman,643565,97,17,25,6,1,4,0.365,0.829,0.464,14,17,25,0,0,35,0.258,115,45,28
65,fa,30,,Carson Kelly,608348,158,28,40,5,1,9,0.36,0.828,0.468,26,26,31,0,0,66,0.253,186,74,49
66,fa,30,,Carson Kelly,608348,158,28,40,5,1,9,0.36,0.828,0.468,26,26,31,0,0,66,0.253,186,74,49
67,fa,29,,Dane Myers,667472,147,17,47,8,0,4,0.371,0.827,0.456,20,10,36,8,4,73,0.32,159,67,50
68,fa,26,,Vladimir Guerrero Jr.,665489,283,44,79,16,0,10,0.383,0.825,0.442,39,45,47,2,2,105,0.279,334,125,76
69,fa,28,,Josh Naylor,647304,287,41,87,18,1,9,0.358,0.825,0.467,51,25,41,10,2,117,0.303,317,134,75
70,fa,26,,Fernando Tatis Jr.,665487,292,57,78,11,1,15,0.356,0.822,0.466,37,37,59,15,2,87,0.267,334,136,76
71,fa,28,,Trent Grisham,663757,225,37,55,5,1,15,0.346,0.822,0.476,31,34,60,0,1,80,0.244,260,107,67
72,fa,24,,Zach Neto,687263,241,46,67,15,1,12,0.322,0.82,0.498,29,11,67,13,5,56,0.278,258,120,60
73,fa,26,,Alec Burleson,676475,228,25,70,11,0,9,0.344,0.818,0.474,32,14,32,3,0,103,0.307,245,108,68
74,fa,28,,Willi Castro,650489,193,34,54,11,1,7,0.362,0.818,0.456,17,20,53,3,1,72,0.28,218,88,56
75,fa,26,,Miguel Amaya,665804,93,14,26,9,0,4,0.313,0.818,0.505,25,4,22,0,0,26,0.28,100,47,27
76,fa,31,,Francisco Lindor,596019,308,49,84,14,0,16,0.344,0.818,0.474,42,28,62,13,2,111,0.273,349,146,77
77,fa,25,,Addison Barger,680718,178,25,47,16,0,8,0.328,0.817,0.489,24,16,45,1,0,79,0.264,195,87,54
78,fa,29,,TJ Friedl,670770,287,47,84,13,2,8,0.38,0.816,0.436,30,38,52,9,3,91,0.293,334,125,75
79,fa,34,,Max Muncy,571970,231,31,56,9,2,11,0.373,0.815,0.442,45,48,64,4,0,102,0.242,287,102,74
80,fa,32,,Bryce Harper,547180,213,32,55,13,0,9,0.368,0.814,0.446,34,35,47,8,0,85,0.258,253,95,57
81,fa,33,,Jeff McNeil,643446,148,15,36,5,3,8,0.333,0.813,0.48,23,19,17,1,0,73,0.243,171,71,47
82,fa,32,,Matt Chapman,656305,230,35,56,12,0,12,0.36,0.812,0.452,30,40,65,7,2,105,0.243,272,104,65
83,fa,28,,Brendan Donovan,680977,277,42,85,21,0,5,0.375,0.812,0.437,29,25,41,3,1,105,0.307,310,121,71
84,fa,30,,Ramón Laureano,657656,152,21,39,8,0,9,0.324,0.811,0.487,22,14,50,2,1,88,0.257,170,74,52
85,fa,30,,Ramón Laureano,657656,152,21,39,8,0,9,0.324,0.811,0.487,22,14,50,2,1,88,0.257,170,74,52
86,fa,31,,Sam Hilliard,656541,43,7,9,3,1,2,0.346,0.811,0.465,3,9,18,2,1,14,0.209,52,20,17
87,fa,27,,Kyle Stowers,669065,244,32,66,9,3,11,0.343,0.81,0.467,35,25,78,3,1,115,0.27,275,114,72
88,fa,27,,Kyle Stowers,669065,244,32,66,9,3,11,0.343,0.81,0.467,35,25,78,3,1,115,0.27,275,114,72
89,fa,26,,Ben Rice,700250,224,35,54,12,2,13,0.321,0.808,0.487,28,21,55,3,2,99,0.241,253,109,66
90,fa,31,,Trea Turner,607208,313,54,94,16,2,9,0.357,0.807,0.45,35,24,54,19,5,126,0.3,342,141,76
91,fa,28,,Gleyber Torres,650402,237,36,66,12,0,7,0.386,0.804,0.418,38,40,35,4,1,76,0.278,285,99,66
92,fa,28,,Abraham Toro,647351,127,17,37,9,0,5,0.321,0.801,0.48,13,4,22,0,0,40,0.291,134,61,36
93,fa,33,,Christian Yelich,592885,281,39,74,10,0,15,0.342,0.801,0.459,56,31,85,12,3,123,0.263,316,129,74
94,fa,30,,Dominic Smith,642086,47,4,14,3,0,1,0.375,0.801,0.426,8,7,11,1,0,21,0.298,56,20,16
95,fa,30,,Dominic Smith,642086,47,4,14,3,0,1,0.375,0.801,0.426,8,7,11,1,0,21,0.298,56,20,16
96,fa,32,,Javier Báez,595879,224,37,65,12,1,9,0.328,0.801,0.473,36,8,51,1,1,92,0.29,238,106,66
97,fa,35,,George Springer,543807,233,37,58,15,1,10,0.349,0.8,0.451,32,36,62,7,0,107,0.249,280,105,72
98,fa,26,,Carlos Narváez,665966,201,30,55,16,0,6,0.357,0.8,0.443,23,26,57,1,1,87,0.274,227,89,59
99,fa,25,,Spencer Torkelson,679529,264,43,59,17,0,16,0.33,0.8,0.47,49,38,76,1,0,119,0.223,312,124,74
100,fa,27,,Steven Kwan,680757,283,35,87,17,0,6,0.367,0.798,0.431,24,25,28,10,1,72,0.307,314,122,73
101,fa,22,,Evan Carter,694497,78,13,20,3,0,4,0.348,0.797,0.449,10,8,13,6,1,35,0.256,89,35,27
102,fa,24,,Jordan Beck,687597,244,36,64,14,4,10,0.322,0.797,0.475,26,19,75,9,4,73,0.262,267,116,67
103,fa,32,,Teoscar Hernández,606192,243,40,64,15,0,14,0.298,0.796,0.498,51,12,62,5,0,115,0.263,259,121,63
104,fa,27,,Mickey Moniak,666160,192,27,47,6,5,11,0.295,0.795,0.5,27,13,51,3,2,68,0.245,207,96,66
105,fa,26,,Wilyer Abreu,677800,221,29,56,9,0,13,0.324,0.795,0.471,36,24,58,4,2,108,0.253,247,104,68
106,fa,33,,Yandy Díaz,650490,294,35,83,15,1,12,0.331,0.794,0.463,44,20,44,3,0,128,0.282,320,136,72
107,fa,27,,Jazz Chisholm Jr.,665862,169,26,40,7,0,10,0.338,0.794,0.456,28,23,57,10,2,93,0.237,198,77,48
108,fa,27,,Jazz Chisholm Jr.,665862,169,26,40,7,0,10,0.338,0.794,0.456,28,23,57,10,2,93,0.237,198,77,48
109,fa,30,,J.P. Crawford,641487,265,34,76,10,0,6,0.401,0.793,0.392,30,50,56,5,1,86,0.287,319,104,74
110,fa,37,,Paul Goldschmidt,502671,280,48,82,15,1,8,0.352,0.791,0.439,32,24,56,5,0,111,0.293,308,123,77
111,fa,23,,Thomas Saggese,695336,48,4,15,4,0,1,0.333,0.791,0.458,7,2,12,0,0,22,0.313,51,22,16
112,fa,34,,Marcell Ozuna,542303,264,33,66,10,0,11,0.378,0.791,0.413,40,55,74,0,0,134,0.25,325,109,74
113,fa,27,,Griffin Conine,665052,64,10,18,7,0,1,0.352,0.79,0.438,7,7,19,0,1,29,0.281,71,28,20
114,fa,23,,Gunnar Henderson,683002,270,39,75,14,2,8,0.352,0.785,0.433,23,29,74,9,2,83,0.278,301,117,71
115,fa,29,,Gavin Sheets,657757,252,30,67,11,1,12,0.324,0.784,0.46,46,21,58,1,0,121,0.266,278,116,75
116,fa,32,,Brandon Nimmo,607043,279,37,71,14,0,15,0.318,0.784,0.466,41,25,58,6,1,138,0.254,308,130,75
117,fa,28,,Daulton Varsho,662139,92,14,19,5,1,8,0.24,0.783,0.543,20,5,31,1,0,54,0.207,100,50,24
118,fa,30,,Luke Raley,670042,77,12,19,3,0,3,0.379,0.782,0.403,13,10,22,2,1,41,0.247,95,31,27
119,fa,27,,Josh Smith,669701,232,34,66,11,1,7,0.35,0.781,0.431,21,23,45,8,3,83,0.284,258,100,66
120,fa,31,,Sam Haggerty,664059,97,16,27,3,3,2,0.346,0.779,0.433,9,10,18,5,2,36,0.278,108,42,34
121,fa,32,,Rhys Hoskins,656555,246,28,61,11,0,12,0.34,0.779,0.439,40,33,78,2,1,117,0.248,288,108,74
122,fa,26,,Alejandro Kirk,672386,232,19,71,8,0,7,0.347,0.778,0.431,34,15,26,0,0,106,0.306,251,100,63
123,fa,30,,Zach McKinstry,656716,232,36,63,10,7,4,0.351,0.778,0.427,21,29,62,8,1,103,0.272,266,99,70
124,fa,29,,Jake Meyers,676694,248,36,77,13,1,3,0.369,0.776,0.407,20,23,48,13,5,100,0.31,276,101,76
125,fa,23,,Tyler Soderstrom,691016,293,41,74,11,1,14,0.335,0.775,0.44,45,33,80,5,0,149,0.253,331,129,79
126,fa,30,,Brandon Lowe,664040,280,46,74,10,0,15,0.314,0.775,0.461,42,20,73,2,1,108,0.264,303,129,73
127,fa,29,,Cody Bellinger,641355,268,37,70,14,3,10,0.326,0.774,0.448,38,27,45,7,2,127,0.261,301,120,71
128,fa,33,,Nick Castellanos,592206,294,36,84,21,1,8,0.327,0.773,0.446,41,17,59,2,0,144,0.286,318,131,77
129,fa,24,,Lawrence Butler,671732,304,44,79,23,1,11,0.32,0.771,0.451,32,27,93,11,3,126,0.26,331,137,75
130,fa,23,,Nolan Schanuel,694384,277,39,77,15,1,6,0.366,0.77,0.404,30,34,41,3,1,98,0.278,320,112,76
131,fa,29,,Jake Bauers,641343,100,13,23,5,0,5,0.339,0.769,0.43,18,17,38,4,0,56,0.23,118,43,48
132,fa,26,,Jo Adell,666176,224,28,50,8,0,16,0.296,0.769,0.473,39,15,62,3,0,91,0.223,248,106,71
133,fa,33,,Mike Trout,545361,187,25,42,2,1,12,0.33,0.769,0.439,28,29,62,2,0,63,0.225,221,82,52
134,fa,25,,Geraldo Perdomo,672695,281,41,73,17,1,8,0.356,0.769,0.413,52,44,39,11,1,108,0.26,339,116,77
135,fa,27,,Isaac Collins,686555,146,22,38,7,1,4,0.363,0.767,0.404,19,22,40,8,3,65,0.26,172,59,60
136,fa,27,,Bo Bichette,666182,326,37,91,19,1,11,0.321,0.766,0.445,48,19,55,4,3,107,0.279,349,145,77
137,fa,30,,Alex Call,669743,150,23,41,7,2,2,0.378,0.765,0.387,17,21,25,1,0,63,0.273,185,58,54
138,fa,28,,Austin Riley,663586,316,44,87,13,1,12,0.327,0.764,0.437,40,22,96,2,1,134,0.275,342,138,77
139,fa,30,,Randy Arozarena,668227,275,35,66,19,1,8,0.358,0.762,0.404,31,38,90,14,0,133,0.24,327,111,75
140,fa,30,,Randy Arozarena,668227,275,35,66,19,1,8,0.358,0.762,0.404,31,38,90,14,0,133,0.24,327,111,75
141,fa,31,,Jake Cronenworth,630105,173,23,42,8,1,6,0.356,0.761,0.405,21,29,42,2,1,73,0.243,209,70,54
142,fa,29,,Ernie Clement,676391,244,32,75,16,0,4,0.337,0.759,0.422,18,11,29,2,3,109,0.307,261,103,75
143,fa,33,,Willson Contreras,575929,278,38,69,18,0,10,0.334,0.755,0.421,50,25,77,3,0,129,0.248,318,117,74
144,fa,25,,Colton Cowser,681297,76,8,16,3,0,6,0.268,0.755,0.487,11,3,27,1,0,28,0.211,82,37,21
145,fa,28,,Trevor Larnach,663616,271,40,70,11,1,11,0.326,0.754,0.428,36,25,66,2,2,115,0.258,302,116,73
146,fa,35,,Jose Altuve,514888,290,36,78,10,0,12,0.326,0.754,0.428,34,25,51,6,5,133,0.269,319,124,75
147,fa,29,,Amed Rosario,642708,119,16,33,7,0,4,0.315,0.752,0.437,16,5,16,1,0,39,0.277,127,52,39
148,fa,29,,Amed Rosario,642708,119,16,33,7,0,4,0.315,0.752,0.437,16,5,16,1,0,39,0.277,127,52,39
149,fa,29,,Amed Rosario,642708,119,16,33,7,0,4,0.315,0.752,0.437,16,5,16,1,0,39,0.277,127,52,39
150,fa,31,,Harrison Bader,664056,191,21,48,10,0,7,0.338,0.752,0.414,27,20,53,7,3,88,0.251,219,79,70
151,fa,30,,Sean Murphy,669221,153,15,34,5,0,9,0.32,0.751,0.431,22,18,53,0,0,72,0.222,178,66,47
152,fa,25,,Miguel Vargas,678246,280,39,67,20,2,10,0.318,0.75,0.432,34,29,53,3,0,119,0.239,314,121,76
153,fa,25,,Miguel Vargas,678246,280,39,67,20,2,10,0.318,0.75,0.432,34,29,53,3,0,119,0.239,314,121,76
154,fa,33,,Ildemaro Vargas,545121,28,5,8,2,0,1,0.286,0.75,0.464,4,0,7,0,0,14,0.286,28,13,9
155,fa,30,,Ian Happ,664023,281,49,69,14,0,11,0.336,0.749,0.413,38,39,73,4,1,100,0.246,324,116,69
156,fa,38,,Andrew McCutchen,457705,247,24,64,13,0,8,0.339,0.748,0.409,28,29,58,1,0,101,0.259,281,101,70
157,fa,28,,Ryan Jeffers,680777,210,24,52,14,0,6,0.347,0.747,0.4,27,28,47,0,0,91,0.248,242,84,62
158,fa,25,,Luis García Jr.,671277,252,36,69,19,0,7,0.314,0.747,0.433,36,15,37,7,4,96,0.274,274,109,70
159,fa,23,,Wyatt Langford,694671,253,32,60,10,0,13,0.315,0.746,0.431,31,28,73,11,3,102,0.237,286,109,66
160,fa,31,,Jorge Polanco,593871,218,26,55,9,0,11,0.3,0.745,0.445,36,14,32,3,2,80,0.252,238,97,64
161,fa,31,,Taylor Ward,621493,291,43,61,15,1,19,0.279,0.743,0.464,53,29,86,1,1,137,0.21,326,135,76
162,fa,34,,Mike Yastrzemski,573262,237,31,60,13,1,6,0.35,0.742,0.392,26,35,58,5,2,101,0.253,274,93,71
163,fa,25,,Sal Frelick,686217,276,36,81,9,3,4,0.351,0.742,0.391,30,21,40,14,2,123,0.293,308,108,76
164,fa,30,,Nathan Lukes,664770,131,19,35,3,0,4,0.358,0.74,0.382,22,17,20,1,2,71,0.267,155,50,52
165,fa,28,,Tyler Stephenson,663886,149,19,36,9,0,6,0.317,0.74,0.423,24,17,61,0,1,54,0.242,167,63,40
166,fa,30,,Andrew Benintendi,643217,184,23,44,9,2,8,0.299,0.739,0.44,29,15,35,0,0,73,0.239,205,81,51
167,fa,25,,Logan O'Hoppe,681351,227,25,53,3,0,17,0.268,0.739,0.471,37,10,80,0,1,95,0.233,239,107,64
168,fa,31,,Jesse Winker,608385,67,8,16,5,2,1,0.321,0.739,0.418,10,9,20,1,0,35,0.239,78,28,24
169,fa,31,,Jesse Winker,608385,67,8,16,5,2,1,0.321,0.739,0.418,10,9,20,1,0,35,0.239,78,28,24
170,fa,25,,Gabriel Moreno,672515,174,29,47,8,1,5,0.324,0.738,0.414,20,13,32,1,1,74,0.27,188,72,53
171,fa,30,,Ryan McMahon,641857,266,32,59,12,1,12,0.327,0.737,0.41,25,41,95,1,1,104,0.222,309,109,76
172,fa,26,,Oneil Cruz,665833,256,41,54,10,1,13,0.326,0.736,0.41,31,42,101,26,3,112,0.211,304,105,70
173,fa,30,,Cedric Mullins,656775,223,31,49,11,0,12,0.306,0.736,0.43,35,26,65,8,2,98,0.22,252,96,62
174,fa,27,,Vinnie Pasquantino,686469,296,31,79,7,1,11,0.327,0.736,0.409,41,23,52,1,0,146,0.267,324,121,77
175,fa,30,,Tommy Edman,669242,214,33,53,10,1,10,0.292,0.736,0.444,38,11,37,3,1,86,0.248,233,95,60
176,fa,27,,Gavin Lux,666158,232,24,61,14,1,4,0.352,0.736,0.384,34,32,62,1,0,101,0.263,264,89,71
177,fa,21,,Jackson Holliday,702616,275,32,73,12,2,9,0.313,0.735,0.422,32,15,69,8,6,86,0.265,294,116,71
178,fa,28,,Alec Bohm,664761,293,32,85,11,1,7,0.328,0.734,0.406,36,15,49,2,0,123,0.29,314,119,75
179,fa,27,,Jesús Sánchez,660821,198,23,49,8,2,7,0.32,0.734,0.414,28,21,50,8,1,91,0.247,222,82,56
180,fa,28,,Luis Urías,649966,198,22,50,7,0,7,0.339,0.733,0.394,17,24,30,2,0,77,0.253,230,78,63
181,fa,21,,Jackson Chourio,694192,335,50,86,22,3,12,0.285,0.733,0.448,46,13,72,15,5,138,0.257,351,150,78
182,fa,23,,Colt Keith,690993,202,32,49,12,1,6,0.332,0.733,0.401,24,28,47,0,0,89,0.243,232,81,69
183,fa,28,,Daniel Schneemann,682177,167,22,39,7,0,8,0.312,0.731,0.419,21,19,47,5,1,65,0.234,187,70,59
184,fa,26,,Dillon Dingler,693307,209,23,57,9,1,7,0.305,0.731,0.426,31,6,57,0,0,92,0.273,220,89,60
185,fa,30,,Miguel Andujar,609280,169,19,50,7,1,3,0.328,0.73,0.402,20,9,23,1,0,56,0.296,180,68,46
186,fa,27,,Shea Langeliers,669127,207,25,49,10,0,10,0.3,0.73,0.43,27,20,43,4,1,108,0.237,230,89,56
187,fa,24,,Kyle Manzardo,700932,221,23,48,11,2,11,0.296,0.73,0.434,31,24,63,1,0,111,0.217,250,96,66
188,fa,36,,Starling Marte,516782,138,19,35,6,0,4,0.346,0.73,0.384,18,12,27,4,2,62,0.254,160,53,51
189,fa,27,,Kerry Carpenter,681481,252,37,62,11,1,13,0.277,0.729,0.452,27,7,58,1,1,110,0.246,267,114,73
190,fa,32,,Mookie Betts,605141,279,50,71,9,1,9,0.338,0.729,0.391,38,35,31,6,0,108,0.254,317,109,72
191,fa,24,,Julio Rodríguez,677594,315,48,80,11,3,11,0.315,0.728,0.413,39,22,69,12,3,145,0.254,343,130,76
192,fa,29,,Thairo Estrada,642731,66,6,19,6,0,1,0.304,0.728,0.424,8,0,11,0,1,26,0.288,69,28,16
193,fa,29,,Kody Clemens,665019,116,16,23,5,1,7,0.288,0.728,0.44,17,12,30,0,1,61,0.198,133,51,50
194,fa,24,,Curtis Mead,678554,96,13,24,2,1,3,0.342,0.727,0.385,8,10,26,3,1,48,0.25,111,37,42
195,fa,27,,Matt Wallner,670242,128,15,26,7,2,6,0.297,0.727,0.43,10,14,43,0,0,38,0.203,145,55,38
196,fa,33,,Wilmer Flores,527038,266,31,67,7,0,11,0.324,0.726,0.402,54,24,54,1,0,120,0.252,296,107,75
197,fa,24,,Rece Hinds,677956,19,2,3,1,0,2,0.2,0.726,0.526,3,1,10,0,0,8,0.158,20,10,7
198,fa,31,,Lourdes Gurriel Jr.,666971,280,25,72,14,1,10,0.304,0.725,0.421,40,18,44,6,1,117,0.257,306,118,72
199,fa,26,,Jung Hoo Lee,808982,286,44,72,17,5,6,0.315,0.724,0.409,34,26,35,6,1,104,0.252,317,117,75
200,fa,24,,Anthony Volpe,683011,275,33,64,20,2,9,0.306,0.724,0.418,41,28,78,8,7,145,0.233,311,115,77
201,fa,26,,Jordan Westburg,676059,131,20,30,4,1,7,0.289,0.724,0.435,14,9,37,1,1,47,0.229,142,57,34
202,fa,32,,Austin Slater,596103,68,10,16,5,0,2,0.325,0.722,0.397,5,9,26,0,0,37,0.235,78,27,32
203,fa,32,,Austin Slater,596103,68,10,16,5,0,2,0.325,0.722,0.397,5,9,26,0,0,37,0.235,78,27,32
204,fa,32,,Austin Slater,596103,68,10,16,5,0,2,0.325,0.722,0.397,5,9,26,0,0,37,0.235,78,27,32
205,fa,24,,Ceddanne Rafaela,678882,254,41,65,13,2,8,0.304,0.721,0.417,30,14,58,11,1,106,0.256,276,106,75
206,fa,25,,Austin Wells,669224,218,26,48,13,1,11,0.28,0.72,0.44,44,16,61,3,1,106,0.22,246,96,66
207,fa,26,,Dylan Carlson,666185,100,10,26,4,0,4,0.299,0.719,0.42,12,6,28,2,2,36,0.26,107,42,37
208,fa,26,,Dylan Carlson,666185,100,10,26,4,0,4,0.299,0.719,0.42,12,6,28,2,2,36,0.26,107,42,37
209,fa,34,,Nolan Arenado,571448,279,37,70,11,1,10,0.313,0.718,0.405,39,23,32,1,0,140,0.251,307,113,73
210,fa,30,,Mauricio Dubón,643289,145,19,37,9,0,5,0.297,0.718,0.421,18,9,13,2,0,79,0.255,156,61,55
211,fa,33,,Randal Grichuk,545341,115,17,28,10,1,3,0.291,0.717,0.426,15,9,26,0,0,50,0.243,127,49,50
212,fa,24,,Brooks Lee,686797,223,20,62,7,0,7,0.312,0.716,0.404,28,11,46,1,1,84,0.278,237,90,62
213,fa,25,,Brice Turang,668930,285,50,78,11,0,5,0.351,0.716,0.365,31,35,72,16,6,100,0.274,326,104,76
214,fa,29,,Edmundo Sosa,624641,104,12,29,6,0,2,0.321,0.715,0.394,16,6,23,0,0,34,0.279,113,41,39
215,fa,28,,Jarren Duran,680776,335,40,86,19,8,5,0.309,0.715,0.406,38,21,86,15,5,117,0.257,364,136,79
216,fa,27,,Will Benson,666181,108,15,23,5,0,6,0.288,0.714,0.426,21,12,34,1,2,51,0.213,125,46,37
217,fa,27,,Lars Nootbaar,663457,288,42,66,13,0,10,0.335,0.713,0.378,33,43,73,4,4,136,0.229,337,109,75
218,fa,27,,Brandon Marsh,669016,148,20,38,9,1,2,0.341,0.713,0.372,16,20,42,3,1,66,0.257,171,55,58
219,fa,22,,Jasson Domínguez,691176,211,32,51,11,0,6,0.333,0.712,0.379,27,30,69,10,1,98,0.242,246,80,65
220,fa,31,,Dansby Swanson,621020,294,43,70,10,1,14,0.29,0.712,0.422,39,23,87,7,2,136,0.238,322,124,77
221,fa,27,,Leo Rivas,660844,60,14,17,1,0,0,0.411,0.711,0.3,4,12,15,4,0,35,0.283,73,18,30
222,fa,31,,Corey Seager,608369,175,20,41,6,0,7,0.322,0.711,0.389,16,22,41,0,0,74,0.234,199,68,47
223,fa,27,,William Contreras,661388,266,38,65,11,0,6,0.358,0.711,0.353,34,49,62,5,0,118,0.244,318,94,74
224,fa,30,,Ty France,664034,278,34,74,14,0,6,0.328,0.709,0.381,42,13,46,1,0,115,0.266,305,106,76
225,fa,30,,Ty France,664034,278,34,74,14,0,6,0.328,0.709,0.381,42,13,46,1,0,115,0.266,305,106,76
226,fa,35,,Giancarlo Stanton,519317,23,0,7,1,0,0,0.36,0.708,0.348,1,2,9,0,0,15,0.304,25,8,7
227,fa,26,,Christopher Morel,666624,156,24,35,11,0,6,0.297,0.707,0.41,18,14,59,4,2,61,0.224,172,64,57
228,fa,26,,Christopher Morel,666624,156,24,35,11,0,6,0.297,0.707,0.41,18,14,59,4,2,61,0.224,172,64,57
229,fa,30,,Jake Fraley,641584,125,24,28,4,0,5,0.331,0.707,0.376,17,19,28,4,2,44,0.224,145,47,47
230,fa,23,,Ezequiel Tovar,678662,128,14,33,6,2,3,0.301,0.707,0.406,10,7,30,2,2,41,0.258,138,52,32
231,fa,31,,Tomás Nido,621512,35,4,12,0,0,0,0.361,0.704,0.343,2,0,10,0,0,15,0.343,37,12,11
232,fa,31,,Tomás Nido,621512,35,4,12,0,0,0,0.361,0.704,0.343,2,0,10,0,0,15,0.343,37,12,11
233,fa,32,,Dylan Moore,664238,153,23,35,4,0,8,0.29,0.702,0.412,16,14,56,9,4,71,0.229,169,63,59
234,fa,31,,Victor Caratini,605170,163,17,41,7,0,5,0.315,0.702,0.387,17,10,32,0,0,68,0.252,181,63,52
235,fa,29,,Nathaniel Lowe,663993,298,33,69,12,0,13,0.298,0.701,0.403,52,28,88,1,0,117,0.232,329,120,79
236,fa,28,,Luis Arraez,650333,294,36,82,16,4,3,0.309,0.7,0.391,29,13,6,3,1,118,0.279,315,115,72
237,fa,28,,Luis Arraez,650333,294,36,82,16,4,3,0.309,0.7,0.391,29,13,6,3,1,118,0.279,315,115,72
238,fa,25,,Nolan Gorman,669357,142,21,30,8,1,5,0.311,0.698,0.387,20,22,49,0,1,80,0.211,167,55,50
239,fa,27,,Josh Lowe,666139,126,24,29,7,0,4,0.317,0.698,0.381,12,15,33,5,1,56,0.23,143,48,35
240,fa,30,,Carlos Correa,621043,245,29,64,14,0,6,0.305,0.697,0.392,24,16,51,0,0,121,0.261,262,96,67
241,fa,23,,Masyn Winn,691026,254,47,64,13,0,6,0.322,0.696,0.374,25,24,52,4,5,101,0.252,284,95,67
242,fa,32,,Max Kepler,596146,232,32,49,14,0,9,0.303,0.691,0.388,27,28,54,0,0,116,0.211,264,90,71
243,fa,27,,Adley Rutschman,668939,242,31,55,9,1,8,0.319,0.691,0.372,20,32,45,0,0,94,0.227,276,90,68
244,fa,28,,Luken Baker,663609,34,3,8,3,0,0,0.366,0.69,0.324,2,7,10,0,0,22,0.235,41,11,19
245,fa,24,,José Tena,677588,137,18,34,12,2,0,0.325,0.69,0.365,13,15,33,2,1,55,0.248,154,50,44
246,fa,24,,José Tena,677588,137,18,34,12,2,0,0.325,0.69,0.365,13,15,33,2,1,55,0.248,154,50,44
247,fa,25,,Xavier Edwards,669364,242,28,70,7,1,0,0.363,0.689,0.326,16,28,40,14,6,69,0.289,275,79,61
248,fa,25,,Zach Dezenzo,701305,98,17,24,6,0,2,0.321,0.688,0.367,10,11,37,1,0,50,0.245,109,36,34
249,fa,32,,Adolis García,666969,262,26,61,17,0,9,0.285,0.686,0.401,37,18,71,7,2,124,0.233,288,105,74
250,fa,31,,Ramón Urías,602104,184,20,47,7,0,5,0.311,0.686,0.375,25,17,42,1,0,91,0.255,209,69,55
251,fa,39,,Carlos Santana,467793,250,34,59,6,0,8,0.329,0.685,0.356,36,33,51,4,0,110,0.236,289,89,71
252,fa,32,,Eric Haase,606992,47,6,11,2,0,2,0.28,0.684,0.404,7,3,21,0,0,16,0.234,51,19,22
253,fa,30,,Matt Thaiss,642136,117,15,27,5,0,1,0.385,0.684,0.299,13,28,36,1,1,48,0.231,149,35,45
254,fa,28,,Nico Hoerner,663538,285,41,82,17,1,0,0.33,0.684,0.354,31,15,22,14,3,110,0.288,306,101,74
255,fa,28,,Max Schuemann,680474,79,10,18,1,2,1,0.354,0.683,0.329,5,14,15,3,1,38,0.228,96,26,53
256,fa,30,,Rowdy Tellez,642133,173,20,36,6,0,11,0.249,0.683,0.434,27,8,49,1,0,86,0.208,185,75,62
257,fa,34,,J.T. Realmuto,592663,238,29,59,11,1,5,0.317,0.683,0.366,27,22,63,4,1,97,0.248,262,87,64
258,fa,25,,Mark Vientos,668901,187,22,43,8,1,6,0.298,0.678,0.38,21,17,49,0,0,86,0.23,208,71,53
259,fa,27,,Spencer Horwitz,687462,110,14,28,8,0,1,0.322,0.677,0.355,9,10,30,0,0,50,0.255,121,39,31
260,fa,25,,Lenyn Sosa,672820,226,20,61,12,1,4,0.289,0.674,0.385,17,6,56,1,0,105,0.27,233,87,64
261,fa,30,,Isiah Kiner-Falefa,643396,225,22,62,10,2,1,0.322,0.673,0.351,18,12,38,9,3,89,0.276,245,79,67
262,fa,32,,Xander Bogaerts,593428,273,33,68,15,0,4,0.325,0.673,0.348,28,32,52,13,1,130,0.249,311,95,77
263,fa,30,,Isiah Kiner-Falefa,643396,225,22,62,10,2,1,0.322,0.673,0.351,18,12,38,9,3,89,0.276,245,79,67
264,fa,27,,Eric Wagaman,676572,267,29,68,16,1,5,0.295,0.673,0.378,28,17,54,2,1,111,0.255,288,101,71
265,fa,35,,Salvador Perez,521692,289,19,68,19,0,9,0.277,0.671,0.394,41,14,65,0,0,133,0.235,308,114,74
266,fa,29,,Derek Hill,656537,73,11,17,4,0,2,0.3,0.67,0.37,5,6,29,6,0,41,0.233,82,27,23
267,fa,29,,Derek Hill,656537,73,11,17,4,0,2,0.3,0.67,0.37,5,6,29,6,0,41,0.233,82,27,23
268,fa,29,,Derek Hill,656537,73,11,17,4,0,2,0.3,0.67,0.37,5,6,29,6,0,41,0.233,82,27,23
269,fa,25,,Brett Baty,683146,171,17,37,4,2,8,0.266,0.67,0.404,24,11,49,3,0,74,0.216,185,69,57
270,fa,30,,Bryan Reynolds,668804,288,26,66,12,2,8,0.301,0.669,0.368,39,29,84,3,2,124,0.229,322,106,74
271,fa,26,,Nick Loftin,679845,52,7,11,3,2,1,0.263,0.667,0.404,5,4,10,1,1,19,0.212,57,21,18
272,fa,37,,Donovan Solano,456781,105,6,27,3,0,3,0.295,0.666,0.371,13,5,25,0,0,61,0.257,112,39,44
273,fa,28,,Nick Fortes,663743,94,9,23,4,1,2,0.294,0.666,0.372,9,6,14,0,0,42,0.245,103,35,38
274,fa,33,,Enrique Hernández,571771,147,21,31,5,0,7,0.278,0.666,0.388,18,14,42,0,0,74,0.211,163,57,64
275,fa,25,,Bo Naylor,666310,174,25,31,6,1,9,0.286,0.665,0.379,20,27,57,1,1,71,0.178,204,66,58
276,fa,27,,JJ Bleday,668709,197,29,39,10,0,8,0.293,0.664,0.371,22,27,53,1,2,79,0.198,225,73,59
277,fa,26,,Otto Lopez,672640,224,28,54,7,0,6,0.31,0.663,0.353,27,22,35,8,3,92,0.241,248,79,61
278,fa,30,,Eli White,642201,160,24,39,7,3,3,0.28,0.661,0.381,15,7,39,5,1,73,0.244,169,61,60
279,fa,28,,José Caballero,676609,175,26,39,11,1,2,0.328,0.659,0.331,22,25,60,29,6,83,0.223,205,58,64
280,fa,30,,Danny Jansen,643376,163,17,32,5,0,7,0.303,0.659,0.356,19,22,46,0,0,85,0.196,188,58,52
281,fa,30,,Danny Jansen,643376,163,17,32,5,0,7,0.303,0.659,0.356,19,22,46,0,0,85,0.196,188,58,52
282,fa,27,,Josh Jung,673962,251,24,60,10,1,7,0.287,0.658,0.371,30,15,64,4,1,105,0.239,268,93,68
283,fa,36,,DJ LeMahieu,518934,98,9,24,3,0,2,0.321,0.658,0.337,10,11,24,0,0,49,0.245,109,33,33
284,fa,24,,Victor Scott II,687363,227,34,55,8,1,3,0.331,0.657,0.326,24,23,71,22,1,90,0.242,264,74,73
285,fa,26,,Korey Lee,686676,28,7,7,3,0,0,0.3,0.657,0.357,1,2,5,0,0,13,0.25,31,10,14
286,fa,26,,Enmanuel Valdez,665839,91,7,19,4,2,2,0.294,0.657,0.363,12,11,16,0,0,38,0.209,102,33,31
287,fa,29,,Jake Burger,669394,236,27,52,13,0,10,0.253,0.656,0.403,29,8,65,1,1,99,0.22,249,95,65
288,fa,27,,Bryson Stott,681082,262,32,63,8,2,5,0.31,0.654,0.344,34,26,52,12,3,112,0.24,291,90,71
289,fa,25,,Gabriel Arias,672356,239,27,55,16,0,5,0.293,0.653,0.36,27,17,82,3,3,91,0.23,264,86,71
290,fa,33,,Adam Frazier,624428,213,20,54,9,0,3,0.315,0.653,0.338,20,15,37,6,5,69,0.254,236,72,68
291,fa,23,,Francisco Alvarez,682626,123,10,29,3,0,3,0.319,0.652,0.333,11,13,38,0,0,55,0.236,138,41,35
292,fa,33,,Gio Urshela,570482,105,4,25,10,1,0,0.298,0.65,0.352,14,9,19,0,0,52,0.238,116,37,35
293,fa,33,,Gio Urshela,570482,105,4,25,10,1,0,0.298,0.65,0.352,14,9,19,0,0,52,0.238,116,37,35
294,fa,25,,Connor Norby,681393,194,25,46,10,1,4,0.288,0.649,0.361,20,11,59,6,2,80,0.237,208,70,55
295,fa,25,,Connor Norby,681393,194,25,46,10,1,4,0.288,0.649,0.361,20,11,59,6,2,80,0.237,208,70,55
296,fa,26,,Michael Toglia,669911,214,17,43,9,1,9,0.27,0.649,0.379,26,20,91,3,0,84,0.201,237,81,61
297,fa,30,,Cooper Hummel,669450,15,2,2,0,0,1,0.316,0.649,0.333,2,3,9,0,0,9,0.133,20,5,9
298,fa,30,,Chas McCormick,676801,43,6,11,2,0,0,0.347,0.649,0.302,2,5,14,1,3,19,0.256,53,13,36
299,fa,34,,Michael A. Taylor,572191,140,20,29,9,1,4,0.277,0.648,0.371,17,14,59,7,2,60,0.207,156,52,68
300,fa,25,,Alek Thomas,677950,200,22,49,9,2,3,0.293,0.648,0.355,19,10,52,4,2,92,0.245,216,71,68
301,fa,34,,Christian Walker,572233,285,32,62,10,1,10,0.283,0.648,0.365,37,22,86,0,0,138,0.218,314,104,75
302,fa,32,,Trevor Story,596115,294,35,69,7,0,11,0.277,0.648,0.371,39,14,95,11,0,136,0.235,312,109,76
303,fa,26,,Yainer Diaz,673237,263,29,62,9,1,9,0.268,0.648,0.38,30,10,52,0,1,128,0.236,276,100,68
304,fa,23,,Kyren Paris,677347,126,20,24,4,1,6,0.266,0.647,0.381,11,10,59,7,1,31,0.19,140,48,43
305,fa,28,,Jonathan India,663697,269,29,64,13,0,4,0.315,0.646,0.331,22,28,43,0,3,74,0.238,302,89,70
306,fa,27,,Spencer Steer,668715,264,30,62,12,1,6,0.29,0.646,0.356,26,20,72,6,1,108,0.235,286,94,72
307,fa,27,,Yordan Alvarez,670541,100,7,21,4,0,3,0.306,0.646,0.34,18,16,21,1,0,36,0.21,121,34,29
308,fa,28,,Joey Bart,663698,166,9,40,5,1,1,0.344,0.645,0.301,13,23,48,1,0,78,0.241,192,50,50
309,fa,26,,Drew Waters,671221,187,21,49,6,3,1,0.303,0.645,0.342,14,9,51,5,2,86,0.262,198,64,61
310,fa,26,,Davis Schneider,676914,42,7,8,1,0,1,0.358,0.644,0.286,5,10,15,0,0,28,0.19,53,12,20
311,fa,30,,Freddy Fermin,666023,132,12,34,4,0,2,0.31,0.643,0.333,8,9,23,0,1,51,0.258,143,44,45
312,fa,29,,Daniel Johnson,669288,21,4,4,1,0,1,0.261,0.642,0.381,1,2,7,1,0,3,0.19,23,8,10
313,fa,29,,Willy Adames,642715,288,42,60,11,1,9,0.294,0.641,0.347,33,36,86,3,2,114,0.208,331,100,77
314,fa,36,,Miguel Rojas,500743,101,11,24,4,0,3,0.274,0.64,0.366,8,5,15,0,0,51,0.238,107,37,46
315,fa,34,,Kyle Farmer,571657,172,8,40,14,0,3,0.273,0.639,0.366,17,9,39,0,0,73,0.233,183,63,56
316,fa,34,,Marcus Semien,543760,275,29,61,8,1,7,0.303,0.638,0.335,32,32,58,6,1,104,0.222,314,92,78
317,fa,25,,Justyn-Henry Malloy,669234,93,13,20,4,0,1,0.348,0.638,0.29,16,19,31,0,0,36,0.215,115,27,45
318,fa,27,,Matt Mervis,670223,120,15,21,4,0,7,0.254,0.637,0.383,14,11,50,0,0,61,0.175,134,46,42
319,fa,32,,Josh Bell,605137,233,23,46,4,1,10,0.282,0.634,0.352,28,25,48,0,1,106,0.197,262,82,67
320,fa,32,,Josh Bell,605137,233,23,46,4,1,10,0.282,0.634,0.352,28,25,48,0,1,106,0.197,262,82,67
321,fa,28,,Kyle Isbel,664728,181,19,45,6,3,3,0.268,0.633,0.365,15,6,35,2,1,74,0.249,198,66,68
322,fa,30,,Myles Straw,664702,129,19,34,7,0,1,0.291,0.632,0.341,14,5,17,5,1,62,0.264,139,44,61
323,fa,29,,Miles Mastrobuoni,670156,120,17,30,3,0,1,0.331,0.631,0.3,9,15,22,4,3,48,0.25,139,36,57
324,fa,33,,Jorge Soler,624585,237,25,49,10,0,8,0.28,0.63,0.35,26,22,79,0,0,102,0.207,265,83,67
325,fa,33,,Jorge Soler,624585,237,25,49,10,0,8,0.28,0.63,0.35,26,22,79,0,0,102,0.207,265,83,67
326,fa,26,,Oswaldo Cabrera,665828,107,17,26,4,0,1,0.322,0.63,0.308,11,11,25,0,1,51,0.243,122,33,34
327,fa,23,,Angel Martínez,682657,209,24,50,10,1,5,0.261,0.629,0.368,25,6,45,5,0,86,0.239,220,77,60
328,fa,28,,Ryan Mountcastle,663624,187,19,46,13,0,2,0.28,0.628,0.348,15,8,46,1,0,81,0.246,200,65,52
329,fa,26,,Pedro Pagés,686780,181,22,40,9,0,5,0.272,0.626,0.354,22,12,47,0,0,96,0.221,197,64,59
330,fa,28,,Ozzie Albies,645277,298,34,67,11,1,6,0.297,0.626,0.329,27,28,56,7,1,140,0.225,330,98,77
331,fa,27,,Nolan Jones,666134,176,13,38,8,1,3,0.302,0.626,0.324,19,20,51,4,3,72,0.216,200,57,68
332,fa,34,,Mitch Garver,641598,120,13,25,3,0,3,0.317,0.625,0.308,16,18,41,3,0,67,0.208,139,37,44
333,fa,29,,Luis Torrens,620443,131,7,29,9,1,1,0.297,0.625,0.328,13,13,31,0,0,52,0.221,145,43,47
334,fa,28,,Victor Robles,645302,44,3,12,3,0,0,0.283,0.624,0.341,3,0,7,3,0,17,0.273,46,15,10
335,fa,28,,Victor Robles,645302,44,3,12,3,0,0,0.283,0.624,0.341,3,0,7,3,0,17,0.273,46,15,10
336,fa,29,,Jonah Heim,641680,196,17,44,5,0,7,0.263,0.62,0.357,20,10,48,3,0,68,0.224,209,70,59
337,fa,23,,Dylan Crews,686611,158,24,31,2,1,7,0.266,0.62,0.354,15,11,48,11,3,80,0.196,173,56,45
338,fa,31,,Tyrone Taylor,621438,211,22,48,10,3,2,0.287,0.619,0.332,15,10,50,9,1,85,0.227,232,70,71
339,fa,27,,Kameron Misner,670224,197,27,42,9,1,5,0.273,0.618,0.345,22,16,69,8,1,92,0.213,217,68,71
340,fa,30,,Manuel Margot,622534,19,1,6,0,0,0,0.3,0.616,0.316,3,0,6,0,0,3,0.316,20,6,6
341,fa,32,,Gary Sánchez,596142,53,7,11,0,0,2,0.295,0.616,0.321,11,2,16,0,0,13,0.208,61,17,20
342,fa,22,,Javier Sanoja,691594,156,18,37,10,1,1,0.278,0.611,0.333,15,10,25,3,4,61,0.237,173,52,61
343,fa,28,,Keston Hiura,669374,18,3,4,1,0,0,0.333,0.611,0.278,1,0,7,0,0,5,0.222,21,5,8
344,fa,29,,Bobby Dalbec,666915,18,2,4,1,0,0,0.333,0.611,0.278,1,3,6,0,0,2,0.222,21,5,7
345,fa,32,,Andy Ibáñez,628451,94,14,20,4,0,2,0.292,0.611,0.319,15,7,14,3,0,47,0.213,106,30,46
346,fa,28,,David Villar,681584,20,4,4,1,0,0,0.36,0.61,0.25,1,4,5,0,0,9,0.2,25,5,9
347,fa,27,,Tyler Fitzgerald,666149,178,17,41,8,1,2,0.289,0.609,0.32,10,13,53,9,4,78,0.23,200,57,57
348,fa,28,,Taylor Walls,670764,176,25,39,7,1,2,0.302,0.609,0.307,25,22,43,9,6,77,0.222,203,54,66
349,fa,27,,Nick Sogard,686765,49,8,12,3,0,0,0.302,0.608,0.306,2,2,9,0,0,18,0.245,53,15,14
350,fa,26,,Edouard Julien,666397,91,8,18,5,0,2,0.288,0.607,0.319,8,11,29,0,2,47,0.198,104,29,29
351,fa,29,,Alex Verdugo,657077,182,20,45,10,0,0,0.305,0.607,0.302,12,13,28,1,0,73,0.247,197,55,51
352,fa,25,,Parker Meadows,678009,58,8,10,2,1,2,0.262,0.607,0.345,7,7,16,2,0,16,0.172,65,20,17
353,fa,25,,Dustin Harris,687957,35,4,7,2,0,1,0.263,0.606,0.343,1,3,11,1,1,13,0.2,38,12,16
354,fa,30,,Tyler O'Neill,641933,80,9,15,3,1,2,0.28,0.605,0.325,10,9,27,2,0,34,0.188,93,26,24
355,fa,25,,Jacob Young,696285,142,17,34,5,1,0,0.316,0.605,0.289,6,14,22,6,8,54,0.239,165,41,55
356,fa,28,,Nick Maton,665155,54,5,9,2,0,2,0.286,0.601,0.315,4,9,19,0,1,22,0.167,63,17,25
357,fa,27,,Sam Huff,669087,53,5,11,1,0,2,0.259,0.599,0.34,4,4,25,0,0,26,0.208,58,18,20
358,fa,25,,Henry Davis,680779,101,12,19,3,0,4,0.261,0.598,0.337,11,9,27,0,0,56,0.188,114,34,34
359,fa,26,,Keibert Ruiz,660688,247,19,61,12,0,2,0.278,0.598,0.32,24,8,24,0,2,97,0.247,259,79,66
360,fa,29,,Joshua Palacios,641943,128,11,26,4,0,3,0.292,0.597,0.305,9,12,36,0,0,63,0.203,145,39,51
361,fa,36,,Travis d'Arnaud,518595,115,6,24,6,0,3,0.258,0.597,0.339,10,6,41,0,0,54,0.209,124,39,36
362,fa,28,,James Outman,681546,24,5,3,0,0,2,0.222,0.597,0.375,4,3,13,0,0,9,0.125,27,9,9
363,fa,29,,José Azocar,640492,19,5,5,0,0,0,0.333,0.596,0.263,1,2,1,1,0,15,0.263,21,5,14
364,fa,25,,Ryan Bliss,669208,35,1,7,1,0,1,0.282,0.596,0.314,3,4,11,2,2,15,0.2,39,11,11
365,fa,25,,Christian Encarnacion-Strand,687952,102,10,20,3,0,5,0.222,0.595,0.373,12,2,25,0,2,47,0.196,108,38,27
366,fa,25,,Trey Sweeney,700242,203,27,45,5,1,4,0.278,0.593,0.315,23,17,57,2,1,95,0.222,223,64,69
367,fa,30,,Tyler Wade,642180,100,12,22,1,2,0,0.322,0.592,0.27,9,14,30,1,2,45,0.22,119,27,51
368,fa,28,,Andruw Monasterio,655316,26,4,5,2,0,0,0.323,0.592,0.269,2,5,7,0,0,16,0.192,31,7,19
369,fa,34,,Elias Díaz,553869,160,20,33,5,0,4,0.278,0.591,0.313,11,15,46,0,0,87,0.206,177,50,61
370,fa,34,,Elias Díaz,553869,160,20,33,5,0,4,0.278,0.591,0.313,11,15,46,0,0,87,0.206,177,50,61
371,fa,25,,Alexander Canario,672744,140,15,30,3,1,3,0.276,0.59,0.314,10,12,49,2,1,74,0.214,152,44,46
372,fa,30,,Weston Wilson,642215,36,3,7,0,0,1,0.31,0.588,0.278,4,6,13,0,0,18,0.194,42,10,22
373,fa,26,,Royce Lewis,668904,99,10,20,4,0,2,0.282,0.585,0.303,9,11,16,0,0,46,0.202,110,30,30
374,fa,30,,Santiago Espinal,669289,221,19,54,10,0,0,0.295,0.585,0.29,12,16,25,2,1,105,0.244,239,64,69
375,fa,29,,Ryan Noda,676116,19,1,2,0,0,1,0.32,0.583,0.263,1,6,12,0,0,6,0.105,25,5,9
376,fa,23,,Jonatan Clase,682729,84,8,17,3,0,2,0.272,0.582,0.31,7,7,25,3,0,33,0.202,93,26,27
377,fa,23,,Jonatan Clase,682729,84,8,17,3,0,2,0.272,0.582,0.31,7,7,25,3,0,33,0.202,93,26,27
378,fa,34,,Nick Martini,605361,102,9,23,4,0,1,0.288,0.582,0.294,4,9,18,0,0,31,0.225,111,30,43
379,fa,26,,Garrett Mitchell,669003,68,9,14,4,1,0,0.286,0.58,0.294,3,7,25,3,0,23,0.206,78,20,25
380,fa,25,,Triston Casas,671213,99,5,18,3,0,3,0.277,0.58,0.303,11,11,27,0,0,41,0.182,112,30,29
381,fa,35,,Kyle Higashioka,543309,120,10,27,6,0,1,0.279,0.579,0.3,16,7,22,0,0,51,0.225,129,36,38
382,fa,24,,Michael Harris II,671739,294,17,65,11,2,6,0.245,0.578,0.333,43,10,63,11,3,144,0.221,313,98,77
383,fa,28,,Emmanuel Rivera,656896,69,3,16,3,0,0,0.303,0.578,0.275,3,6,12,1,0,29,0.232,76,19,26
384,fa,28,,Emmanuel Rivera,656896,69,3,16,3,0,0,0.303,0.578,0.275,3,6,12,1,0,29,0.232,76,19,26
385,fa,30,,Anthony Santander,623993,184,14,33,5,0,6,0.273,0.577,0.304,18,24,55,0,0,107,0.179,209,56,50
386,fa,24,,Johan Rojas,679032,121,17,27,2,2,1,0.278,0.576,0.298,15,10,34,9,2,63,0.223,137,36,57
387,fa,23,,Luisangel Acuña,682668,145,23,35,6,0,0,0.293,0.576,0.283,6,10,29,11,1,78,0.241,158,41,65
388,fa,27,,Jared Triolo,669707,120,11,21,6,0,3,0.275,0.575,0.3,9,16,22,5,1,58,0.175,140,36,48
389,fa,34,,Travis Jankowski,608671,45,7,11,2,0,0,0.286,0.575,0.289,2,3,12,2,0,16,0.244,49,13,21
390,fa,24,,Brooks Baldwin,681460,133,9,28,6,0,3,0.252,0.575,0.323,16,7,41,2,0,67,0.211,145,43,47
391,fa,26,,Andrés Giménez,665926,177,22,34,6,0,4,0.28,0.574,0.294,14,14,32,9,1,89,0.192,201,52,51
392,fa,27,,Luis Robert Jr.,673357,245,26,45,8,0,7,0.271,0.573,0.302,31,29,88,22,6,121,0.184,281,74,71
393,fa,23,,Luis Matos,682641,72,9,12,2,0,4,0.211,0.572,0.361,7,4,10,2,0,35,0.167,76,26,24
394,fa,36,,Mark Canha,592192,97,8,23,3,0,0,0.303,0.571,0.268,4,7,20,0,1,48,0.237,109,26,41
395,fa,36,,Mark Canha,592192,97,8,23,3,0,0,0.303,0.571,0.268,4,7,20,0,1,48,0.237,109,26,41
396,fa,28,,Ke'Bryan Hayes,663647,268,22,62,4,2,2,0.285,0.569,0.284,22,16,59,9,2,123,0.231,289,76,73
397,fa,28,,Jose Herrera,645444,95,11,18,4,0,1,0.306,0.569,0.263,8,16,28,0,0,38,0.189,118,25,33
398,fa,34,,Chris Taylor,621035,65,10,13,5,0,1,0.246,0.569,0.323,5,1,26,1,1,28,0.2,69,21,38
399,fa,26,,Heston Kjerstad,677008,156,16,30,5,2,4,0.24,0.567,0.327,19,6,45,1,0,86,0.192,167,51,54
400,fa,27,,Brenton Doyle,686668,253,26,50,10,2,5,0.255,0.567,0.312,25,20,69,8,0,95,0.198,275,79,66
401,fa,32,,Seth Brown,664913,65,6,12,2,0,1,0.303,0.565,0.262,3,9,23,1,0,38,0.185,76,17,38
402,fa,32,,Michael Conforto,624424,212,27,35,10,0,4,0.296,0.565,0.269,13,33,63,1,0,97,0.165,253,57,68
403,fa,37,,Tommy Pham,502054,162,15,35,6,0,1,0.293,0.565,0.272,14,18,48,3,1,73,0.216,184,44,53
404,fa,37,,Tommy Pham,502054,162,15,35,6,0,1,0.293,0.565,0.272,14,18,48,3,1,73,0.216,184,44,53
405,fa,37,,Tommy Pham,502054,162,15,35,6,0,1,0.293,0.565,0.272,14,18,48,3,1,73,0.216,184,44,53
406,fa,34,,Tucker Barnhart,571466,13,0,3,0,0,0,0.333,0.564,0.231,0,1,4,0,0,11,0.231,15,3,8
407,fa,35,,Jose Iglesias,578428,146,10,34,5,0,0,0.296,0.563,0.267,19,9,26,2,1,55,0.233,164,39,54
408,fa,23,,Jordan Walker,691023,176,21,37,4,1,3,0.267,0.562,0.295,23,12,63,3,2,94,0.21,191,52,55
409,fa,30,,Jake Rogers,668670,48,6,9,2,1,0,0.291,0.562,0.271,4,7,11,0,0,18,0.188,55,13,18
410,fa,28,,Luis Rengifo,650859,242,20,53,7,0,4,0.263,0.561,0.298,18,14,45,2,5,80,0.219,260,72,71
411,fa,26,,Nick Allen,669397,197,21,44,7,0,0,0.297,0.556,0.259,13,19,48,6,4,85,0.223,225,51,68
412,fa,26,,Blake Dunn,694362,60,10,9,2,0,1,0.32,0.553,0.233,7,8,25,1,1,29,0.15,75,14,30
413,fa,25,,Michael Siani,672279,17,4,4,0,0,0,0.316,0.551,0.235,0,2,7,0,0,5,0.235,19,4,19
414,fa,32,,Connor Joe,656582,58,2,12,4,0,0,0.273,0.549,0.276,4,6,17,2,2,28,0.207,66,16,29
415,fa,26,,Rafael Marchán,665561,49,5,8,2,0,1,0.281,0.546,0.265,5,7,10,0,0,32,0.163,57,13,20
416,fa,24,,Graham Pauley,688363,81,6,17,6,0,0,0.261,0.545,0.284,5,6,21,0,0,36,0.21,89,23,28
417,fa,31,,LaMonte Wade Jr.,664774,163,15,28,8,2,1,0.28,0.544,0.264,15,22,43,1,0,83,0.172,191,43,59
418,fa,28,,Brendan Rodgers,663898,115,12,22,4,0,2,0.266,0.544,0.278,11,11,46,0,1,66,0.191,128,32,43
419,fa,30,,Cavan Biggio,624415,69,9,12,2,0,1,0.296,0.542,0.246,4,11,21,1,0,32,0.174,83,17,37
420,fa,30,,Cavan Biggio,624415,69,9,12,2,0,1,0.296,0.542,0.246,4,11,21,1,0,32,0.174,83,17,37
421,fa,30,,Cavan Biggio,624415,69,9,12,2,0,1,0.296,0.542,0.246,4,11,21,1,0,32,0.174,83,17,37
422,fa,26,,Joey Ortiz,687401,245,29,52,8,0,2,0.272,0.541,0.269,14,17,46,8,3,114,0.212,270,66,77
423,fa,40,,Justin Turner,457759,101,7,20,2,0,1,0.286,0.534,0.248,12,13,20,1,0,41,0.198,119,25,42
424,fa,40,,Justin Turner,457759,101,7,20,2,0,1,0.286,0.534,0.248,12,13,20,1,0,41,0.198,119,25,42
425,fa,27,,Andrew Vaughn,683734,185,9,35,8,0,5,0.218,0.532,0.314,19,7,43,0,0,91,0.189,193,58,48
426,fa,26,,Patrick Bailey,672275,173,19,33,9,1,1,0.259,0.531,0.272,16,17,62,0,0,80,0.191,195,47,60
427,fa,25,,Jarred Kelenic,672284,60,7,10,2,0,2,0.231,0.531,0.3,2,5,23,0,1,27,0.167,65,18,23
428,fa,26,,Leody Taveras,665750,171,13,35,6,1,3,0.226,0.53,0.304,17,5,50,9,3,71,0.205,180,52,58
429,fa,38,,Martín Maldonado,455117,103,7,19,3,0,3,0.229,0.53,0.301,7,6,40,0,0,35,0.184,113,31,44
430,fa,23,,Coby Mayo,691723,56,4,11,4,0,0,0.262,0.53,0.268,4,5,16,1,0,28,0.196,61,15,18
431,fa,31,,Paul DeJong,657557,54,3,11,4,0,0,0.246,0.524,0.278,2,2,24,2,0,24,0.204,57,15,16
432,fa,31,,Paul DeJong,657557,54,3,11,4,0,0,0.246,0.524,0.278,2,2,24,2,0,24,0.204,57,15,16
433,fa,30,,Orlando Arcia,606115,88,5,18,2,1,1,0.239,0.523,0.284,5,4,18,0,0,39,0.205,92,25,31
434,fa,29,,Stuart Fairchild,656413,33,7,6,1,1,0,0.25,0.523,0.273,2,3,9,2,1,16,0.182,36,9,22
435,fa,24,,Jorge Barrosa,678489,15,1,3,2,0,0,0.188,0.521,0.333,4,0,5,0,0,6,0.2,16,5,5
436,fa,34,,Christian Vázquez,543877,123,10,22,6,0,2,0.244,0.52,0.276,9,11,24,0,1,63,0.179,135,34,41
437,fa,28,,Brandon Lockridge,663604,88,9,19,4,0,0,0.258,0.519,0.261,5,4,24,8,1,38,0.216,95,23,47
438,fa,25,,Oswald Peraza,672724,114,13,18,5,0,3,0.238,0.519,0.281,13,11,34,0,0,57,0.158,126,32,50
439,fa,35,,Austin Barnes,605131,42,4,9,3,0,0,0.233,0.519,0.286,2,1,14,0,0,22,0.214,44,12,13
440,fa,29,,David Fry,681807,33,3,5,1,0,1,0.243,0.516,0.273,3,3,16,1,0,21,0.152,37,9,15
441,fa,30,,Jorge Mateo,622761,61,7,11,3,0,1,0.231,0.51,0.279,3,4,23,14,1,36,0.18,65,17,32
442,fa,25,,Johnathan Rodríguez,671286,29,3,5,2,1,0,0.2,0.51,0.31,1,1,11,0,0,12,0.172,30,9,12
443,fa,29,,Jhonny Pereda,640902,40,3,7,2,0,0,0.283,0.508,0.225,3,6,13,0,0,12,0.175,46,9,19
444,fa,28,,Daz Cameron,663662,41,7,8,1,0,1,0.214,0.507,0.293,3,1,13,1,0,13,0.195,42,12,21
445,fa,33,,Joc Pederson,592626,122,10,16,5,1,2,0.269,0.507,0.238,6,20,28,1,0,67,0.131,146,29,46
446,fa,27,,David Hamilton,666152,105,14,19,3,0,3,0.211,0.506,0.295,10,3,30,12,3,44,0.181,111,31,53
447,fa,26,,Will Wagner,695238,59,4,11,2,0,0,0.284,0.504,0.22,2,8,15,1,0,20,0.186,68,13,20
448,fa,24,,Nasim Nuñez,683083,43,6,8,2,0,0,0.271,0.504,0.233,5,5,10,7,1,21,0.186,49,10,23
449,fa,28,,Cal Stevenson,670276,8,0,2,0,0,0,0.25,0.5,0.25,1,0,2,0,0,5,0.25,8,2,5
450,fa,32,,Dairon Blanco,680118,6,2,1,1,0,0,0.167,0.5,0.333,1,0,2,3,2,3,0.167,8,2,9
451,fa,32,,Tim Anderson,641313,83,8,17,3,0,0,0.258,0.499,0.241,3,3,29,1,1,23,0.205,90,20,31
452,fa,30,,Garrett Hampson,641658,48,10,8,1,0,0,0.31,0.498,0.188,0,10,16,2,1,18,0.167,60,9,27
453,fa,27,,Gustavo Campero,672569,15,1,3,0,0,0,0.294,0.494,0.2,0,2,2,1,0,6,0.2,17,3,7
454,fa,35,,Jason Heyward,518792,85,9,15,2,0,2,0.223,0.494,0.271,12,6,20,0,1,47,0.176,95,23,34
455,fa,35,,Jason Heyward,518792,85,9,15,2,0,2,0.223,0.494,0.271,12,6,20,0,1,47,0.176,95,23,34
456,fa,35,,Jon Berti,542932,82,12,17,2,0,0,0.261,0.493,0.232,2,4,20,8,1,39,0.207,88,19,38
457,fa,29,,Sean Bouchard,656248,66,7,11,0,1,1,0.247,0.489,0.242,7,7,27,1,1,23,0.167,73,16,32
458,fa,29,,Mickey Gasper,681508,34,5,6,1,0,0,0.282,0.488,0.206,3,4,9,0,0,16,0.176,39,7,17
459,fa,30,,Josh Rojas,668942,115,8,21,5,0,0,0.258,0.484,0.226,6,12,35,4,1,52,0.183,129,26,41
460,fa,33,,Hunter Renfroe,592669,99,5,18,6,0,0,0.241,0.483,0.242,4,8,21,0,0,46,0.182,108,24,35
461,fa,27,,Michael Massey,686681,198,10,40,5,0,2,0.221,0.479,0.258,14,5,32,1,0,96,0.202,209,51,56
462,fa,31,,Pablo Reyes,622569,31,4,6,1,0,0,0.242,0.468,0.226,2,2,10,1,0,13,0.194,34,7,25
463,fa,31,,Pablo Reyes,622569,31,4,6,1,0,0,0.242,0.468,0.226,2,2,10,1,0,13,0.194,34,7,25
464,fa,36,,Kevin Pillar,607680,43,6,9,2,0,0,0.209,0.465,0.256,1,0,8,3,0,10,0.209,43,11,20
465,fa,36,,Kevin Pillar,607680,43,6,9,2,0,0,0.209,0.465,0.256,1,0,8,3,0,10,0.209,43,11,20
466,fa,22,,Adael Amador,691182,89,3,13,4,0,1,0.24,0.465,0.225,5,10,25,1,1,35,0.146,102,20,33
467,fa,27,,Aaron Schunk,668845,28,1,6,1,0,0,0.214,0.464,0.25,0,0,8,0,0,14,0.214,29,7,11
468,fa,29,,Michael Stefanic,683021,22,1,4,0,0,0,0.28,0.462,0.182,0,3,3,0,0,13,0.182,25,4,9
469,fa,32,,Austin Hedges,595978,63,5,7,0,0,3,0.208,0.462,0.254,4,8,25,1,0,32,0.111,73,16,28
470,fa,28,,Ali Sánchez,645305,11,0,2,1,0,0,0.182,0.455,0.273,0,0,3,0,0,6,0.182,11,3,5
471,fa,28,,Bryan De La Cruz,650559,47,1,9,1,0,0,0.24,0.453,0.213,0,3,18,1,0,20,0.191,50,10,16
472,fa,28,,Bryan De La Cruz,650559,47,1,9,1,0,0,0.24,0.453,0.213,0,3,18,1,0,20,0.191,50,10,16
473,fa,28,,Owen Miller,680911,14,0,2,0,0,0,0.294,0.437,0.143,1,2,4,1,0,6,0.143,17,2,9
474,fa,24,,Brayan Rocchio,677587,91,8,15,3,0,0,0.235,0.433,0.198,8,5,21,2,2,45,0.165,102,18,35
475,fa,29,,Jonah Bride,681146,109,7,18,2,0,0,0.246,0.429,0.183,5,11,38,0,0,49,0.165,122,20,43
476,fa,27,,Oliver Dunn,686554,36,4,6,2,0,0,0.205,0.427,0.222,6,2,11,1,0,16,0.167,41,8,14
477,fa,31,,Kevin Newman,621028,77,8,15,2,0,0,0.205,0.426,0.221,4,1,15,1,0,32,0.195,79,17,35
478,fa,26,,Ezequiel Duran,677649,56,4,8,4,0,0,0.21,0.424,0.214,2,2,19,0,0,23,0.143,62,12,26
479,fa,26,,Jose Miranda,669304,36,2,6,0,0,1,0.167,0.417,0.25,5,0,13,0,0,25,0.167,36,9,12
480,fa,29,,Connor Wong,657136,70,6,11,0,0,0,0.259,0.416,0.157,1,9,18,1,0,46,0.157,81,11,29
481,fa,29,,Lane Thomas,657041,93,5,14,1,0,1,0.221,0.415,0.194,6,8,32,3,0,49,0.151,104,18,29
482,fa,29,,Alan Trejo,676701,40,3,7,2,0,0,0.19,0.415,0.225,1,1,7,0,0,16,0.175,43,9,14
483,fa,29,,Lane Thomas,657041,93,5,14,1,0,1,0.221,0.415,0.194,6,8,32,3,0,49,0.151,104,18,29
484,fa,28,,Luke Williams,663897,14,3,2,1,0,0,0.2,0.414,0.214,2,0,3,3,0,16,0.143,15,3,18
485,fa,27,,Vidal Bruján,660644,31,5,5,2,0,0,0.188,0.414,0.226,2,1,8,2,1,17,0.161,32,7,25
486,fa,31,,Jeimer Candelario,600869,80,3,9,2,0,2,0.198,0.411,0.213,10,9,29,0,1,36,0.113,91,17,22
487,fa,26,,Jack Suwinski,669261,42,4,5,1,0,0,0.26,0.403,0.143,1,8,20,4,0,26,0.119,50,6,18
488,fa,33,,Kris Bryant,592178,39,2,6,2,0,0,0.195,0.4,0.205,1,2,13,0,0,25,0.154,41,8,11
489,fa,35,,Jacob Stallings,607732,84,4,12,3,0,0,0.217,0.396,0.179,6,5,31,0,0,48,0.143,93,15,29
490,fa,23,,Jhonkensy Noel,678877,103,12,15,2,0,2,0.168,0.391,0.223,9,3,34,0,0,46,0.146,107,23,46
491,fa,28,,Riley Adams,656180,62,6,6,1,0,3,0.125,0.383,0.258,8,1,28,0,0,29,0.097,64,16,22
492,fa,24,,Jace Jung,690291,45,8,5,0,0,0,0.245,0.356,0.111,3,7,15,0,0,15,0.111,53,5,18
493,fa,27,,Blake Sabol,666165,16,2,2,1,0,0,0.167,0.355,0.188,1,1,7,0,0,12,0.125,18,3,8
494,fa,28,,CJ Alexander,680769,17,0,3,0,0,0,0.176,0.352,0.176,0,0,8,0,0,8,0.176,17,3,6
495,fa,27,,Jacob Hurtubise,674441,12,3,1,0,0,0,0.267,0.35,0.083,0,1,6,0,0,7,0.083,15,1,12
496,fa,26,,Akil Baddoo,668731,17,0,2,1,0,0,0.167,0.343,0.176,1,1,5,1,0,8,0.118,18,3,7
497,fa,26,,MJ Melendez,669004,47,4,4,1,0,1,0.173,0.343,0.17,1,3,20,0,0,17,0.085,52,8,16
498,fa,41,,Yuli Gurriel,493329,36,2,4,1,0,0,0.2,0.339,0.139,3,4,8,0,0,22,0.111,40,5,16
499,fa,29,,César Salazar,663967,6,0,1,0,0,0,0.167,0.334,0.167,0,0,1,0,0,4,0.167,6,1,6
500,fa,30,,Andrew Knizner,668800,24,3,2,0,0,1,0.12,0.328,0.208,1,1,4,0,0,13,0.083,25,5,9
501,fa,27,,Will Brennan,686823,11,0,1,0,0,0,0.231,0.322,0.091,0,1,1,0,1,5,0.091,13,1,6
502,fa,27,,Jerar Encarnacion,666464,22,1,3,1,0,0,0.136,0.318,0.182,0,0,6,1,0,16,0.136,22,4,8
503,fa,28,,Vinny Capra,681962,91,10,10,2,0,1,0.144,0.309,0.165,6,3,23,2,0,54,0.11,99,15,44
504,fa,29,,Jose Siri,642350,20,5,1,1,0,0,0.208,0.308,0.1,1,4,8,2,0,10,0.05,24,2,10
505,fa,30,,Luis Guillorme,641645,16,1,2,0,0,0,0.176,0.301,0.125,0,1,7,0,0,11,0.125,17,2,8
506,fa,30,,Luis Guillorme,641645,16,1,2,0,0,0,0.176,0.301,0.125,0,1,7,0,0,11,0.125,17,2,8
507,fa,30,,Luis Guillorme,641645,16,1,2,0,0,0,0.176,0.301,0.125,0,1,7,0,0,11,0.125,17,2,8
508,fa,27,,Ben Rortvedt,666163,63,2,6,1,0,0,0.186,0.297,0.111,6,7,14,0,0,31,0.095,70,7,26
509,fa,30,,Chadwick Tromp,644433,13,1,1,1,0,0,0.143,0.297,0.154,0,1,6,0,0,11,0.077,14,2,5
510,fa,27,,Ryan Kreidler,668952,38,5,4,0,0,0,0.19,0.295,0.105,0,4,19,2,0,22,0.105,44,4,17
511,fa,28,,DaShawn Keirsey Jr.,680577,67,7,7,0,0,1,0.143,0.292,0.149,4,2,22,5,3,33,0.104,70,10,49
512,fa,26,,Ryan Vilade,668723,13,1,1,0,0,0,0.2,0.277,0.077,0,2,5,0,0,9,0.077,15,1,7
513,fa,27,,Jake McCarthy,664983,41,2,3,1,0,0,0.17,0.268,0.098,3,4,6,1,0,22,0.073,47,4,14
514,fa,25,,Ji Hwan Bae,678225,11,3,1,0,0,0,0.167,0.258,0.091,0,1,5,2,0,4,0.091,12,1,7
515,fa,26,,Luis Campusano,669134,18,0,0,0,0,0,0.25,0.25,0.0,0,6,9,0,0,11,0.0,24,0,9
516,fa,33,,Eddie Rosario,592696,8,1,1,0,0,0,0.125,0.25,0.125,0,0,2,0,0,6,0.125,8,1,5
517,fa,33,,Eddie Rosario,592696,8,1,1,0,0,0,0.125,0.25,0.125,0,0,2,0,0,6,0.125,8,1,5
518,fa,26,,Jacob Amaya,676070,62,6,6,1,0,0,0.119,0.232,0.113,7,2,15,2,0,29,0.097,68,7,34
519,fa,26,,Jacob Amaya,676070,62,6,6,1,0,0,0.119,0.232,0.113,7,2,15,2,0,29,0.097,68,7,34
520,fa,32,,J.D. Davis,605204,9,0,1,0,0,0,0.111,0.222,0.111,0,0,3,0,0,4,0.111,9,1,5
521,fa,32,,J.D. Davis,605204,9,0,1,0,0,0,0.111,0.222,0.111,0,0,3,0,0,4,0.111,9,1,5
522,fa,30,,Nicky Lopez,670032,24,2,1,0,0,0,0.179,0.221,0.042,1,4,4,0,0,13,0.042,28,1,19
523,fa,35,,Nick Ahmed,605113,9,1,0,0,0,0,0.1,0.1,0.0,0,1,3,1,0,6,0.0,10,0,5
524,fa,35,,Nick Ahmed,605113,9,1,0,0,0,0,0.1,0.1,0.0,0,1,3,1,0,6,0.0,10,0,5
525,fa,35,,Nick Ahmed,605113,9,1,0,0,0,0,0.1,0.1,0.0,0,1,3,1,0,6,0.0,10,0,5
526,fa,26,,Brett Wisely,689172,10,1,0,0,0,0,0.0,0.0,0.0,2,0,3,0,1,6,0.0,12,0,6
527,fa,34,,Colin Rea,607067,1,0,0,0,0,0,0.0,0.0,0.0,0,0,1,0,0,1,0.0,1,0,16
528,fa,25,,Jordyn Adams,677941,1,1,0,0,0,0,0.0,0.0,0.0,0,0,0,0,0,1,0.0,1,0,5
529,fa,26,,Shay Whitcomb,694376,9,0,0,0,0,0,0.0,0.0,0.0,0,0,5,0,0,4,0.0,9,0,7
