rank,team,age,teamId,playerId,full_name,gamesPitched,whip,inningsPitched,hits,runs,earnedRuns,baseOnBalls,strikeOuts,homeRuns,outs,battersFaced,pitchesThrown,era,saves,holds,blownSaves,wins,losses,gamesStarted,completeGames,shutouts,yahoo_owner,yahoo_team,yahoo_id,yahoo_position
1,oak,32,133,547184,Michael Kelly,6,0.95,7.1,3,0,0,4,5,0,22,27,112,0.0,0,2,0,1,0,0,0,0,,,,
2,tex,25,140,668390,Cole Winn,10,1.08,13.0,8,0,0,6,9,0,39,52,200,0.0,0,2,0,0,0,0,0,0,,,,
3,atl,27,144,689266,Dylan Dodd,8,0.55,7.1,2,0,0,2,6,0,22,25,104,0.0,0,0,0,0,0,0,0,0,,,,
4,lad,29,119,656629,Michael Kopech,6,1.4,5.0,3,0,0,4,6,0,15,22,83,0.0,0,4,0,0,0,0,0,0,RV,RV,10412,RP
5,kc,30,118,640451,Hunter Harvey,6,0.19,5.1,1,0,0,0,7,0,16,17,79,0.0,0,3,0,0,0,0,0,0,,,,
6,lad,29,119,656629,Michael Kopech,6,1.4,5.0,3,0,0,4,6,0,15,22,83,0.0,0,4,0,0,0,0,0,0,RV,RV,10412,RP
7,lad,30,119,623465,Evan Phillips,7,1.06,5.2,4,0,0,2,6,0,17,22,92,0.0,1,2,0,0,0,0,0,0,,,,
8,kc,30,118,640451,Hunter Harvey,6,0.19,5.1,1,0,0,0,7,0,16,17,79,0.0,0,3,0,0,0,0,0,0,,,,
9,chc,30,112,623167,Chris Flexen,14,0.88,24.0,14,3,2,7,13,1,72,89,346,0.75,1,0,0,4,0,0,0,0,,,,
10,sf,25,137,678495,Randy Rodríguez,33,0.74,34.0,19,5,3,6,49,1,102,126,508,0.79,1,10,1,3,1,0,0,0,DRO,DRO,12305,RP
11,pit,30,134,664875,Justin Lawrence,11,0.97,11.1,5,1,1,6,15,0,34,44,172,0.79,0,3,1,1,0,0,0,0,,,,
12,min,35,142,543056,Danny Coulombe,26,0.87,20.2,14,2,2,4,24,0,62,79,307,0.87,2,2,0,1,0,1,0,0,LFB,LFB,9844,RP
13,sf,27,137,669062,Erik Miller,32,1.48,26.1,20,3,3,19,18,0,79,113,429,1.03,0,9,2,4,0,0,0,0,,,,
14,mil,27,158,676879,Aaron Ashby,8,0.96,15.2,13,2,2,2,18,1,47,59,223,1.15,1,0,0,0,0,0,0,0,,,,
15,sea,26,136,662253,Andrés Muñoz,30,0.81,29.2,14,6,4,10,40,1,89,114,475,1.21,18,0,4,3,0,0,0,0,LFB,LFB,11526,RP
16,sf,34,137,643511,Tyler Rogers,38,0.69,36.1,21,5,5,4,31,2,109,130,439,1.24,0,17,1,3,2,0,0,0,WIZ,WIZ,11644,RP
17,hou,29,117,681869,Shawn Dubin,18,1.13,20.1,16,3,3,7,18,2,61,81,303,1.33,0,6,1,2,0,0,0,0,,,,
18,det,35,116,592454,Tommy Kahnle,32,0.75,33.1,16,6,5,9,29,3,100,124,471,1.35,8,10,3,0,0,0,0,0,HAM,HAM,9653,RP
19,bos,37,111,547973,Aroldis Chapman,36,0.82,33.0,17,6,5,10,48,2,99,126,484,1.36,14,2,1,3,2,0,0,0,LAW,LAW,8616,RP
20,fa,27,451,668970,Gavin Hollowell,5,1.26,6.1,6,1,1,2,5,1,19,26,108,1.42,0,0,0,0,0,0,0,0,,,,
21,nyy,32,121,673540,Kodai Senga,13,1.11,73.2,51,15,12,31,70,4,221,293,1175,1.47,0,0,0,7,3,13,0,0,B2J,B2J,12776,SP
22,laa,36,108,519326,Hunter Strickland,16,1.08,17.2,11,4,3,8,10,1,53,70,262,1.53,1,2,1,1,2,0,0,0,,,,
23,tex,35,140,543135,Nathan Eovaldi,12,0.81,69.1,46,14,12,10,73,4,208,266,1065,1.56,0,0,0,4,3,12,1,1,HAM,HAM,9007,SP
24,pit,29,134,642701,Dennis Santana,34,0.78,33.1,21,7,6,5,26,1,100,124,464,1.62,5,9,1,2,1,0,0,0,LFB,LFB,10901,RP
25,pit,29,134,642701,Dennis Santana,34,0.78,33.1,21,7,6,5,26,1,100,124,464,1.62,5,9,1,2,1,0,0,0,LFB,LFB,10901,RP
26,nyy,31,121,621345,A.J. Minter,13,1.0,11.0,6,2,2,5,14,0,33,44,185,1.64,0,7,0,0,0,0,0,0,TBB,TBB,10794,RP
27,nyy,31,147,596133,Luke Weaver,26,0.8,27.1,14,5,5,8,27,3,82,103,399,1.65,8,6,1,1,2,0,0,0,WIZ,WIZ,10217,RP
28,chc,37,112,518489,Ryan Brasier,11,1.06,10.1,8,2,2,3,9,0,31,40,168,1.74,0,1,0,0,0,0,0,0,,,,
29,stl,32,138,664208,Phil Maton,32,1.08,30.2,22,8,6,11,41,0,92,125,501,1.76,2,16,1,1,2,0,0,0,HAM,HAM,10729,RP
30,stl,32,138,664208,Phil Maton,32,1.08,30.2,22,8,6,11,41,0,92,125,501,1.76,2,16,1,1,2,0,0,0,HAM,HAM,10729,RP
31,sd,33,135,592094,Jason Adam,40,1.23,40.2,32,12,8,18,47,2,122,172,674,1.77,0,17,1,6,3,0,0,0,CFL,CFL,11009,RP
32,sd,33,135,592094,Jason Adam,40,1.23,40.2,32,12,8,18,47,2,122,172,674,1.77,0,17,1,6,3,0,0,0,CFL,CFL,11009,RP
33,atl,30,144,669276,Dylan Lee,36,0.81,35.2,21,9,7,8,37,5,107,132,526,1.77,2,9,3,1,2,0,0,0,JEP,JEP,12275,RP
34,min,27,142,661395,Jhoan Duran,37,1.13,35.1,26,9,7,14,40,0,106,149,573,1.78,10,1,2,4,3,0,0,0,LFB,LFB,11495,RP
35,hou,28,117,650556,Bryan Abreu,36,1.22,35.1,24,7,7,19,49,2,106,149,594,1.78,0,19,3,2,3,0,0,0,B2J,B2J,11208,RP
36,hou,31,117,623352,Josh Hader,33,0.74,35.1,19,8,7,7,55,5,106,135,551,1.78,20,0,0,5,1,0,0,0,LAW,LAW,10131,RP
37,cin,26,113,671096,Andrew Abbott,13,0.96,75.1,52,20,15,20,72,8,226,296,1191,1.79,0,0,0,7,1,13,1,1,RV,RV,12395,SP
38,cws,30,145,621051,Steven Wilson,26,1.2,25.0,16,5,5,14,24,2,75,106,432,1.8,1,9,2,2,1,0,0,0,,,,
39,pit,23,134,694973,Paul Skenes,16,0.88,102.0,63,24,21,27,106,5,306,390,1579,1.85,0,0,0,4,6,16,1,0,TBB,TBB,62972,SP
40,cin,25,113,680689,Lyon Richardson,20,1.07,24.1,18,8,5,8,20,1,73,101,399,1.85,0,2,0,0,1,0,0,0,,,,
41,tor,28,141,680704,Nick Sandlin,12,1.45,9.2,8,5,2,6,12,0,29,46,199,1.86,1,2,1,0,2,0,0,0,,,,
42,kc,26,118,674444,Steven Cruz,29,0.9,29.0,18,7,6,8,28,2,87,113,393,1.86,0,6,0,2,0,0,0,0,,,,
43,hou,26,117,686613,Hunter Brown,15,0.92,91.0,56,20,19,28,109,8,273,345,1426,1.88,0,0,0,8,3,15,1,0,DRO,DRO,12141,SP
44,tb,27,139,679358,Eric Orze,26,1.18,33.0,27,8,7,12,30,2,99,134,523,1.91,2,1,0,1,0,0,0,0,,,,
45,mil,25,158,682842,Abner Uribe,37,1.13,37.1,27,10,8,15,48,3,112,151,580,1.93,1,20,1,2,1,0,0,0,DRO,DRO,12746,RP
46,chc,25,112,694037,Daniel Palencia,26,1.0,28.0,18,7,6,10,30,2,84,109,430,1.93,7,6,1,0,2,0,0,0,WIZ,WIZ,60121,RP
47,ari,34,109,571946,Shelby Miller,33,1.03,32.0,22,9,7,11,35,3,96,129,495,1.97,9,8,4,3,2,0,0,0,,,,
48,chc,29,112,641745,Brad Keller,33,1.0,36.0,26,10,8,10,36,0,108,143,581,2.0,0,11,2,3,0,1,0,0,,,,
49,chc,29,112,641745,Brad Keller,33,1.0,36.0,26,10,8,10,36,0,108,143,581,2.0,0,11,2,3,0,1,0,0,,,,
50,pit,29,134,676755,Isaac Mattson,10,0.6,13.1,5,3,3,3,13,2,40,47,182,2.03,0,1,1,1,0,0,0,0,,,,
51,nyy,31,147,608331,Max Fried,16,0.96,101.0,77,28,23,20,97,7,303,400,1534,2.05,0,0,0,9,2,16,0,0,JEP,JEP,9620,SP
52,sf,27,137,666808,Camilo Doval,36,1.09,35.0,23,11,8,15,33,1,105,139,529,2.06,12,7,3,3,1,0,0,0,LAW,LAW,11536,RP
53,bos,26,111,676979,Garrett Crochet,17,1.02,109.1,80,28,25,31,135,9,328,431,1699,2.06,0,0,0,7,4,17,0,0,WAR,WAR,12046,SP
54,tex,34,140,571948,Hoby Milner,36,0.97,39.1,28,12,9,10,36,0,118,154,613,2.06,0,10,2,1,1,0,0,0,,,,
55,col,29,115,656234,Jake Bird,33,1.19,43.2,36,11,10,16,56,2,131,178,701,2.06,0,10,3,2,1,0,0,0,,,,
56,tb,28,139,655889,Manuel Rodríguez,31,1.05,30.1,26,9,7,6,25,2,91,121,431,2.08,0,11,0,1,2,0,0,0,,,,
57,min,27,142,686973,Louis Varland,37,0.95,34.2,26,9,8,7,38,3,104,137,503,2.08,0,12,1,2,3,0,0,0,WIZ,WIZ,12695,"SP,RP"
58,phi,29,143,624133,Ranger Suárez,10,1.03,65.0,51,16,15,16,59,4,195,256,948,2.08,0,0,0,6,2,10,0,0,CFL,CFL,11117,SP
59,nyy,31,121,621242,Edwin Díaz,30,0.96,30.1,17,8,7,12,45,2,91,120,497,2.08,15,0,1,3,0,0,0,0,DRO,DRO,10214,RP
60,sd,26,135,670970,Adrian Morejon,37,0.84,34.1,23,13,8,6,32,1,103,136,480,2.1,1,9,2,4,3,0,0,0,B2J,B2J,10574,RP
61,tor,28,141,663893,Brendon Little,36,1.25,34.1,23,13,8,20,52,1,103,144,635,2.1,0,14,2,3,1,0,0,0,WAR,WAR,10861,RP
62,chc,38,112,573204,Caleb Thielbar,34,0.98,29.2,18,7,7,11,28,1,89,115,454,2.12,1,7,2,2,2,0,0,0,,,,
63,kc,32,118,608032,Carlos Estévez,33,1.1,33.2,23,10,8,14,28,2,101,139,518,2.14,22,0,3,2,2,0,0,0,LFB,LFB,10274,RP
64,kc,32,118,608032,Carlos Estévez,33,1.1,33.2,23,10,8,14,28,2,101,139,518,2.14,22,0,3,2,2,0,0,0,LFB,LFB,10274,RP
65,tb,31,139,664126,Pete Fairbanks,30,1.16,29.1,20,9,7,14,26,0,88,124,511,2.15,13,0,2,3,1,0,0,0,JEP,JEP,11597,RP
66,kc,27,118,663460,Kris Bubic,15,1.13,91.0,76,26,22,27,96,4,273,369,1392,2.18,0,0,0,6,5,15,0,0,WAR,WAR,11319,"SP,RP"
67,mil,33,158,642239,Rob Zastryzny,14,0.97,12.1,10,3,3,2,14,3,37,49,195,2.19,0,1,0,2,1,1,0,0,,,,
68,cws,32,145,656186,Dan Altavilla,11,1.14,12.1,9,4,3,5,8,3,37,49,177,2.19,1,0,0,0,1,0,0,0,,,,
69,kc,30,118,668674,Lucas Erceg,29,1.01,28.2,23,8,7,6,22,2,86,111,447,2.2,1,14,2,2,2,0,0,0,,,,
70,bos,24,111,692285,Luis Guerrero,11,0.98,16.1,5,4,4,11,9,0,49,62,244,2.2,0,0,0,0,0,0,0,0,,,,
71,kc,30,118,668674,Lucas Erceg,29,1.01,28.2,23,8,7,6,22,2,86,111,447,2.2,1,14,2,2,2,0,0,0,,,,
72,atl,28,144,678226,Daysbel Hernández,25,1.4,24.1,14,6,6,20,21,0,73,103,454,2.22,0,7,1,3,1,0,0,0,,,,
73,tex,37,140,594798,Jacob deGrom,15,0.92,88.1,63,22,22,18,87,9,265,339,1273,2.24,0,0,0,7,2,15,0,0,WIZ,WIZ,9701,SP
74,mil,28,158,683232,Nick Mears,34,0.69,32.0,18,9,8,4,27,2,96,115,470,2.25,0,9,4,1,1,0,0,0,,,,
75,mil,28,158,683232,Nick Mears,34,0.69,32.0,18,9,8,4,27,2,96,115,470,2.25,0,9,4,1,1,0,0,0,,,,
76,cws,32,145,605288,Adrian Houser,6,1.26,35.2,32,9,9,13,26,2,107,146,558,2.27,0,0,0,2,2,6,0,0,TBB,TBB,10098,"SP,RP"
77,det,28,116,669373,Tarik Skubal,16,0.87,102.0,76,26,26,13,125,8,306,390,1467,2.29,0,0,0,9,2,16,1,1,LFB,LFB,11763,SP
78,nyy,32,121,657585,Reed Garrett,33,1.39,31.0,25,11,8,18,39,1,93,135,549,2.32,2,14,4,2,3,0,0,0,WAR,WAR,11255,RP
79,tex,30,140,641816,Tyler Mahle,14,1.13,77.0,60,20,20,27,56,4,231,308,1235,2.34,0,0,0,6,3,14,0,0,LAW,LAW,10455,SP
80,phi,24,143,689147,Orion Kerkering,35,1.37,30.2,25,13,8,17,29,2,92,135,513,2.35,2,11,4,5,2,0,0,0,DRO,DRO,60329,RP
81,cle,26,114,671922,Cade Smith,36,1.17,34.1,27,11,9,13,53,0,103,145,588,2.36,3,15,1,2,2,0,0,0,SAD,SAD,60016,RP
82,bos,37,111,458677,Justin Wilson,33,1.41,26.1,25,11,7,12,33,1,79,113,450,2.39,0,11,4,2,1,0,0,0,,,,
83,tb,27,139,685801,Hunter Bigge,13,1.07,15.0,11,4,4,5,12,4,45,60,227,2.4,0,1,1,0,0,0,0,0,,,,
84,tb,27,139,685801,Hunter Bigge,13,1.07,15.0,11,4,4,5,12,4,45,60,227,2.4,0,1,1,0,0,0,0,0,,,,
85,mia,30,146,669622,Anthony Bender,33,1.13,32.2,22,10,9,15,25,3,98,135,505,2.48,1,12,3,1,5,0,0,0,,,,
86,sf,28,137,657277,Logan Webb,16,1.12,101.1,93,32,28,20,114,6,304,408,1546,2.49,0,0,0,7,5,16,0,0,SAD,SAD,11235,SP
87,det,30,116,676684,Will Vest,33,1.0,36.0,26,11,10,10,40,2,108,144,620,2.5,12,1,3,5,1,0,0,0,WAR,WAR,12110,RP
88,cle,27,114,663465,Kolby Allard,13,1.36,28.2,34,10,8,5,12,1,86,122,440,2.51,0,2,0,2,0,1,0,0,,,,
89,atl,36,144,519242,Chris Sale,15,1.16,89.1,78,27,25,26,114,7,268,370,1486,2.52,0,0,0,5,4,15,0,0,HAM,HAM,8780,SP
90,kc,28,118,663738,Daniel Lynch IV,34,1.42,35.1,32,11,10,18,24,3,106,152,574,2.55,1,4,0,3,2,2,0,0,,,,
91,stl,30,138,676617,Riley O'Brien,11,1.07,14.0,11,4,4,4,9,2,42,52,209,2.57,0,1,0,0,0,0,0,0,,,,
92,sd,30,135,650633,Michael King,10,1.02,55.2,40,19,16,17,64,6,167,225,923,2.59,0,0,0,4,2,10,1,1,LAW,LAW,11661,SP
93,tex,39,140,455119,Chris Martin,28,0.99,24.1,21,11,7,3,28,4,73,97,342,2.59,2,11,1,0,4,0,0,0,CFL,CFL,9684,RP
94,mia,29,146,676083,Janson Junk,6,1.01,27.2,26,8,8,2,25,0,83,109,380,2.6,1,0,0,2,0,1,0,0,,,,
95,hou,33,117,595345,Steven Okert,30,0.66,34.2,17,11,10,6,44,4,104,128,486,2.6,1,3,2,1,2,0,0,0,WAR,WAR,10109,RP
96,mia,29,146,676083,Janson Junk,6,1.01,27.2,26,8,8,2,25,0,83,109,380,2.6,1,0,0,2,0,1,0,0,,,,
97,tb,29,139,656876,Drew Rasmussen,15,0.97,79.1,59,23,23,18,67,8,238,305,1188,2.61,0,0,0,6,5,15,0,0,SAD,SAD,11789,"SP,RP"
98,phi,35,143,554430,Zack Wheeler,15,0.91,93.0,63,28,27,22,118,10,279,359,1488,2.61,0,0,0,7,2,15,0,0,B2J,B2J,9124,SP
99,stl,28,138,668941,JoJo Romero,30,1.44,23.2,19,9,7,15,16,1,71,102,393,2.66,0,11,0,3,3,0,0,0,,,,
100,ari,30,109,669203,Corbin Burnes,11,1.17,64.1,49,23,19,26,63,7,193,265,1009,2.66,0,0,0,3,2,11,0,0,TBB,TBB,10910,SP
101,nyy,27,121,676130,José Buttó,29,1.28,40.2,33,14,12,19,36,2,122,167,658,2.66,1,2,1,2,1,0,0,0,,,,
102,nyy,35,147,657612,Tim Hill,36,1.1,33.2,26,12,10,11,18,4,101,135,464,2.67,0,5,0,3,2,0,0,0,,,,
103,nyy,35,147,657612,Tim Hill,36,1.1,33.2,26,12,10,11,18,4,101,135,464,2.67,0,5,0,3,2,0,0,0,,,,
104,tb,31,139,664076,Garrett Cleavinger,31,0.9,30.0,21,10,9,6,38,6,90,119,434,2.7,1,10,1,0,3,0,0,0,JEP,JEP,11704,RP
105,phi,30,143,621237,José Alvarado,20,1.2,20.0,20,7,6,4,25,1,60,84,338,2.7,7,5,0,4,1,0,0,0,,,,
106,mil,31,158,656730,Trevor Megill,30,1.31,26.2,21,9,8,14,32,1,80,114,446,2.7,17,0,2,1,2,0,0,0,SAD,SAD,11717,RP
107,cin,25,113,668881,Hunter Greene,11,0.97,59.2,44,18,18,14,73,9,179,237,978,2.72,0,0,0,4,3,11,0,0,LFB,LFB,10862,SP
108,det,26,116,676428,Brant Hurter,24,1.25,39.1,34,19,12,15,39,3,118,168,621,2.75,2,2,0,2,3,4,0,0,,,,
109,lad,26,119,808967,Yoshinobu Yamamoto,15,1.09,84.2,62,29,26,30,95,9,254,340,1416,2.76,0,0,0,6,6,15,0,0,CFL,CFL,63423,SP
110,tor,28,141,684320,Yariel Rodríguez,32,0.87,39.0,22,12,12,12,37,6,117,145,584,2.77,1,9,1,1,0,1,0,0,JEP,JEP,63645,"SP,RP"
111,sea,30,136,642100,Gabe Speier,34,1.03,29.0,23,9,9,7,40,3,87,117,436,2.79,0,8,2,2,0,0,0,0,RV,RV,11653,RP
112,min,29,142,641154,Pablo López,11,1.07,60.2,51,22,19,14,61,5,182,247,1007,2.82,0,0,0,5,3,11,0,0,WIZ,WIZ,11057,SP
113,fa,31,451,684007,Shota Imanaga,8,1.1,44.2,35,15,14,14,34,7,134,181,692,2.82,0,0,0,3,2,8,0,0,HAM,HAM,63640,SP
114,sf,33,137,592662,Robbie Ray,16,1.16,92.1,71,32,29,36,104,9,277,377,1504,2.83,0,0,0,8,2,16,0,0,LAW,LAW,9691,SP
115,bal,30,110,669211,Keegan Akin,36,1.37,35.0,30,12,11,18,36,4,105,148,604,2.83,0,12,2,2,0,3,0,0,JEP,JEP,10431,"SP,RP"
116,nyy,29,147,657376,Clarke Schmidt,12,1.06,69.2,48,22,22,26,65,6,209,277,1086,2.84,0,0,0,4,3,12,0,0,LFB,LFB,10926,SP
117,chc,34,112,571510,Matthew Boyd,15,1.14,85.2,77,32,27,21,79,10,257,346,1350,2.84,0,0,0,6,3,15,0,0,B2J,B2J,10011,SP
118,min,33,142,592779,Brock Stewart,25,1.05,22.0,15,7,7,8,30,2,66,90,369,2.86,0,8,1,1,1,0,0,0,TBB,TBB,10325,RP
119,phi,28,143,650911,Cristopher Sánchez,15,1.19,87.2,76,29,28,28,92,7,263,363,1346,2.87,0,0,0,6,2,15,0,0,WIZ,WIZ,11706,SP
120,bal,30,110,641329,Bryan Baker,37,0.99,34.1,26,13,11,8,42,6,103,131,529,2.88,2,9,3,3,2,0,0,0,CFL,CFL,11998,RP
121,det,28,116,663554,Casey Mize,13,1.24,72.0,71,25,23,18,64,10,216,301,1111,2.88,0,0,0,7,2,13,0,0,LAW,LAW,11083,SP
122,hou,31,117,664285,Framber Valdez,16,1.13,103.0,79,33,33,37,102,6,309,414,1486,2.88,0,0,0,8,4,16,2,0,HAM,HAM,11138,SP
123,pit,33,134,641835,Tim Mayza,7,1.07,9.1,9,3,3,1,8,1,28,40,162,2.89,0,0,0,0,0,0,0,0,,,,
124,pit,33,134,641835,Tim Mayza,7,1.07,9.1,9,3,3,1,8,1,28,40,162,2.89,0,0,0,0,0,0,0,0,,,,
125,mil,29,158,642547,Freddy Peralta,17,1.13,93.0,71,31,30,34,98,12,279,385,1607,2.9,0,0,0,8,4,17,0,0,RV,RV,11014,SP
126,col,25,115,680767,Victor Vodnik,22,1.2,21.2,15,8,7,11,19,3,65,86,380,2.91,1,2,2,2,2,0,0,0,,,,
127,ari,31,109,656222,Jalen Beeks,37,1.0,37.0,26,14,12,11,33,3,111,148,581,2.92,1,11,1,2,0,0,0,0,,,,
128,nyy,32,147,607074,Carlos Rodón,17,0.97,101.2,65,36,33,34,119,13,305,401,1631,2.92,0,0,0,9,5,17,0,0,WIZ,WIZ,9823,SP
129,cin,28,113,663574,Tony Santillan,39,1.11,37.0,29,12,12,12,30,4,111,152,615,2.92,2,17,2,1,1,0,0,0,,,,
130,ari,31,109,656222,Jalen Beeks,37,1.0,37.0,26,14,12,11,33,3,111,148,581,2.92,1,11,1,2,0,0,0,0,,,,
131,pit,30,134,670280,David Bednar,31,1.12,27.2,23,11,9,8,39,2,83,112,448,2.93,11,3,0,2,5,0,0,0,LAW,LAW,11645,RP
132,kc,35,118,607625,Seth Lugo,14,1.05,83.0,64,29,27,23,68,12,249,326,1289,2.93,0,0,0,4,5,14,0,0,WAR,WAR,10326,SP
133,wsh,33,120,640448,Kyle Finnegan,28,1.23,27.2,26,11,9,8,22,2,83,114,435,2.93,18,0,5,0,2,0,0,0,,,,
134,stl,28,138,681517,Kyle Leahy,33,1.17,42.2,35,14,14,15,34,4,128,175,641,2.95,0,12,1,2,1,0,0,0,,,,
135,mia,25,146,678692,Ronny Henriquez,34,1.31,36.2,32,15,12,16,50,6,110,160,617,2.95,2,11,2,3,1,0,0,0,,,,
136,fa,25,512,681857,Reese Olson,9,1.17,48.2,38,16,16,19,51,2,146,201,801,2.96,0,0,0,4,3,9,0,0,DRO,DRO,12429,SP
137,sea,29,136,660825,Eduard Bazardo,34,1.07,39.1,27,13,13,15,33,4,118,156,628,2.97,0,1,1,2,0,0,0,0,,,,
138,pit,28,134,657571,Caleb Ferguson,35,1.05,33.1,23,11,11,12,26,0,100,134,515,2.97,0,8,3,2,0,0,0,0,,,,
139,pit,28,134,657571,Caleb Ferguson,35,1.05,33.1,23,11,11,12,26,0,100,134,515,2.97,0,8,3,2,0,0,0,0,,,,
140,tex,29,140,676395,Robert Garcia,35,1.19,30.1,25,10,10,11,29,2,91,123,455,2.97,6,10,3,1,3,0,0,0,SAD,SAD,60615,RP
141,nyy,29,121,656849,David Peterson,15,1.24,90.2,81,33,30,31,78,6,272,378,1402,2.98,0,0,0,5,3,15,1,1,SAD,SAD,10921,SP
142,mil,36,158,500779,Jose Quintana,10,1.4,54.1,51,22,18,25,36,6,163,232,912,2.98,0,0,0,5,2,10,0,0,,,,
143,nyy,35,121,623211,Huascar Brazobán,33,1.07,42.0,26,17,14,19,39,4,126,167,640,3.0,1,10,4,3,2,2,0,0,,,,
144,bos,30,111,669711,Greg Weissert,39,1.17,36.0,31,15,12,11,33,4,108,147,561,3.0,3,14,4,2,2,0,0,0,,,,
145,fa,28,541,680742,Jonathan Bowlan,12,1.13,15.0,10,7,5,7,12,2,45,60,240,3.0,0,0,0,1,1,0,0,0,,,,
146,nyy,35,121,623211,Huascar Brazobán,33,1.07,42.0,26,17,14,19,39,4,126,167,640,3.0,1,10,4,3,2,2,0,0,,,,
147,laa,34,108,579328,Yusei Kikuchi,16,1.43,89.2,85,35,30,43,87,11,269,385,1523,3.01,0,0,0,2,6,16,0,0,HAM,HAM,11263,SP
148,laa,34,108,579328,Yusei Kikuchi,16,1.43,89.2,85,35,30,43,87,11,269,385,1523,3.01,0,0,0,2,6,16,0,0,HAM,HAM,11263,SP
149,tb,27,139,686752,Ryan Pepiot,16,1.1,94.2,76,33,32,28,91,14,284,376,1481,3.04,0,0,0,5,6,16,0,0,JEP,JEP,12036,SP
150,nyy,32,121,605280,Clay Holmes,15,1.23,83.0,71,30,28,31,73,9,249,346,1342,3.04,0,0,0,7,4,15,0,0,DRO,DRO,10569,"SP,RP"
151,min,29,142,657746,Joe Ryan,15,0.91,85.1,58,30,29,20,96,10,256,335,1365,3.06,0,0,0,7,3,14,0,0,LFB,LFB,11847,SP
152,hou,28,117,687911,Bryan King,34,1.02,32.1,26,11,11,7,36,3,97,132,519,3.06,0,15,1,3,1,0,0,0,HAM,HAM,64014,RP
153,lad,29,119,681911,Alex Vesia,38,1.05,32.1,24,11,11,10,45,7,97,129,557,3.06,3,14,0,2,0,0,0,0,LFB,LFB,11920,RP
154,mil,26,158,669084,DL Hall,7,1.16,14.2,8,5,5,9,10,1,44,60,228,3.07,0,0,0,1,0,2,0,0,TBB,TBB,10848,"SP,RP"
155,bos,33,111,657514,Brennan Bernardino,34,1.28,29.0,24,15,10,13,26,1,87,129,486,3.1,0,2,0,3,2,0,0,0,,,,
156,cin,35,113,608718,Brent Suter,25,1.09,37.2,32,14,13,9,26,4,113,153,596,3.11,0,0,0,1,0,3,0,0,,,,
157,sea,28,136,669302,Logan Gilbert,8,0.89,40.1,29,14,14,7,60,7,121,158,673,3.12,0,0,0,2,2,8,0,0,HAM,HAM,11381,SP
158,sea,25,136,693433,Bryan Woo,15,0.95,95.1,76,33,33,15,87,13,286,376,1338,3.12,0,0,0,7,4,15,0,0,SAD,SAD,60584,SP
159,fa,34,1390,554340,Yimi García,21,1.05,20.0,11,8,7,10,24,1,60,83,325,3.15,3,6,3,0,2,0,0,0,B2J,B2J,9815,RP
160,fa,34,1390,554340,Yimi García,21,1.05,20.0,11,8,7,10,24,1,60,83,325,3.15,3,6,3,0,2,0,0,0,B2J,B2J,9815,RP
161,col,31,115,623474,Jimmy Herget,27,1.3,40.0,39,14,14,13,28,4,120,170,614,3.15,0,1,1,0,1,0,0,0,,,,
162,sf,30,137,702352,Spencer Bivens,25,1.13,39.2,32,16,14,13,28,3,119,163,609,3.18,0,1,0,2,2,0,0,0,,,,
163,wsh,35,120,605177,Andrew Chafin,16,2.03,11.1,12,6,4,11,14,0,34,54,252,3.18,0,3,0,0,0,0,0,0,,,,
164,cin,34,113,641941,Emilio Pagán,34,0.85,34.0,18,14,12,11,43,6,102,133,511,3.18,18,2,3,0,2,0,0,0,,,,
165,wsh,35,120,605177,Andrew Chafin,16,2.03,11.1,12,6,4,11,14,0,34,54,252,3.18,0,3,0,0,0,0,0,0,,,,
166,nyy,35,147,518585,Fernando Cruz,30,1.06,31.0,19,13,11,14,50,3,93,125,509,3.19,2,8,1,2,3,0,0,0,LFB,LFB,12690,"SP,RP"
167,cle,27,114,683769,Hunter Gaddis,34,1.45,31.0,31,12,11,14,38,4,93,135,535,3.19,0,17,1,0,1,0,0,0,TBB,TBB,12665,RP
168,wsh,26,120,669022,MacKenzie Gore,16,1.19,93.0,84,34,33,27,123,11,279,381,1561,3.19,0,0,0,3,7,16,0,0,CFL,CFL,10940,SP
169,fa,35,234,642121,Cole Sulser,13,1.36,14.0,15,5,5,4,13,1,42,58,247,3.21,0,0,1,2,1,0,0,0,,,,
170,atl,25,144,680885,Spencer Schwellenbach,16,0.99,103.2,86,43,37,17,96,13,311,409,1483,3.21,0,0,0,6,4,16,1,0,DRO,DRO,12363,SP
171,fa,35,234,642121,Cole Sulser,13,1.36,14.0,15,5,5,4,13,1,42,58,247,3.21,0,0,1,2,1,0,0,0,,,,
172,tex,29,140,656641,Jacob Latz,17,1.18,36.1,27,13,13,16,34,4,109,147,582,3.22,0,1,0,1,0,2,0,0,,,,
173,cle,33,114,594902,Ben Lively,9,1.19,44.2,38,16,16,15,29,6,134,178,719,3.22,0,0,0,2,2,9,0,0,,,,
174,kc,33,118,608379,Michael Wacha,15,1.19,86.0,79,31,31,23,65,9,258,358,1313,3.24,0,0,0,4,6,15,0,0,LAW,LAW,9329,SP
175,sf,23,137,806185,Hayden Birdsong,17,1.33,52.2,50,25,19,20,55,6,158,230,924,3.25,0,3,0,3,1,6,0,0,,,,
176,lad,26,119,676508,Ben Casparius,24,1.04,52.2,44,19,19,11,50,3,158,213,812,3.25,0,7,0,6,1,2,0,0,RV,RV,64785,RP
177,cws,31,145,656457,Tyler Gilbert,17,1.03,19.1,12,7,7,8,20,2,58,76,316,3.26,0,1,0,1,1,3,0,0,,,,
178,tex,34,140,542888,Shawn Armstrong,31,0.97,33.0,18,13,12,14,36,3,99,133,526,3.27,2,6,2,2,2,2,0,0,,,,
179,tex,34,140,542888,Shawn Armstrong,31,0.97,33.0,18,13,12,14,36,3,99,133,526,3.27,2,6,2,2,2,2,0,0,,,,
180,pit,28,134,663767,Chase Shugart,29,1.18,33.0,25,13,12,14,20,4,99,135,515,3.27,0,4,2,4,3,0,0,0,,,,
181,tex,34,140,542888,Shawn Armstrong,31,0.97,33.0,18,13,12,14,36,3,99,133,526,3.27,2,6,2,2,2,2,0,0,,,,
182,mia,25,146,677960,Ryan Weathers,5,1.05,24.2,18,12,9,8,23,4,74,102,406,3.28,0,0,0,1,1,5,0,0,RV,RV,11379,SP
183,mil,28,158,681982,Grant Anderson,33,1.23,38.1,29,16,14,18,39,5,115,162,646,3.29,0,1,1,1,2,0,0,0,,,,
184,atl,34,144,572955,Pierce Johnson,30,1.24,27.1,26,11,10,8,33,3,82,111,481,3.29,1,6,2,1,3,0,0,0,,,,
185,bos,26,111,678394,Brayan Bello,12,1.41,65.1,63,29,24,29,51,7,196,284,1122,3.31,0,0,0,3,2,12,0,0,TBB,TBB,12330,SP
186,lad,37,119,477132,Clayton Kershaw,7,1.32,32.2,31,14,12,12,24,4,98,136,516,3.31,0,0,0,3,0,7,0,0,B2J,B2J,8180,SP
187,cin,34,113,573124,Taylor Rogers,30,1.44,24.1,23,15,9,12,24,3,73,107,441,3.33,0,7,1,2,2,0,0,0,,,,
188,atl,31,144,607481,Aaron Bummer,26,1.28,29.2,26,14,11,12,30,0,89,127,516,3.34,0,1,0,0,1,0,0,0,,,,
189,fa,26,561,671109,Jake Eder,5,1.13,5.1,2,2,2,4,4,1,16,21,87,3.38,0,0,0,0,0,0,0,0,,,,
190,ari,30,109,640462,A.J. Puk,8,1.25,8.0,8,3,3,2,12,2,24,35,156,3.38,4,2,0,0,0,0,0,0,,,,
191,cle,26,114,677944,Slade Cecconi,7,1.29,37.1,36,14,14,12,37,6,112,158,575,3.38,0,0,0,3,3,7,0,0,DRO,DRO,12118,"SP,RP"
192,ari,30,109,640462,A.J. Puk,8,1.25,8.0,8,3,3,2,12,2,24,35,156,3.38,4,2,0,0,0,0,0,0,,,,
193,lad,36,119,595014,Blake Treinen,8,1.38,8.0,8,3,3,3,10,1,24,36,145,3.38,2,3,1,0,2,0,0,0,B2J,B2J,9672,RP
194,laa,26,108,667755,José Soriano,16,1.42,93.0,89,38,35,43,80,3,279,395,1509,3.39,0,0,0,5,5,16,0,0,LFB,LFB,11327,SP
195,ari,36,109,518876,Merrill Kelly,16,1.05,93.0,73,39,35,25,93,10,279,372,1458,3.39,0,0,0,7,3,16,0,0,WIZ,WIZ,11251,SP
196,bal,30,110,622554,Seranthony Domínguez,33,1.29,31.2,22,13,12,19,42,3,95,130,544,3.41,1,10,1,2,2,0,0,0,,,,
197,bal,30,110,622554,Seranthony Domínguez,33,1.29,31.2,22,13,12,19,42,3,95,130,544,3.41,1,10,1,2,2,0,0,0,,,,
198,tb,27,139,687330,Kevin Kelly,15,1.02,15.2,14,6,6,2,11,3,47,60,216,3.45,0,2,1,0,0,0,0,0,,,,
199,mia,29,146,676534,Calvin Faucher,32,1.26,28.2,24,14,11,12,26,2,86,121,502,3.45,8,3,3,2,2,0,0,0,,,,
200,bos,27,111,686580,Justin Slaten,24,0.9,23.1,14,12,9,7,16,1,70,90,333,3.47,3,4,2,1,4,0,0,0,,,,
201,cle,27,114,661403,Emmanuel Clase,35,1.49,33.2,40,15,13,10,35,1,101,152,564,3.48,18,1,3,4,1,0,0,0,LAW,LAW,11625,RP
202,stl,34,138,571927,Steven Matz,23,1.12,43.2,43,20,17,6,40,3,131,180,712,3.5,1,3,3,4,2,2,0,0,,,,
203,sd,34,135,663158,Robert Suarez,35,0.93,33.1,22,14,13,9,34,1,100,128,506,3.51,22,0,2,2,3,0,0,0,B2J,B2J,12354,RP
204,tor,31,141,621244,José Berríos,16,1.24,95.0,82,38,37,36,81,12,285,391,1422,3.51,0,0,0,3,3,16,0,0,TBB,TBB,9872,SP
205,stl,32,138,607200,Erick Fedde,15,1.3,84.0,73,36,33,36,55,6,252,353,1328,3.54,0,0,0,3,6,15,1,1,,,,
206,stl,30,138,664854,Ryan Helsley,28,1.46,28.0,29,11,11,12,33,4,84,124,479,3.54,15,0,5,3,0,0,0,0,CFL,CFL,10946,RP
207,bal,30,110,642397,Gregory Soto,34,1.21,28.0,24,12,11,10,36,2,84,120,453,3.54,0,17,1,0,2,0,0,0,JEP,JEP,10882,RP
208,stl,32,138,607200,Erick Fedde,15,1.3,84.0,73,36,33,36,55,6,252,353,1328,3.54,0,0,0,3,6,15,1,1,,,,
209,bal,30,110,642397,Gregory Soto,34,1.21,28.0,24,12,11,10,36,2,84,120,453,3.54,0,17,1,0,2,0,0,0,JEP,JEP,10882,RP
210,tex,33,140,592426,Luke Jackson,31,1.26,25.1,21,12,10,11,19,3,76,107,370,3.55,9,2,2,2,4,0,0,0,,,,
211,tex,33,140,592426,Luke Jackson,31,1.26,25.1,21,12,10,11,19,3,76,107,370,3.55,9,2,2,2,4,0,0,0,,,,
212,cle,25,114,668909,Gavin Williams,15,1.42,75.1,65,34,30,42,78,10,226,326,1398,3.58,0,0,0,5,3,15,0,0,SAD,SAD,12401,SP
213,pit,28,134,663559,Bailey Falter,16,1.18,85.1,70,39,34,31,51,9,256,343,1284,3.59,0,0,0,6,3,16,0,0,,,,
214,sd,26,135,669093,Jeremiah Estrada,38,1.29,35.0,31,17,14,14,48,5,105,150,583,3.6,2,15,3,2,4,0,0,0,SAD,SAD,12687,RP
215,sd,26,135,681190,Randy Vásquez,16,1.33,80.0,69,33,32,37,45,12,240,343,1279,3.6,0,0,0,3,4,16,0,0,,,,
216,bos,29,111,676477,Garrett Whitlock,29,1.25,40.0,31,17,16,19,49,2,120,169,716,3.6,1,7,4,5,1,0,0,0,,,,
217,tor,36,141,605135,Chris Bassitt,16,1.26,92.1,95,38,37,21,90,10,277,393,1488,3.61,0,0,0,7,3,16,0,0,TBB,TBB,9799,SP
218,oak,28,133,663687,Hogan Harris,24,1.61,32.1,32,15,13,20,38,2,97,150,598,3.62,0,1,0,1,1,0,0,0,,,,
219,cin,27,113,666157,Nick Lodolo,16,1.12,89.1,82,38,36,18,80,12,268,372,1441,3.63,0,0,0,5,5,16,1,0,LAW,LAW,11750,SP
220,sd,32,135,601713,Nick Pivetta,15,1.08,84.0,67,36,34,24,91,11,252,339,1312,3.64,0,0,0,7,2,15,0,0,JEP,JEP,10683,SP
221,lad,30,119,656945,Tanner Scott,38,0.97,37.0,32,18,15,4,40,5,111,141,545,3.65,16,7,5,1,2,0,0,0,CFL,CFL,10432,RP
222,lad,30,119,656945,Tanner Scott,38,0.97,37.0,32,18,15,4,40,5,111,141,545,3.65,16,7,5,1,2,0,0,0,CFL,CFL,10432,RP
223,sf,26,137,694738,Landen Roupp,15,1.42,76.0,76,39,31,32,70,7,228,333,1254,3.67,0,0,0,5,5,15,0,0,SAD,SAD,60650,"SP,RP"
224,mil,24,158,682990,Quinn Priester,14,1.31,71.0,67,31,29,26,50,8,213,299,1156,3.68,0,0,0,5,2,10,0,0,WAR,WAR,11820,SP
225,mil,24,158,682990,Quinn Priester,14,1.31,71.0,67,31,29,26,50,8,213,299,1156,3.68,0,0,0,5,2,10,0,0,WAR,WAR,11820,SP
226,sea,28,136,668984,Casey Legumina,29,1.33,29.1,24,15,12,15,30,3,88,124,476,3.68,0,2,0,4,3,1,0,0,,,,
227,sea,32,136,622491,Luis Castillo,16,1.27,90.1,85,39,37,30,75,12,271,381,1515,3.69,0,0,0,4,5,16,0,0,B2J,B2J,10514,SP
228,det,27,116,669724,Brenan Hanifee,34,1.41,39.0,45,24,16,10,27,2,117,171,641,3.69,0,8,0,3,2,0,0,0,,,,
229,phi,33,143,621383,Tanner Banks,33,0.97,34.0,28,15,14,5,34,5,102,133,563,3.71,1,1,1,2,0,0,0,0,,,,
230,atl,29,144,656550,Grant Holmes,16,1.22,85.0,65,36,35,39,97,14,255,352,1398,3.71,0,0,0,4,6,15,0,0,JEP,JEP,10549,"SP,RP"
231,phi,33,143,621383,Tanner Banks,33,0.97,34.0,28,15,14,5,34,5,102,133,563,3.71,1,1,1,2,0,0,0,0,,,,
232,ari,27,109,669194,Ryne Nelson,17,1.05,60.2,43,26,25,21,52,6,182,246,993,3.71,1,1,1,4,2,7,0,0,,,,
233,stl,35,138,543243,Sonny Gray,15,1.19,84.2,84,37,35,17,90,10,254,347,1298,3.72,0,0,0,7,2,15,0,0,HAM,HAM,9459,SP
234,bal,29,110,656240,Scott Blewett,21,1.27,36.1,34,17,15,12,29,6,109,153,555,3.72,0,0,0,3,0,2,0,0,,,,
235,mia,30,146,669199,Lake Bachar,26,1.27,36.1,25,16,15,21,38,3,109,152,574,3.72,0,4,0,3,0,0,0,0,,,,
236,kc,31,118,670167,John Schreiber,35,1.34,29.0,29,14,12,10,32,5,87,125,489,3.72,0,10,1,2,2,0,0,0,,,,
237,sd,29,135,673513,Yuki Matsui,33,1.31,31.1,26,14,13,15,36,4,94,133,525,3.73,1,2,0,2,1,0,0,0,,,,
238,phi,33,143,621381,Matt Strahm,34,1.21,31.1,30,15,13,8,36,3,94,131,523,3.73,4,9,4,1,3,0,0,0,WIZ,WIZ,10355,RP
239,oak,32,133,656794,Sean Newcomb,19,1.66,55.1,70,30,23,22,52,4,166,253,997,3.74,0,0,0,1,4,5,0,0,,,,
240,tb,29,139,641793,Zack Littell,16,1.1,97.2,96,41,41,11,66,22,293,391,1383,3.78,0,0,0,6,7,16,1,0,,,,
241,kc,25,118,672582,Angel Zerpa,33,1.38,33.1,36,14,14,10,27,4,100,143,586,3.78,0,7,2,3,0,0,0,0,,,,
242,cws,28,145,663436,Davis Martin,14,1.23,80.2,80,38,34,19,53,12,242,334,1254,3.79,0,0,0,2,7,13,0,0,,,,
243,mia,27,146,665795,Edward Cabrera,12,1.39,59.0,56,27,25,26,63,7,177,254,997,3.81,0,0,0,2,2,12,0,0,WIZ,WIZ,10903,SP
244,fa,25,445,676282,Joey Cantillo,21,1.38,28.1,25,17,12,14,36,5,85,123,517,3.81,1,1,0,1,0,0,0,0,,,,
245,sd,33,135,593974,Wandy Peralta,35,1.47,35.1,35,17,15,17,31,2,106,159,571,3.82,0,3,1,3,1,0,0,0,,,,
246,mil,31,158,657649,Jared Koenig,37,1.33,33.0,32,14,14,12,32,3,99,141,533,3.82,0,13,1,3,1,0,0,0,WAR,WAR,12630,"SP,RP"
247,oak,27,133,687765,Mitch Spence,26,1.3,58.2,59,32,25,17,50,6,176,251,946,3.84,1,4,0,2,2,4,0,0,,,,
248,fa,24,102,687847,Marc Church,5,2.14,4.2,4,2,2,6,5,0,14,23,99,3.86,0,1,1,0,0,0,0,0,,,,
249,phi,26,143,676661,Max Lazar,9,1.21,14.0,11,6,6,6,10,2,42,56,219,3.86,1,0,0,0,0,0,0,0,,,,
250,atl,22,144,700363,AJ Smith-Shawver,9,1.42,44.1,42,20,19,21,42,4,133,192,711,3.86,0,0,0,3,2,9,0,0,,,,
251,bos,26,111,670174,Josh Winckowski,6,1.37,11.2,11,7,5,5,9,0,35,52,207,3.86,0,0,0,0,1,0,0,0,,,,
252,cle,26,114,676440,Tanner Bibee,15,1.23,88.2,83,41,38,26,75,15,266,369,1448,3.86,0,0,0,4,7,15,1,0,SAD,SAD,60137,SP
253,nyy,33,147,642232,Ryan Yarbrough,16,1.17,55.1,48,24,24,17,49,10,166,226,878,3.9,0,0,0,3,1,8,0,0,,,,
254,nyy,30,147,641656,Ian Hamilton,23,1.23,27.2,18,13,12,16,31,2,83,115,454,3.9,0,2,0,1,0,0,0,0,,,,
255,chc,36,112,519151,Ryan Pressly,32,1.6,30.0,36,16,13,12,20,2,90,134,490,3.9,5,4,1,2,2,0,0,0,,,,
256,nyy,33,147,642232,Ryan Yarbrough,16,1.17,55.1,48,24,24,17,49,10,166,226,878,3.9,0,0,0,3,1,8,0,0,,,,
257,nyy,29,121,656288,Griffin Canning,15,1.41,73.2,69,35,32,35,67,8,221,319,1307,3.91,0,0,0,7,3,15,0,0,,,,
258,cin,32,113,605130,Scott Barlow,37,1.17,34.1,19,16,15,21,36,2,103,146,612,3.93,0,7,0,3,0,0,0,0,,,,
259,nyy,34,147,643410,Mark Leiter Jr.,37,1.5,32.0,38,17,14,10,44,3,96,144,557,3.94,2,10,3,4,4,0,0,0,RV,RV,10681,RP
260,nyy,34,147,643410,Mark Leiter Jr.,37,1.5,32.0,38,17,14,10,44,3,96,144,557,3.94,2,10,3,4,4,0,0,0,RV,RV,10681,RP
261,sd,28,135,663568,Stephen Kolek,10,1.3,57.0,54,28,25,20,42,5,171,241,901,3.95,0,0,0,3,3,10,1,1,,,,
262,nyy,29,121,656731,Tylor Megill,14,1.36,68.1,60,37,30,33,89,6,205,305,1234,3.95,0,0,0,5,5,14,0,0,LFB,LFB,12215,SP
263,stl,25,138,669461,Matthew Liberatore,15,1.15,86.1,87,40,38,12,71,7,259,356,1267,3.96,0,0,0,5,6,15,0,0,,,,
264,cle,28,114,682120,Tim Herrin,32,1.48,25.0,21,11,11,16,24,3,75,112,433,3.96,0,11,0,4,2,0,0,0,,,,
265,atl,29,144,660853,Enyel De Los Santos,32,1.11,31.2,24,14,14,11,31,2,95,130,527,3.98,0,2,1,2,2,0,0,0,,,,
266,atl,29,144,660853,Enyel De Los Santos,32,1.11,31.2,24,14,14,11,31,2,95,130,527,3.98,0,2,1,2,2,0,0,0,,,,
267,atl,29,144,660853,Enyel De Los Santos,32,1.11,31.2,24,14,14,11,31,2,95,130,527,3.98,0,2,1,2,2,0,0,0,,,,
268,mia,27,146,663969,Tyler Phillips,27,1.3,38.1,40,17,17,10,22,6,115,159,567,3.99,0,2,0,1,0,0,0,0,,,,
269,phi,32,143,592836,Taijuan Walker,17,1.37,49.2,49,28,22,19,44,7,149,220,862,3.99,1,1,2,2,5,8,0,0,,,,
270,atl,34,144,606160,Rafael Montero,27,1.26,27.0,18,12,12,16,31,1,81,114,510,4.0,0,5,0,0,0,0,0,0,,,,
271,pit,29,134,656605,Mitch Keller,16,1.22,94.0,91,46,42,24,73,6,282,395,1486,4.02,0,0,0,1,10,16,0,0,CFL,CFL,10565,SP
272,fa,24,512,672456,Keider Montero,11,1.39,56.0,58,26,25,20,39,11,168,240,886,4.02,0,0,0,3,1,6,0,0,,,,
273,min,30,142,643377,Griffin Jax,36,1.23,33.1,33,16,15,8,56,4,100,141,553,4.05,0,16,4,1,4,0,0,0,WIZ,WIZ,12203,RP
274,cle,32,114,596001,Jakob Junis,30,1.44,33.1,39,16,15,9,24,3,100,144,534,4.05,0,3,0,1,1,0,0,0,,,,
275,cle,32,114,596001,Jakob Junis,30,1.44,33.1,39,16,15,9,24,3,100,144,534,4.05,0,3,0,1,1,0,0,0,,,,
276,atl,26,144,675911,Spencer Strider,8,1.14,42.0,31,20,19,17,53,5,126,174,712,4.07,0,0,0,3,5,8,0,0,HAM,HAM,12281,SP
277,mia,25,146,678368,Valente Bellozo,12,1.29,39.2,37,19,18,14,31,4,119,168,673,4.08,0,0,1,1,3,5,0,0,,,,
278,phi,27,143,666200,Jesús Luzardo,16,1.37,90.1,95,44,41,29,104,7,271,385,1524,4.08,0,0,0,7,3,16,0,0,LFB,LFB,10627,SP
279,hou,31,117,669854,Ronel Blanco,9,1.18,48.1,37,22,22,20,48,7,145,199,794,4.1,0,0,0,3,4,9,0,0,JEP,JEP,12590,SP
280,laa,28,108,656271,Brock Burke,36,1.63,30.2,35,14,14,15,26,4,92,140,535,4.11,0,9,2,4,1,0,0,0,,,,
281,laa,28,108,656271,Brock Burke,36,1.63,30.2,35,14,14,15,26,4,92,140,535,4.11,0,9,2,4,1,0,0,0,,,,
282,ari,23,109,679885,Justin Martinez,17,1.24,15.1,7,8,7,12,22,1,46,67,269,4.11,5,4,1,1,2,0,0,0,,,,
283,tex,31,140,657097,Jacob Webb,31,1.11,35.0,27,16,16,12,26,5,105,144,540,4.11,1,6,2,4,3,0,0,0,,,,
284,lad,31,119,607455,Anthony Banda,36,1.29,35.0,26,16,16,19,27,5,105,144,569,4.11,0,4,1,4,1,0,0,0,,,,
285,cle,32,114,670036,Matt Festa,21,1.02,19.2,14,9,9,6,18,0,59,79,261,4.12,0,6,0,1,1,0,0,0,,,,
286,cle,32,114,670036,Matt Festa,21,1.02,19.2,14,9,9,6,18,0,59,79,261,4.12,0,6,0,1,1,0,0,0,,,,
287,cin,28,113,663903,Brady Singer,15,1.3,80.2,72,40,37,33,67,9,242,341,1362,4.13,0,0,0,7,5,15,0,0,,,,
288,fa,27,4904,669308,Sean Reynolds,16,1.11,21.2,16,10,10,8,19,3,65,88,367,4.15,0,2,0,0,1,1,0,0,,,,
289,cin,31,113,664139,Ian Gibaut,23,1.31,23.2,23,11,11,8,15,3,71,101,362,4.18,0,3,1,0,1,0,0,0,,,,
290,wsh,28,120,663623,Jake Irvin,16,1.23,94.2,90,44,44,26,66,16,284,398,1472,4.18,0,0,0,6,3,16,0,0,,,,
291,cin,27,113,668933,Graham Ashcraft,29,1.51,34.1,38,21,16,14,38,2,103,151,563,4.19,0,9,2,5,4,0,0,0,,,,
292,sf,28,137,663546,Sean Hjelle,7,1.41,10.2,8,5,5,7,7,2,32,46,168,4.22,0,0,0,1,1,1,0,0,,,,
293,det,22,116,695549,Jackson Jobe,10,1.49,49.0,46,24,23,27,39,7,147,218,877,4.22,0,0,0,4,1,10,0,0,WAR,WAR,12422,"SP,RP"
294,laa,37,108,445276,Kenley Jansen,31,1.3,27.2,26,13,13,10,25,6,83,120,457,4.23,15,0,0,1,2,0,0,0,TBB,TBB,8758,RP
295,oak,32,133,605488,Jeffrey Springs,16,1.23,87.0,75,50,41,32,72,13,261,369,1442,4.24,0,0,0,6,5,14,0,0,,,,
296,lad,38,119,489446,Kirby Yates,29,1.33,23.1,24,12,11,7,36,4,70,101,434,4.24,2,12,2,4,2,0,0,0,,,,
297,tex,35,140,571578,Patrick Corbin,14,1.28,76.1,75,36,36,23,59,12,229,319,1208,4.24,0,0,0,4,7,14,1,0,,,,
298,oak,27,133,682052,Jacob Lopez,10,1.44,36.0,36,20,17,16,49,6,108,165,686,4.25,0,0,0,1,4,6,0,0,LAW,LAW,62642,SP
299,cle,26,114,671106,Logan Allen,15,1.5,72.0,76,38,34,32,54,8,216,319,1290,4.25,0,0,0,5,5,14,0,0,,,,
300,fa,34,235,554431,Tyler Matzek,7,2.53,6.1,11,3,3,5,7,0,19,35,127,4.26,0,0,0,0,0,0,0,0,,,,
301,fa,28,400,686993,Justin Sterner,29,1.43,27.1,25,14,13,14,30,5,82,123,518,4.28,0,7,4,1,3,1,0,0,,,,
302,cle,26,114,682847,Luis L. Ortiz,15,1.41,81.2,74,40,39,41,91,10,245,354,1399,4.3,0,0,0,4,8,15,0,0,,,,
303,stl,36,138,571945,Miles Mikolas,15,1.28,77.1,80,39,37,19,51,7,232,328,1221,4.31,0,0,0,4,5,15,0,0,,,,
304,col,25,115,678020,Seth Halvorsen,32,1.4,31.1,30,19,15,14,29,5,94,131,465,4.31,6,4,3,1,2,0,0,0,,,,
305,nyy,30,147,642528,Jonathan Loáisiga,16,1.26,16.2,15,9,8,6,15,4,50,73,260,4.32,0,4,2,0,1,0,0,0,,,,
306,nyy,31,121,664849,Danny Young,10,1.44,8.1,9,5,4,3,13,0,25,37,158,4.32,0,4,0,0,0,0,0,0,,,,
307,min,34,142,623437,Justin Topa,28,1.34,29.0,30,17,14,9,23,1,87,128,457,4.34,0,2,2,1,2,1,0,0,,,,
308,sf,29,137,676254,Ryan Walker,33,1.13,31.0,27,17,15,8,30,2,93,131,503,4.35,10,6,4,1,3,0,0,0,HAM,HAM,61627,RP
309,fa,28,556,663542,Bryan Hudson,12,1.94,10.1,8,7,5,12,13,0,31,54,234,4.35,0,2,0,0,1,0,0,0,,,,
310,tor,34,141,643338,Chad Green,34,1.33,33.0,36,17,16,8,28,10,99,138,519,4.36,1,4,0,2,2,0,0,0,,,,
311,cws,26,145,673929,Jordan Leasure,33,1.5,28.2,28,16,14,15,35,5,86,129,546,4.4,1,8,3,2,4,1,0,0,,,,
312,cin,34,113,607259,Nick Martinez,17,1.23,86.0,87,43,42,19,63,13,258,354,1309,4.4,0,1,0,4,8,15,0,0,B2J,B2J,9651,"SP,RP"
313,laa,35,108,542881,Tyler Anderson,16,1.37,85.2,84,46,42,33,70,15,257,375,1492,4.41,0,0,0,2,5,16,0,0,,,,
314,chc,34,112,607067,Colin Rea,16,1.39,73.1,83,37,36,19,54,13,220,312,1183,4.42,1,0,0,4,3,12,0,0,,,,
315,sd,29,135,656302,Dylan Cease,16,1.29,87.1,80,45,43,33,109,8,262,373,1514,4.43,0,0,0,3,6,16,0,0,LAW,LAW,10438,SP
316,cws,27,145,685126,Brandon Eisert,35,1.34,34.1,38,17,17,8,39,4,103,152,584,4.46,2,4,2,2,1,2,0,0,,,,
317,det,29,116,663947,Tyler Holton,33,1.27,36.1,38,19,18,8,30,8,109,150,556,4.46,0,7,3,3,3,4,0,0,,,,
318,chc,33,112,592791,Jameson Taillon,16,1.1,90.2,81,46,45,19,70,21,272,367,1386,4.47,0,0,0,7,5,16,0,0,HAM,HAM,9123,SP
319,stl,26,138,669467,Andre Pallante,15,1.31,82.1,81,43,41,27,58,11,247,352,1312,4.48,0,0,0,5,3,15,0,0,,,,
320,pit,34,134,571760,Andrew Heaney,16,1.25,86.1,78,43,43,30,64,14,259,363,1381,4.48,0,0,0,3,7,16,0,0,,,,
321,nyy,33,121,592773,Ryne Stanek,31,1.5,26.0,28,18,13,11,26,2,78,117,494,4.5,1,5,3,2,4,0,0,0,,,,
322,fa,29,105,663941,Tristan Beck,6,1.25,12.0,9,6,6,6,7,2,36,50,185,4.5,0,1,0,1,0,0,0,0,,,,
323,bal,35,110,552640,Andrew Kittredge,14,1.57,14.0,16,8,7,6,15,2,42,65,227,4.5,0,4,0,1,1,0,0,0,,,,
324,cws,25,145,680732,Sean Burke,15,1.42,76.0,73,44,38,35,61,11,228,333,1286,4.5,0,0,0,3,7,13,0,0,,,,
325,laa,25,108,672282,Reid Detmers,31,1.5,34.0,34,18,17,17,44,2,102,147,603,4.5,2,6,1,3,2,0,0,0,DRO,DRO,11926,"SP,RP"
326,fa,38,526,472610,Luis García,26,1.69,26.0,29,14,13,15,23,1,78,116,463,4.5,0,2,1,2,0,0,0,0,,,,
327,fa,38,526,472610,Luis García,26,1.69,26.0,29,14,13,15,23,1,78,116,463,4.5,0,2,1,2,0,0,0,0,,,,
328,hou,27,117,669713,Hayden Wesneski,6,1.09,32.0,29,16,16,6,29,7,96,131,508,4.5,0,0,0,1,3,6,0,0,,,,
329,fa,31,238,607192,Tyler Glasnow,5,1.28,18.0,12,9,9,11,23,4,54,77,306,4.5,0,0,0,1,0,5,0,0,TBB,TBB,9616,SP
330,nyy,29,121,673380,Dedniel Núñez,7,1.5,6.0,3,3,3,6,4,0,18,27,124,4.5,0,1,0,0,0,0,0,0,,,,
331,nyy,33,121,592773,Ryne Stanek,31,1.5,26.0,28,18,13,11,26,2,78,117,494,4.5,1,5,3,2,4,0,0,0,,,,
332,sf,42,137,434378,Justin Verlander,12,1.41,61.2,64,34,31,23,52,9,185,268,1028,4.52,0,0,0,0,5,12,0,0,CFL,CFL,7590,SP
333,tex,25,140,683004,Jack Leiter,13,1.32,65.1,54,33,33,32,51,9,196,278,1122,4.55,0,0,0,4,5,13,0,0,,,,
334,fa,23,533,690986,Kyle Harrison,8,1.27,23.2,21,12,12,9,25,4,71,100,388,4.56,0,1,0,1,1,4,0,0,TBB,TBB,12175,SP
335,fa,34,568,621199,Matt Bowman,18,1.29,21.2,23,12,11,5,16,3,65,95,381,4.57,0,0,0,0,1,0,0,0,,,,
336,tb,24,139,671737,Taj Bradley,16,1.28,86.2,76,52,44,35,77,12,260,366,1375,4.57,0,0,0,5,5,16,0,0,CFL,CFL,12554,SP
337,fa,34,568,621199,Matt Bowman,18,1.29,21.2,23,12,11,5,16,3,65,95,381,4.57,0,0,0,0,1,0,0,0,,,,
338,fa,34,568,621199,Matt Bowman,18,1.29,21.2,23,12,11,5,16,3,65,95,381,4.57,0,0,0,0,1,0,0,0,,,,
339,fa,34,568,621199,Matt Bowman,18,1.29,21.2,23,12,11,5,16,3,65,95,381,4.57,0,0,0,0,1,0,0,0,,,,
340,wsh,25,120,680730,Mitchell Parker,16,1.32,86.1,81,48,44,33,59,11,259,370,1396,4.59,0,0,0,5,8,16,0,0,,,,
341,tor,34,141,592332,Kevin Gausman,15,1.13,86.0,73,45,44,24,84,12,258,348,1400,4.6,0,0,0,5,6,15,0,0,B2J,B2J,9334,SP
342,bal,29,110,665152,Dean Kremer,16,1.34,90.0,97,48,46,24,72,12,270,384,1458,4.6,0,0,0,6,7,15,0,0,,,,
343,min,29,142,663978,Chris Paddack,16,1.23,85.1,81,48,44,24,60,11,256,359,1403,4.64,0,0,0,3,6,16,0,0,,,,
344,min,27,142,663485,Cole Sands,34,1.27,33.0,33,21,17,9,24,3,99,139,515,4.64,2,7,2,3,3,0,0,0,,,,
345,fa,24,494,686563,Jonathan Cannon,12,1.4,63.2,68,34,33,21,51,11,191,281,1093,4.66,0,0,0,2,7,10,0,0,,,,
346,nyy,26,147,701542,Will Warren,16,1.33,75.1,69,41,39,31,96,6,226,327,1306,4.66,0,0,0,4,4,16,0,0,,,,
347,fa,27,564,685107,Anthony Veneziano,24,1.67,21.0,25,11,11,10,20,4,63,100,411,4.71,0,4,1,0,0,1,0,0,,,,
348,bos,25,111,690916,Richard Fitts,5,1.29,21.0,20,12,11,7,15,5,63,91,332,4.71,0,0,0,0,3,5,0,0,,,,
349,fa,27,564,685107,Anthony Veneziano,24,1.67,21.0,25,11,11,10,20,4,63,100,411,4.71,0,4,1,0,0,1,0,0,,,,
350,stl,30,138,667463,John King,30,1.61,26.2,35,16,14,8,13,3,80,121,422,4.73,0,1,1,2,0,0,0,0,,,,
351,fa,27,531,687396,Brent Headrick,11,1.13,13.1,12,7,7,3,16,3,40,54,218,4.73,0,0,0,0,0,0,0,0,,,,
352,mia,26,146,676974,Max Meyer,12,1.42,64.2,72,39,34,20,68,12,194,285,1039,4.73,0,0,0,3,5,12,0,0,,,,
353,fa,31,568,666974,Yennier Cano,32,1.39,26.2,29,15,14,8,31,4,80,113,470,4.73,0,11,2,1,4,0,0,0,,,,
354,fa,28,342,663372,Ryan Feltner,6,1.48,30.1,33,17,16,12,25,4,91,135,522,4.75,0,0,0,0,2,6,0,0,,,,
355,laa,27,108,666171,Ryan Zeferjahn,33,1.41,28.1,26,15,15,14,36,6,85,124,511,4.76,1,14,3,4,1,0,0,0,B2J,B2J,61375,RP
356,atl,26,144,693821,Bryce Elder,12,1.33,66.0,68,35,35,20,55,11,198,281,1059,4.77,0,0,0,2,4,12,0,0,,,,
357,tb,26,139,669358,Shane Baz,15,1.33,82.2,76,44,44,34,77,14,248,352,1368,4.79,0,0,0,7,3,15,0,0,RV,RV,10934,SP
358,kc,33,118,547179,Michael Lorenzen,15,1.37,82.1,85,46,44,28,69,14,247,357,1359,4.81,0,0,0,4,7,15,0,0,,,,
359,kc,33,118,547179,Michael Lorenzen,15,1.37,82.1,85,46,44,28,69,14,247,357,1359,4.81,0,0,0,4,7,15,0,0,,,,
360,pit,25,134,681347,Mike Burrows,6,1.39,28.0,31,16,15,8,29,6,84,123,460,4.82,0,0,0,1,2,6,0,0,,,,
361,laa,35,108,543294,Kyle Hendricks,15,1.32,82.0,85,47,44,23,55,14,246,351,1301,4.83,0,0,0,5,6,15,0,0,TBB,TBB,9758,"SP,RP"
362,det,29,116,656427,Jack Flaherty,15,1.21,78.1,64,43,42,31,93,15,235,327,1373,4.83,0,0,0,5,8,15,0,0,B2J,B2J,10592,SP
363,det,29,116,656427,Jack Flaherty,15,1.21,78.1,64,43,42,31,93,15,235,327,1373,4.83,0,0,0,5,8,15,0,0,B2J,B2J,10592,SP
364,oak,31,133,622663,Luis Severino,17,1.35,100.2,105,57,54,31,68,9,302,440,1663,4.83,0,0,0,2,8,17,0,0,,,,
365,fa,25,234,669438,Mason Englert,13,1.39,22.1,27,13,12,4,22,2,67,97,367,4.84,0,0,0,0,0,0,0,0,,,,
366,ari,32,109,657044,Ryan Thompson,33,1.48,29.2,35,17,16,9,27,4,89,129,466,4.85,1,9,3,2,2,0,0,0,,,,
367,min,29,142,641927,Bailey Ober,16,1.37,86.1,97,48,47,21,69,17,259,377,1390,4.9,0,0,0,4,5,16,1,0,,,,
368,fa,28,556,665625,Elvis Peguero,6,1.64,7.1,8,6,4,4,5,1,22,36,146,4.91,0,1,0,0,0,0,0,0,,,,
369,nyy,30,147,642207,Devin Williams,33,1.23,29.1,24,18,16,12,37,1,88,126,528,4.91,10,7,1,2,2,0,0,0,TBB,TBB,11628,RP
370,lad,24,119,680736,Justin Wrobleski,6,1.23,29.1,28,17,16,8,28,4,88,123,462,4.91,0,0,0,3,2,2,0,0,,,,
371,tb,25,139,682254,Mason Montgomery,35,1.54,27.1,29,18,15,13,37,4,82,124,489,4.94,1,9,1,1,1,0,0,0,,,,
372,tb,27,139,670955,Edwin Uceta,33,1.42,31.0,30,17,17,14,32,8,93,136,519,4.94,0,12,2,5,1,0,0,0,,,,
373,fa,26,556,668964,Tobias Myers,6,1.8,20.0,26,11,11,10,15,2,60,96,368,4.95,0,0,0,1,1,5,0,0,,,,
374,oak,26,133,695243,Mason Miller,28,1.19,28.2,19,17,16,15,47,4,86,119,463,5.02,14,0,3,1,2,0,0,0,SAD,SAD,12505,RP
375,cws,30,145,650644,Aaron Civale,7,1.47,34.0,38,19,19,12,25,7,102,149,586,5.03,0,0,0,1,4,7,0,0,,,,
376,cws,30,145,650644,Aaron Civale,7,1.47,34.0,38,19,19,12,25,7,102,149,586,5.03,0,0,0,1,4,7,0,0,,,,
377,fa,31,102,676961,Caleb Boushley,15,1.32,30.1,35,18,17,5,29,4,91,128,482,5.04,1,0,0,0,0,0,0,0,,,,
378,fa,31,422,622253,Dillon Tate,5,2.44,5.1,7,3,3,6,7,1,16,30,118,5.06,0,0,0,0,0,0,0,0,,,,
379,min,24,142,680573,Simeon Woods Richardson,11,1.46,53.1,57,32,30,21,46,8,160,235,930,5.06,0,0,0,2,4,10,0,0,,,,
380,wsh,27,120,647336,Michael Soroka,10,1.09,53.1,44,30,30,14,59,10,160,223,874,5.06,0,0,0,3,5,10,0,0,,,,
381,fa,31,422,622253,Dillon Tate,5,2.44,5.1,7,3,3,6,7,1,16,30,118,5.06,0,0,0,0,0,0,0,0,,,,
382,oak,25,133,680880,Grant Holman,22,1.52,23.0,26,14,13,9,17,3,69,103,376,5.09,0,3,2,4,2,2,0,0,,,,
383,cws,33,145,592155,Cam Booser,30,1.42,24.2,21,16,14,14,27,5,74,112,451,5.11,1,7,3,1,4,0,0,0,,,,
384,mia,30,146,622786,Jesus Tinoco,20,1.29,19.1,17,12,11,8,10,1,58,80,304,5.12,4,4,2,2,1,0,0,0,,,,
385,mia,30,146,622786,Jesus Tinoco,20,1.29,19.1,17,12,11,8,10,1,58,80,304,5.12,4,4,2,2,1,0,0,0,,,,
386,chc,24,112,687863,Porter Hodge,21,1.5,19.1,18,12,11,11,19,2,58,84,344,5.12,2,6,2,2,1,0,0,0,,,,
387,mia,30,146,622786,Jesus Tinoco,20,1.29,19.1,17,12,11,8,10,1,58,80,304,5.12,4,4,2,2,1,0,0,0,,,,
388,fa,27,238,689017,Landon Knack,9,1.47,38.2,39,24,22,18,35,10,116,172,718,5.12,0,0,0,3,2,7,0,0,,,,
389,col,32,115,607536,Kyle Freeland,14,1.53,73.2,98,54,42,15,57,8,221,328,1155,5.13,0,0,0,1,8,14,0,0,,,,
390,sea,25,136,666619,Gregory Santos,8,2.29,7.0,8,6,4,8,0,0,21,36,132,5.14,0,1,1,1,1,0,0,0,,,,
391,bal,25,110,700249,Cade Povich,13,1.5,64.2,74,40,37,23,68,10,194,285,1153,5.15,0,0,0,2,5,12,0,0,,,,
392,kc,27,118,666142,Cole Ragans,10,1.29,48.2,47,29,28,16,76,5,146,209,873,5.18,0,0,0,2,3,10,0,0,RV,RV,10610,SP
393,laa,30,108,641401,Connor Brogdon,18,1.16,19.0,15,12,11,7,15,4,57,78,311,5.21,0,2,0,1,0,0,0,0,,,,
394,laa,30,108,641401,Connor Brogdon,18,1.16,19.0,15,12,11,7,15,4,57,78,311,5.21,0,2,0,1,0,0,0,0,,,,
395,fa,29,582,674944,Sean Guenther,9,1.45,10.1,10,7,6,5,8,0,31,43,154,5.23,0,2,0,0,1,1,0,0,,,,
396,oak,26,133,669372,J.T. Ginn,6,1.39,22.1,24,13,13,7,27,6,67,97,394,5.24,0,1,0,1,2,4,0,0,,,,
397,cws,30,145,641302,Tyler Alexander,25,1.5,48.0,56,35,28,16,37,3,144,212,792,5.25,1,1,1,4,7,4,0,0,,,,
398,pit,31,134,621366,Ryan Borucki,29,1.25,25.2,21,17,15,11,22,3,77,105,429,5.26,0,6,3,1,3,0,0,0,,,,
399,tor,32,141,656546,Jeff Hoffman,34,1.11,32.1,26,20,19,10,44,8,97,133,510,5.29,17,0,4,6,2,0,0,0,TBB,TBB,9896,RP
400,phi,32,143,605452,Joe Ross,26,1.43,37.0,40,23,22,13,27,7,111,165,616,5.35,0,0,2,2,1,1,0,0,,,,
401,fa,33,1960,570632,José Ureña,9,1.53,18.1,23,11,11,5,10,5,55,82,304,5.4,1,0,0,0,0,2,0,0,,,,
402,ari,32,109,593958,Eduardo Rodriguez,13,1.58,66.2,81,47,40,24,74,11,200,304,1120,5.4,0,0,0,3,4,13,0,0,,,,
403,fa,27,451,681799,Ethan Roberts,9,1.2,8.1,8,5,5,2,6,2,25,35,127,5.4,0,0,0,1,0,0,0,0,,,,
404,sea,26,136,676106,Emerson Hancock,13,1.43,66.1,71,40,40,24,50,14,199,283,1060,5.43,0,0,0,3,3,13,0,0,,,,
405,oak,29,133,676664,JP Sears,16,1.33,81.0,89,49,49,19,63,18,243,351,1416,5.44,0,0,0,5,7,16,0,0,,,,
406,bal,31,110,621107,Zach Eflin,11,1.38,61.0,73,38,37,11,42,15,183,261,936,5.46,0,0,0,6,4,11,0,0,,,,
407,bal,31,110,621107,Zach Eflin,11,1.38,61.0,73,38,37,11,42,15,183,261,936,5.46,0,0,0,6,4,11,0,0,,,,
408,det,28,116,672578,Carlos Hernández,27,1.75,28.0,35,18,17,14,27,4,84,134,484,5.46,0,1,0,1,0,0,0,0,,,,
409,sea,29,136,676092,Collin Snider,24,1.44,26.1,32,20,16,6,24,3,79,119,477,5.47,0,4,0,2,1,0,0,0,,,,
410,pit,26,134,669387,Carmen Mlodzinski,13,1.68,47.2,64,31,29,16,34,7,143,220,843,5.48,0,0,0,1,5,9,0,0,,,,
411,hou,33,117,672391,Kaleb Ort,22,1.27,21.1,16,13,13,11,21,3,64,87,357,5.48,0,1,0,1,1,0,0,0,,,,
412,laa,24,108,686799,Jack Kochanowicz,16,1.55,82.0,89,51,50,38,59,15,246,358,1326,5.49,0,0,0,3,8,16,0,0,,,,
413,ari,26,109,694297,Brandon Pfaadt,16,1.39,80.1,92,51,49,20,65,16,241,355,1386,5.49,0,0,0,8,5,16,0,0,B2J,B2J,60056,SP
414,wsh,25,120,678606,Jose A. Ferrer,39,1.29,41.0,43,27,25,10,34,3,123,175,642,5.49,0,14,1,2,3,0,0,0,,,,
415,oak,36,133,519008,T.J. McFarland,26,1.77,14.2,23,9,9,3,7,2,44,68,245,5.52,0,7,1,0,0,0,0,0,,,,
416,mia,30,146,615698,Cal Quantrill,15,1.46,68.0,78,43,42,21,51,10,204,292,1201,5.56,0,0,0,3,7,15,0,0,,,,
417,ari,29,109,668678,Zac Gallen,16,1.4,91.2,87,60,57,41,86,17,275,399,1515,5.6,0,0,0,5,8,16,0,0,,,,
418,bal,41,110,450203,Charlie Morton,18,1.57,72.0,79,47,45,34,77,10,216,330,1300,5.63,0,0,0,4,7,12,0,0,,,,
419,atl,35,144,628452,Raisel Iglesias,31,1.43,28.2,35,19,18,6,30,7,86,125,445,5.65,9,2,4,4,5,0,0,0,,,,
420,wsh,33,120,592866,Trevor Williams,16,1.47,79.2,97,52,50,20,61,9,239,354,1362,5.65,0,0,0,3,9,16,0,0,,,,
421,sea,26,136,682243,Bryce Miller,10,1.54,48.2,52,31,31,23,39,5,146,216,871,5.73,0,0,0,2,5,10,0,0,HAM,HAM,12540,SP
422,fa,33,552,657240,Julian Merryweather,21,1.82,18.2,23,13,12,11,15,2,56,88,353,5.79,0,8,0,0,1,0,0,0,,,,
423,col,30,115,608566,Germán Márquez,16,1.64,77.2,103,62,50,24,56,8,233,362,1252,5.79,0,0,0,3,9,16,0,0,,,,
424,wsh,25,120,694350,Zach Brzykcy,20,1.45,18.2,18,12,12,9,19,5,56,83,356,5.79,0,0,0,0,0,0,0,0,,,,
425,fa,28,422,687922,Easton Lucas,5,1.43,21.2,21,14,14,10,22,5,65,93,368,5.82,0,0,0,3,2,4,0,0,,,,
426,fa,28,422,687922,Easton Lucas,5,1.43,21.2,21,14,14,10,22,5,65,93,368,5.82,0,0,0,3,2,4,0,0,,,,
427,fa,28,422,687922,Easton Lucas,5,1.43,21.2,21,14,14,10,22,5,65,93,368,5.82,0,0,0,3,2,4,0,0,,,,
428,bos,30,111,677161,Zack Kelly,15,1.4,20.0,20,16,13,8,20,2,60,89,321,5.85,0,2,1,1,3,0,0,0,,,,
429,fa,38,531,471911,Carlos Carrasco,8,1.53,32.0,39,21,21,10,25,7,96,142,514,5.91,0,0,0,2,2,6,0,0,,,,
430,col,22,115,683409,Angel Chivilli,21,1.55,30.1,34,23,20,13,22,6,91,137,500,5.93,0,1,0,1,2,0,0,0,,,,
431,wsh,26,120,671131,Jackson Rutledge,26,1.56,33.1,38,24,22,14,29,7,100,153,633,5.94,0,1,0,1,1,0,0,0,,,,
432,ari,33,109,605463,Tayler Scott,21,1.72,22.2,23,16,15,16,20,1,68,107,436,5.96,0,3,1,1,2,0,0,0,,,,
433,oak,31,133,600917,José Leclerc,10,2.0,9.0,13,6,6,5,8,3,27,46,229,6.0,0,1,2,0,1,0,0,0,,,,
434,fa,28,533,681867,Cooper Criswell,5,1.89,9.0,14,9,6,3,4,2,27,46,162,6.0,1,0,0,1,0,0,0,0,,,,
435,tor,29,141,670102,Bowden Francis,14,1.53,64.0,71,46,43,27,54,19,192,288,1141,6.05,0,0,0,2,8,14,0,0,,,,
436,fa,35,105,518397,Scott Alexander,19,1.65,16.1,20,11,11,7,6,4,49,72,270,6.06,0,3,1,1,1,0,0,0,,,,
437,fa,27,2310,686826,Bryce Jarvis,7,1.45,10.1,10,7,7,5,11,1,31,45,182,6.1,1,0,0,0,0,0,0,0,,,,
438,fa,25,451,676962,Ben Brown,16,1.53,79.1,94,55,54,27,91,13,238,359,1336,6.13,0,0,0,4,6,14,0,0,TBB,TBB,12748,"SP,RP"
439,fa,29,400,674370,Osvaldo Bido,12,1.76,48.1,62,37,33,23,34,12,145,228,861,6.14,0,0,0,2,4,9,0,0,,,,
440,sea,27,136,669923,George Kirby,6,1.4,30.2,35,21,21,8,33,7,92,132,527,6.16,0,0,0,1,3,6,0,0,CFL,CFL,11826,SP
441,phi,32,143,605400,Aaron Nola,9,1.51,49.2,59,35,34,16,52,11,149,220,863,6.16,0,0,0,1,7,9,0,0,SAD,SAD,9882,SP
442,fa,35,402,623149,Paul Sewald,14,1.29,11.2,13,8,8,2,15,3,35,48,189,6.17,1,3,1,1,1,0,0,0,,,,
443,fa,26,238,669422,Matt Sauer,9,1.45,27.2,32,21,19,8,22,5,83,120,468,6.18,1,0,0,2,1,1,0,0,,,,
444,laa,24,108,690829,Ben Joyce,5,1.38,4.1,5,4,3,1,1,1,13,20,70,6.23,0,2,2,1,0,0,0,0,,,,
445,bos,30,111,621111,Walker Buehler,13,1.57,63.0,70,46,44,29,56,13,189,289,1122,6.29,0,0,0,5,5,13,0,0,,,,
446,min,27,142,666214,Joey Wentz,23,1.69,31.1,37,24,22,16,26,4,94,148,585,6.32,0,0,1,2,1,0,0,0,,,,
447,min,27,142,666214,Joey Wentz,23,1.69,31.1,37,24,22,16,26,4,94,148,585,6.32,0,0,1,2,1,0,0,0,,,,
448,sea,31,136,663423,Trent Thornton,20,1.5,22.2,24,16,16,10,17,6,68,102,391,6.35,0,5,1,1,0,0,0,0,,,,
449,fa,28,451,650893,Génesis Cabrera,15,1.35,17.0,17,12,12,6,15,5,51,71,260,6.35,0,1,0,0,0,0,0,0,,,,
450,min,25,142,701581,David Festa,7,1.61,31.0,35,25,22,15,32,6,93,143,567,6.39,0,0,0,1,2,6,0,0,,,,
451,oak,31,133,621053,Tyler Ferguson,35,1.49,33.2,30,26,24,20,31,3,101,149,603,6.42,1,9,3,2,2,0,0,0,,,,
452,fa,35,400,543518,Scott McGough,7,1.71,7.0,6,5,5,6,5,1,21,35,136,6.43,0,0,0,0,0,0,0,0,,,,
453,fa,28,533,663855,Jordan Hicks,13,1.54,48.2,55,36,35,20,43,3,146,217,825,6.47,0,1,0,1,5,9,0,0,,,,
454,col,30,115,622608,Antonio Senzatela,16,1.9,76.1,117,62,55,28,40,12,229,366,1384,6.48,0,0,0,3,10,15,0,0,,,,
455,phi,32,143,605447,Jordan Romano,31,1.48,27.2,28,21,20,13,35,4,83,121,464,6.51,8,6,2,0,3,0,0,0,,,,
456,fa,27,512,689225,Beau Brieske,22,1.64,22.0,24,20,16,12,16,5,66,103,405,6.55,1,5,1,1,3,1,0,0,,,,
457,wsh,32,120,605347,Jorge López,26,1.3,24.2,25,18,18,7,17,1,74,106,387,6.57,1,5,3,6,0,0,0,0,,,,
458,wsh,32,120,605347,Jorge López,26,1.3,24.2,25,18,18,7,17,1,74,106,387,6.57,1,5,3,6,0,0,0,0,,,,
459,nyy,31,121,621112,Paul Blackburn,5,1.75,17.2,24,14,13,7,13,2,53,84,330,6.62,1,0,0,0,2,3,0,0,,,,
460,fa,25,235,700669,Gordon Graceffo,10,1.3,17.2,19,16,13,4,15,1,53,77,299,6.62,1,0,0,2,0,0,0,0,,,,
461,fa,25,494,672782,Yoendrys Gómez,12,1.87,17.2,20,14,13,13,13,3,53,86,330,6.62,1,0,0,1,1,0,0,0,,,,
462,nyy,31,121,621112,Paul Blackburn,5,1.75,17.2,24,14,13,7,13,2,53,84,330,6.62,1,0,0,0,2,3,0,0,,,,
463,tex,25,140,677958,Kumar Rocker,8,1.66,33.2,45,26,25,11,31,4,101,157,597,6.68,0,0,0,3,4,8,0,0,RV,RV,60427,SP
464,fa,27,494,686642,Fraser Ellard,7,1.05,6.2,1,5,5,6,10,0,20,25,114,6.75,0,1,0,0,2,0,0,0,,,,
465,col,34,115,641755,Tyler Kinley,34,1.68,32.2,31,28,25,24,32,2,98,155,645,6.89,2,5,3,0,3,0,0,0,,,,
466,fa,28,235,688297,Chris Roycroft,14,1.77,13.0,14,12,10,9,9,0,39,61,243,6.92,0,2,0,1,3,0,0,0,,,,
467,fa,27,4904,689690,Alek Jacob,22,1.76,23.1,31,19,18,10,18,6,70,114,438,6.94,0,3,0,1,0,0,0,0,,,,
468,fa,27,494,669060,Bryse Wilson,19,1.9,45.1,67,37,35,19,27,11,136,218,833,6.95,0,0,0,0,2,5,0,0,,,,
469,fa,26,484,693312,Kyle Nicolas,10,1.83,12.0,13,10,10,9,8,2,36,60,245,7.5,0,0,0,0,0,0,0,0,,,,
470,fa,28,1960,681892,Kody Funderburk,9,1.92,12.0,18,10,10,5,9,2,36,58,224,7.5,0,0,0,1,0,0,0,0,,,,
471,cws,30,145,612434,Miguel Castro,6,1.67,6.0,5,5,5,5,4,1,18,28,105,7.5,0,1,0,0,0,0,0,0,,,,
472,fa,24,342,678821,Luis Peralta,9,2.16,8.1,10,9,7,8,5,1,25,44,192,7.56,0,1,0,1,1,0,0,0,,,,
473,fa,30,561,641312,Shaun Anderson,6,1.78,10.2,16,9,9,3,10,4,32,50,194,7.59,0,1,1,1,0,0,0,0,,,,
474,fa,30,561,641312,Shaun Anderson,6,1.78,10.2,16,9,9,3,10,4,32,50,194,7.59,0,1,1,1,0,0,0,0,,,,
475,fa,35,431,605154,John Brebbia,19,1.77,18.2,22,18,16,11,20,3,56,93,375,7.71,0,2,0,1,0,0,0,0,,,,
476,fa,35,431,605154,John Brebbia,19,1.77,18.2,22,18,16,11,20,3,56,93,375,7.71,0,2,0,1,0,0,0,0,,,,
477,fa,34,238,608717,Chris Stratton,15,2.0,21.0,32,20,18,10,22,4,63,104,411,7.71,0,0,0,0,0,0,0,0,,,,
478,fa,37,451,628317,Kenta Maeda,7,1.88,8.0,9,8,7,6,8,1,24,43,171,7.88,0,0,0,0,0,0,0,0,,,,
479,fa,34,494,605182,Mike Clevinger,8,2.29,5.2,5,5,5,8,3,0,17,31,114,7.94,0,2,0,0,2,0,0,0,,,,
480,fa,26,564,666277,George Soriano,12,1.77,20.1,25,19,18,11,21,6,61,95,386,7.97,0,0,0,1,0,0,0,0,,,,
481,cws,26,145,694363,Jared Shuster,12,2.04,15.2,27,15,14,5,12,0,47,82,280,8.04,0,0,0,0,0,2,0,0,,,,
482,fa,28,533,656557,Tanner Houck,9,1.69,43.2,57,41,39,17,32,10,131,203,749,8.04,0,0,0,0,3,9,0,0,,,,
483,bos,29,111,660896,Jorge Alcala,25,1.69,26.2,30,25,24,15,30,5,80,122,512,8.1,0,1,1,0,2,0,0,0,,,,
484,fa,25,235,682610,Roddery Muñoz,6,1.5,6.2,6,6,6,4,7,2,20,30,132,8.1,0,0,0,0,0,0,0,0,,,,
485,wsh,27,120,674285,Eduardo Salazar,26,2.21,25.1,42,24,23,14,20,5,76,132,478,8.17,0,2,1,0,1,0,0,0,,,,
486,wsh,27,120,674285,Eduardo Salazar,26,2.21,25.1,42,24,23,14,20,5,76,132,478,8.17,0,2,1,0,1,0,0,0,,,,
487,fa,29,568,672335,Cionel Pérez,19,2.12,21.2,28,22,20,18,21,3,65,110,437,8.31,0,0,0,0,0,0,0,0,,,,
488,fa,31,556,606303,Joel Payamps,23,1.69,18.1,25,17,17,6,16,3,55,84,306,8.35,1,3,0,0,1,0,0,0,,,,
489,laa,36,108,593576,Héctor Neris,22,1.57,14.0,15,13,13,7,20,3,42,63,285,8.36,0,7,2,3,1,0,0,0,,,,
490,laa,36,108,593576,Héctor Neris,22,1.57,14.0,15,13,13,7,20,3,42,63,285,8.36,0,7,2,3,1,0,0,0,,,,
491,fa,27,1960,687362,Connor Gillispie,6,1.65,26.0,32,26,25,11,23,6,78,123,471,8.65,0,0,0,0,3,6,0,0,,,,
492,fa,30,431,614179,José Ruiz,18,1.96,16.1,23,17,16,9,15,3,49,79,302,8.82,0,3,0,1,0,0,0,0,,,,
493,pit,29,134,670059,Colin Holderman,14,2.07,15.0,20,15,15,11,11,3,45,74,279,9.0,0,2,2,0,1,0,0,0,,,,
494,fa,29,5434,664351,Luis Contreras,7,1.89,9.0,11,9,9,6,10,2,27,43,172,9.0,0,1,0,0,0,0,0,0,,,,
495,fa,35,422,606930,Jacob Barnes,6,1.63,8.0,10,9,8,3,5,1,24,36,146,9.0,0,0,0,0,1,0,0,0,,,,
496,kc,29,118,669674,Sam Long,9,2.11,9.0,12,12,10,7,7,2,27,45,192,10.0,0,0,0,0,2,0,0,0,,,,
497,fa,32,484,663432,Tanner Rainey,11,1.7,7.2,7,9,9,6,9,0,23,37,156,10.57,0,2,1,0,1,0,0,0,,,,
498,fa,27,235,681676,Ryan Fernandez,11,2.31,8.2,15,13,11,5,7,2,26,45,158,11.42,0,2,1,0,2,0,0,0,,,,
499,fa,31,552,621363,Colin Poche,13,2.54,8.2,10,12,11,12,10,1,26,46,215,11.42,0,0,0,1,2,0,0,0,,,,
500,ari,31,109,656464,Kevin Ginkel,17,2.0,14.0,18,19,18,10,18,2,42,73,301,11.57,1,5,1,1,3,0,0,0,,,,
501,fa,27,400,687424,Anthony Maldonado,6,2.5,6.0,10,8,8,5,7,3,18,33,129,12.0,0,0,0,0,0,0,0,0,,,,
502,fa,28,238,664747,Alexis Díaz,6,2.17,6.0,8,8,8,5,3,4,18,33,131,12.0,0,2,0,0,0,0,0,0,,,,
503,fa,23,529,700187,Troy Taylor,8,2.55,6.2,14,9,9,3,2,2,20,37,136,12.15,0,0,0,0,0,0,0,0,,,,
504,chc,29,112,669212,Eli Morgan,7,2.05,7.1,12,10,10,3,4,3,22,35,132,12.27,0,0,1,0,1,0,0,0,,,,
505,fa,28,451,663878,Nate Pearson,9,2.53,10.2,18,15,15,9,6,2,32,59,211,12.66,0,1,0,0,1,0,0,0,,,,
506,fa,28,451,663878,Nate Pearson,9,2.53,10.2,18,15,15,9,6,2,32,59,211,12.66,0,1,0,0,1,0,0,0,,,,
507,fa,24,342,687134,Bradley Blalock,5,2.06,16.0,27,23,23,6,8,6,48,78,299,12.94,0,0,0,0,2,3,0,0,,,,
508,fa,24,342,687134,Bradley Blalock,5,2.06,16.0,27,23,23,6,8,6,48,78,299,12.94,0,0,0,0,2,3,0,0,,,,
509,tb,27,139,666215,Forrest Whitley,9,2.0,11.0,16,16,16,6,9,3,33,57,212,13.09,0,0,0,0,0,0,0,0,,,,
510,fa,27,400,671305,Michel Otañez,6,2.25,5.1,7,8,8,5,6,2,16,28,121,13.5,0,1,0,0,0,0,0,0,,,,
511,fa,31,1410,608371,Lucas Sims,18,2.27,12.1,14,19,19,14,13,2,37,72,279,13.86,0,1,1,1,0,0,0,0,,,,
512,fa,31,1410,608371,Lucas Sims,18,2.27,12.1,14,19,19,14,13,2,37,72,279,13.86,0,1,1,1,0,0,0,0,,,,
513,wsh,26,120,702795,Ryan Loutos,7,2.29,7.0,11,13,11,5,4,1,21,39,126,14.14,0,0,0,1,0,0,0,0,,,,
514,tor,31,141,657024,Erik Swanson,6,2.44,5.1,8,9,9,5,3,2,16,30,128,15.19,0,0,0,1,0,0,0,0,,,,
515,ari,34,109,573009,Joe Mantiply,10,3.0,9.2,26,17,17,3,8,5,29,58,192,15.83,0,0,1,0,1,0,0,0,,,,
