rank,team,age,teamId,playerId,full_name,gamesPitched,whip,inningsPitched,hits,runs,earnedRuns,baseOnBalls,strikeOuts,homeRuns,outs,battersFaced,pitchesThrown,era,saves,holds,blownSaves,wins,losses,sportAbbrev
1,tor,22,141,702056,Trey Yesavage,28,1.03,112.0,67,44,39,48,176,8,336,451,,3.13,0,0,0,6,1,ALL (5)
1,nym,24,121,690997,Nolan McLean,29,1.10,161.2,112,48,42,66,184,12,485,655,,2.34,0,0,0,13,6,ALL (3)
1,mia,21,146,806258,Thomas White,21,1.18,89.2,55,25,23,51,145,2,269,376,,2.31,0,0,0,4,3,ALL (3)
1,phi,22,143,691725,Andrew Painter,26,1.49,118.0,129,72,69,47,123,20,354,520,,5.26,0,0,0,5,8,ALL (2)
1,atl,19,144,807284,Cam Caminiti,17,1.26,70.0,60,28,24,28,90,5,210,295,,3.09,0,0,0,2,4,ALL (2)
2,stl,21,138,824604,Liam Doyle,2,1.36,3.2,3,1,1,2,6,1,11,15,,2.45,0,0,0,0,0,ALL (2)
2,pit,23,134,696149,Bubba Chandler,31,1.35,131.1,120,60,59,57,152,10,394,566,,4.04,1,0,0,9,7,ALL (2)
2,sd,18,135,828244,Kruz Schoolcraft,1,2.40,1.2,1,2,2,3,4,0,5,9,,10.80,0,0,0,0,0,A
2,nyy,22,147,801739,Carlos Lagrange,24,1.20,120.0,82,51,47,62,168,8,360,503,,3.53,0,0,0,11,8,ALL (2)
2,ana,23,108,696270,Ryan Johnson,26,1.11,72.0,65,28,24,15,81,7,216,291,,3.00,1,1,2,5,4,ALL (2)
2,cws,22,145,702273,Noah Schultz,17,1.67,73.0,77,40,38,45,76,6,219,327,,4.68,0,0,0,4,5,ALL (2)
2,bos,23,111,801139,Payton Tolle,27,1.08,108.0,86,47,42,31,152,15,324,438,,3.50,1,0,0,3,6,ALL (4)
2,atl,22,144,702275,JR Ritchie,26,1.01,140.0,87,46,41,54,140,12,420,564,,2.64,0,0,0,8,6,ALL (3)
3,ana,23,108,691946,George Klassen,25,1.46,108.2,112,70,63,47,134,8,326,484,,5.22,0,0,0,4,12,ALL (2)
3,sd,19,135,814232,Humberto Cruz,14,1.53,38.0,41,32,32,17,35,8,114,171,,7.58,0,0,0,0,7,ALL (2)
3,chc,24,112,694393,Jaxon Wiggins,19,1.03,78.0,44,24,19,36,97,4,234,313,,2.19,0,0,0,3,4,ALL (3)
3,tb,23,139,811315,Brody Hopkins,25,1.25,116.0,85,48,35,60,141,7,348,492,,2.72,0,0,0,5,7,AA
3,oak,22,133,695611,Gage Jump,26,1.10,112.2,90,50,41,34,131,7,338,461,,3.28,0,0,0,9,7,ALL (2)
3,nyy,22,147,695684,Elmer Rodríguez,27,1.07,150.0,104,52,43,57,176,3,450,607,,2.58,0,0,0,11,8,ALL (3)
3,mia,22,146,702281,Robby Snelling,25,1.11,136.0,112,43,38,39,166,10,408,547,,2.51,0,0,0,9,7,ALL (2)
3,tex,22,140,692030,Jose Corniell,14,0.91,39.2,26,14,11,10,42,2,119,155,,2.50,0,0,0,1,3,ALL (4)
3,was,21,120,805809,Travis Sykora,12,0.77,45.1,18,9,9,17,79,0,136,169,,1.79,0,0,0,3,1,ALL (4)
4,oak,23,133,804556,Braden Nett,24,1.47,105.2,107,49,44,48,116,8,317,468,,3.75,0,0,0,6,7,ALL (2)
4,bos,23,111,813349,Connelly Early,25,1.10,119.2,88,44,34,44,161,5,359,493,,2.56,0,0,1,11,5,ALL (3)
4,pit,25,134,682995,Hunter Barco,29,1.19,102.1,73,31,31,49,119,5,307,429,,2.73,0,0,0,5,1,ALL (3)
4,phi,22,143,805906,Gage Wood,1,1.50,2.0,1,1,1,2,5,0,6,9,,4.50,0,0,0,0,1,A
4,sd,20,135,824026,Kash Mayfield,19,1.22,60.2,46,26,20,28,88,2,182,258,,2.97,0,0,0,1,5,A
4,hou,23,117,699044,Miguel Ullola,28,1.35,113.2,75,49,49,78,131,7,341,492,,3.88,1,0,1,7,6,AAA
4,was,21,120,703186,Jarlin Susana,14,1.31,56.1,40,23,22,34,95,3,169,244,,3.51,0,0,0,1,4,ALL (2)
4,sea,19,136,815549,Ryan Sloan,21,1.16,82.0,80,40,34,15,90,5,246,333,,3.73,0,0,0,2,4,ALL (2)
4,nym,22,121,804636,Jonah Tong,27,1.04,132.1,82,40,34,56,201,5,397,529,,2.31,0,0,0,12,8,ALL (3)
4,tex,23,140,692437,Winston Santos,6,1.67,17.1,22,13,13,7,26,0,52,78,,6.75,0,0,0,0,0,ALL (2)
5,was,22,120,691384,Luis Perales,3,1.29,2.1,0,2,2,3,4,0,7,9,,7.71,0,2,0,0,0,ALL (2)
5,col,23,115,701679,Brody Brecht,20,1.36,61.0,48,19,17,35,95,2,183,263,,2.51,0,0,0,1,5,ALL (2)
5,tor,19,141,803516,Johnny King,18,1.31,61.2,44,22,17,37,105,4,185,266,,2.48,0,1,0,1,3,ALL (2)
5,nyy,23,147,701480,Bryce Cunningham,12,1.12,54.1,42,20,17,19,55,4,163,220,,2.82,0,0,0,5,3,A+
5,sd,23,135,700280,Miguel Mendez,21,1.22,95.0,71,38,34,45,118,7,285,402,,3.22,0,0,0,8,7,ALL (3)
5,min,23,142,696070,Kendry Rojas,19,1.55,69.0,75,42,36,32,90,7,207,312,,4.70,0,0,0,2,5,ALL (5)
5,stl,25,138,687273,Quinn Mathews,24,1.55,99.0,79,44,41,74,115,6,297,440,,3.73,0,0,0,4,7,ALL (3)
5,cws,22,145,696146,Hagen Smith,20,1.30,75.2,42,31,30,56,108,5,227,319,,3.57,0,0,0,3,3,AA
5,nym,25,121,687075,Brandon Sproat,30,1.24,141.2,115,73,68,60,130,9,425,596,,4.32,0,0,0,8,8,ALL (2)
5,mil,23,158,701656,Logan Henderson,21,1.08,103.0,79,37,36,32,120,12,309,411,,3.15,0,0,0,13,4,ALL (2)
5,cin,23,113,695076,Rhett Lowder,5,1.93,9.1,15,12,11,3,13,2,28,49,,10.61,0,0,0,0,3,ALL (3)
6,kc,19,118,815789,David Shields,19,1.02,75.2,62,26,20,15,86,4,227,302,,2.38,0,0,0,3,2,ALL (2)
6,ari,25,109,684442,Kohl Drake,20,1.25,89.1,76,46,42,36,106,10,268,376,,4.23,0,0,0,6,6,ALL (3)
6,nyy,23,147,696292,Ben Hess,22,1.07,103.1,65,43,37,46,139,3,310,421,,3.22,0,0,0,7,4,ALL (2)
6,bal,18,110,821757,Esteban Mejia,14,1.29,52.0,36,25,17,31,67,0,156,227,,2.94,0,0,0,1,4,ALL (2)
6,cle,23,114,701590,Khal Stephen,22,0.99,103.0,82,32,29,20,110,5,309,406,,2.53,1,0,0,9,2,ALL (4)
6,atl,21,144,803833,Garrett Baumann,23,1.24,113.2,110,48,43,31,108,10,341,481,,3.40,0,0,0,6,9,A+
6,la,21,119,701328,Jackson Ferris,26,1.46,126.0,118,59,54,66,135,9,378,557,,3.86,0,0,0,10,7,AA
6,tor,22,141,804948,Gage Stanifer,27,1.17,110.0,71,38,35,58,161,4,330,453,,2.86,4,0,0,8,6,ALL (3)
6,sd,22,135,699134,Bradgley Rodriguez,40,1.06,44.1,28,15,14,19,47,1,133,181,,2.84,5,5,3,7,0,ALL (3)
6,tb,21,139,820901,Anderson Brito,12,1.30,49.1,36,20,18,28,65,1,148,209,,3.28,0,0,0,0,1,A+
7,bos,25,111,687562,Jake Bennett,19,1.08,75.1,62,20,19,19,64,3,226,297,,2.27,0,0,0,2,5,ALL (3)
7,tex,23,140,699314,David Davalillo,23,0.93,107.0,71,30,29,28,126,6,321,426,,2.44,0,0,0,6,4,ALL (2)
7,tb,21,139,702650,Michael Forret,19,0.82,74.0,40,17,13,21,91,3,222,282,,1.58,0,0,0,2,2,ALL (2)
7,cin,22,113,695534,Chase Petty,29,1.71,118.2,137,105,93,66,109,20,356,560,,7.05,0,0,0,6,16,ALL (2)
7,min,20,142,815598,Dasan Hill,19,1.35,62.0,44,26,22,40,83,2,186,267,,3.19,0,0,0,0,4,ALL (2)
7,kc,22,118,695667,Ben Kudrna,24,1.44,105.1,102,68,62,50,106,10,316,463,,5.30,0,0,0,2,8,ALL (2)
7,cws,22,145,701780,Tanner McDougal,28,1.33,113.1,102,49,41,49,136,7,340,481,,3.26,0,0,0,3,5,ALL (2)
7,sea,22,136,701388,Jurrangelo Cijntje,26,1.22,108.1,81,50,48,51,120,15,325,459,,3.99,0,0,0,5,7,ALL (2)
7,stl,22,138,700251,Brandon Clarke,14,1.16,38.0,17,21,17,27,60,0,114,174,,4.03,0,0,0,0,3,ALL (2)
7,atl,20,144,800311,Didier Fuentes,17,1.34,70.0,72,50,49,22,83,10,210,307,,6.30,0,0,0,1,10,ALL (4)
7,was,20,120,806046,Alex Clemmey,25,1.38,116.2,88,52,45,73,136,12,350,508,,3.47,0,0,0,7,5,ALL (2)
7,mil,21,158,811309,Bishop Letson,11,1.04,41.1,31,14,11,12,49,2,124,159,,2.40,0,0,0,2,2,ALL (2)
7,sf,25,137,687931,Carson Whisenhunt,26,1.38,131.0,134,69,66,47,111,19,393,556,,4.53,0,0,0,11,6,ALL (2)
8,stl,24,138,694358,Tekoah Roby,16,1.10,78.1,67,31,27,19,87,8,235,316,,3.10,0,0,0,7,4,ALL (2)
8,oak,23,133,692013,Henry Baez,23,1.05,109.0,79,35,29,35,100,3,327,436,,2.39,0,0,0,5,3,ALL (2)
8,kc,18,118,830402,Kendry Chourio,14,0.95,51.1,44,24,20,5,63,2,154,211,,3.51,0,0,0,2,3,ALL (3)
8,tex,20,140,807291,Caden Scarborough,22,0.88,88.0,56,26,24,21,114,7,264,343,,2.45,0,0,0,2,5,ALL (2)
8,bos,24,111,689818,David Sandlin,32,1.37,106.0,105,55,53,40,107,10,318,457,,4.50,0,2,2,9,6,ALL (2)
8,cws,21,145,803291,Christian Oppor,22,1.19,87.2,62,35,30,42,116,6,263,366,,3.08,0,0,0,4,8,ALL (2)
8,bal,20,110,815348,Boston Bateman,20,1.45,87.0,88,43,40,38,94,2,261,380,,4.14,0,0,0,5,5,ALL (3)
8,phi,22,143,691330,Moisés Chace,6,1.62,16.2,15,6,6,12,19,3,50,75,,3.24,0,0,0,0,0,AA
8,mia,17,146,829074,Kevin Defrank,10,1.29,31.0,30,15,11,10,34,1,93,141,,3.19,0,0,0,0,1,ROK
8,cle,20,114,815785,Braylon Doughty,22,1.25,85.1,84,39,33,23,99,4,256,362,,3.48,0,0,0,0,7,A
8,tor,24,141,814005,Jake Bloss,6,1.94,23.2,33,25,17,13,24,3,71,115,,6.46,0,0,0,0,5,AAA
8,atl,22,144,702566,Owen Murphy,7,0.69,30.1,15,6,4,6,34,1,91,110,,1.19,0,0,0,3,0,ALL (2)
9,oak,25,133,686930,Mason Barnett,30,1.61,141.1,151,99,98,76,142,20,424,648,,6.24,0,0,0,7,3,ALL (2)
9,nyy,21,147,700649,Henry Lalane,7,1.29,19.1,11,5,5,14,22,2,58,84,,2.33,0,0,0,0,0,ALL (2)
9,chc,25,112,669361,Brandon Birdsell,8,1.22,33.2,28,16,11,13,33,5,101,143,,2.94,0,0,0,2,2,ALL (3)
9,bal,23,110,694346,Trey Gibson,26,1.21,120.1,102,67,57,44,166,13,361,514,,4.26,0,0,0,5,8,ALL (3)
9,sf,19,137,821783,Argenis Cayama,18,1.36,62.1,57,28,25,28,62,2,187,271,,3.61,0,0,0,2,1,ALL (2)
9,min,24,142,687570,Connor Prielipp,24,1.51,82.2,94,48,37,31,98,7,248,363,,4.03,0,0,0,1,9,ALL (2)
9,ari,22,109,683352,Mitch Bratt,24,1.17,122.1,122,49,46,21,148,18,367,505,,3.38,0,0,0,7,4,ALL (2)
9,col,22,115,702622,Griffin Herring,23,1.00,119.1,70,29,25,49,149,4,358,474,,1.89,0,0,0,8,4,ALL (3)
9,stl,19,138,823369,Yhoiker Fajardo,19,1.10,72.0,52,24,18,27,83,0,216,288,,2.25,0,0,0,1,4,ALL (2)
9,ana,19,108,807281,Trey Gregory-Alford,18,1.30,78.2,69,29,25,33,68,2,236,329,,2.86,0,0,1,5,4,ALL (2)
9,tex,18,140,831384,Josh Owens,2,1.00,4.0,1,1,0,3,6,0,12,15,,0.00,0,0,0,0,0,A
9,hou,23,117,809343,Bryce Mayer,21,1.17,87.2,76,47,40,27,112,8,263,371,,4.11,0,1,0,4,6,ALL (3)
9,mia,20,146,800611,Noble Meyer,19,1.39,65.1,53,36,32,38,72,4,196,296,,4.41,0,0,0,1,7,A+
10,kc,22,118,701795,Drew Beam,26,1.19,131.2,127,72,56,30,110,8,395,536,,3.83,0,0,0,7,10,A+
10,nyy,23,147,691795,Brock Selvidge,19,1.43,82.2,74,52,43,44,68,6,248,360,,4.68,0,0,0,2,7,ALL (3)
10,sd,23,135,695247,Jagger Haynes,26,1.41,103.0,83,55,47,62,101,12,309,443,,4.11,0,0,0,3,4,AA
10,atl,23,144,802357,Drue Hackenberg,21,1.82,74.0,81,65,56,54,67,9,222,358,,6.81,0,0,0,2,9,ALL (2)
10,ana,23,108,700933,Chris Cortez,26,1.57,113.2,94,64,54,84,114,5,341,513,,4.28,0,0,0,3,8,A+
10,sf,21,137,815212,Keyner Martinez,21,1.21,69.1,63,22,17,21,97,3,208,284,,2.21,2,0,0,5,2,ALL (2)
10,pit,24,134,802419,Thomas Harrington,24,1.44,104.2,111,74,72,40,97,23,314,465,,6.19,1,0,0,7,10,ALL (2)
10,bal,23,110,695033,Juaron Watts-Brown,26,1.13,124.1,90,58,50,50,158,16,373,515,,3.62,0,0,0,3,8,ALL (3)
10,det,23,116,811290,Jaden Hamm,22,1.35,88.0,82,47,46,37,80,11,264,384,,4.70,0,0,0,2,5,ALL (2)
10,hou,23,117,814490,Ethan Pecko,20,1.25,80.0,73,37,34,27,95,6,240,331,,3.83,0,1,0,3,10,ALL (3)
11,phi,24,143,691893,Jean Cabrera,26,1.23,137.0,107,62,58,61,127,11,411,573,,3.81,0,0,0,6,9,AA
11,cle,25,114,800048,Parker Messick,27,1.24,138.1,124,51,50,48,157,13,415,574,,3.25,0,0,0,8,7,ALL (2)
11,atl,25,144,686628,Blake Burkhalter,32,1.32,103.0,91,41,38,45,88,4,309,437,,3.32,1,2,1,4,7,ALL (2)
11,bal,23,110,815148,Nestor German,26,1.18,123.2,100,62,54,46,143,13,371,510,,3.93,0,0,0,6,7,ALL (3)
11,nym,23,121,814492,Will Watson,28,1.20,121.1,88,39,35,58,142,8,364,499,,2.60,1,0,0,3,9,ALL (3)
11,ari,23,109,691441,Cristian Mena,12,1.32,51.1,49,31,25,19,60,7,154,218,,4.38,0,0,1,3,3,ALL (2)
11,hou,22,117,695001,Alimber Santa,46,1.21,70.0,46,21,18,39,82,2,210,294,,2.31,2,6,2,3,2,ALL (2)
11,sf,20,137,815298,Jacob Bresnahan,22,1.18,93.0,67,32,27,43,124,2,279,381,,2.61,0,0,0,9,3,A
11,kc,25,118,686632,Steven Zobac,14,1.79,44.2,64,38,36,16,45,10,134,211,,7.25,0,0,0,0,4,ALL (2)
11,nyy,27,147,694341,Brendan Beck,26,1.06,131.1,103,51,49,36,123,14,394,522,,3.36,0,0,0,13,5,ALL (2)
12,oak,20,133,806064,Steven Echavarria,26,1.42,104.0,106,57,53,42,88,8,312,451,,4.59,0,0,0,3,7,A+
12,col,23,115,807743,Sean Sullivan,20,1.06,104.0,85,35,34,25,104,7,312,418,,2.94,0,0,0,9,6,ALL (3)
12,hou,23,117,694545,Jackson Nezuh,20,1.29,76.2,71,40,37,28,76,10,230,325,,4.34,0,0,1,3,9,ALL (2)
12,bos,19,111,813536,Juan Valera,10,1.39,38.0,43,25,23,10,46,6,114,167,,5.45,0,0,0,1,2,A+
12,bal,25,110,688867,Braxton Bragg,12,1.00,59.0,42,20,11,17,77,3,177,235,,1.68,0,0,0,4,2,ALL (2)
12,atl,24,144,814351,Lucas Braun,27,1.06,149.2,119,67,61,39,145,19,449,597,,3.67,0,0,0,7,6,ALL (2)
13,la,21,119,703445,Adam Serwinowski,25,1.36,111.2,97,57,50,55,140,12,335,491,,4.03,0,0,0,5,7,ALL (3)
13,sf,24,137,694918,Blade Tidwell,25,1.33,112.0,102,56,54,47,121,12,336,484,,4.34,0,0,0,7,5,ALL (3)
13,sea,24,136,803141,Teddy McGraw,14,1.41,28.1,32,10,10,8,33,1,85,120,,3.18,0,0,0,0,3,ALL (2)
13,ana,24,108,691951,Sam Aldegheri,28,1.44,147.0,141,75,68,70,125,16,441,651,,4.16,0,0,1,8,10,ALL (3)
13,nym,23,121,811307,Jack Wenninger,26,1.15,135.2,114,53,44,42,147,13,407,556,,2.92,0,0,0,12,6,AA
13,ari,23,109,811666,Daniel Eagen,23,1.12,117.1,79,49,39,52,153,12,352,472,,2.99,0,0,0,7,8,ALL (2)
13,nyy,23,147,694805,Kyle Carr,25,1.13,133.0,95,48,39,55,117,8,399,538,,2.64,0,0,0,8,7,ALL (2)
13,det,20,116,815157,Owen Hall,4,1.78,9.0,7,8,7,9,9,1,27,39,,7.00,0,0,0,0,0,A
13,col,25,115,687223,Carson Palmquist,35,1.55,112.0,107,78,74,67,121,17,336,513,,5.95,0,0,0,4,9,ALL (2)
13,kc,22,118,702373,Felix Arronde,26,1.08,128.2,97,45,40,42,101,9,386,517,,2.80,0,0,0,5,7,A+
13,mia,24,146,690978,Dax Fulton,23,1.62,103.2,109,71,62,59,115,5,311,483,,5.38,0,0,0,5,11,ALL (2)
13,pit,19,134,815552,Levi Sterling,12,1.76,34.0,37,23,23,23,34,2,102,162,,6.09,0,0,0,3,2,ALL (2)
13,oak,26,133,680684,Gunnar Hoglund,12,1.29,62.0,62,32,31,18,53,13,186,254,,4.50,0,0,0,2,5,ALL (2)
14,col,24,115,687312,Gabriel Hughes,24,1.26,105.1,95,53,49,38,88,13,316,442,,4.19,0,0,0,5,6,ALL (3)
14,hou,25,117,805123,AJ Blubaugh,33,1.40,131.0,114,75,64,69,136,16,393,576,,4.40,2,0,1,8,9,ALL (2)
14,cws,22,145,695721,Gage Ziehl,22,1.26,107.0,116,61,49,19,90,7,321,455,,4.12,0,0,0,7,6,ALL (4)
14,sf,24,137,802126,Joe Whitman,26,1.50,117.1,129,72,69,47,124,10,352,513,,5.29,0,0,0,5,11,AA
14,pit,20,134,805800,Zander Mueth,12,2.08,26.0,25,25,19,29,34,1,78,135,,6.58,0,0,0,0,4,ALL (2)
14,tex,24,140,693713,Emiliano Teodo,27,1.87,30.0,27,26,24,29,38,4,90,149,,7.20,0,3,1,3,2,ALL (3)
14,min,22,142,801594,Ryan Gallagher,24,1.21,121.2,117,64,55,30,133,17,365,509,,4.07,0,0,0,8,7,ALL (3)
14,stl,23,138,693311,Tink Hence,8,1.22,21.1,13,7,7,13,24,1,64,86,,2.95,0,0,0,0,1,ALL (4)
14,oak,23,133,695034,Kade Morris,28,1.35,150.0,154,81,73,48,128,16,450,643,,4.38,0,0,0,9,10,ALL (2)
14,ana,21,108,806010,Barrett Kent,10,1.50,35.1,32,13,8,21,31,1,106,153,,2.04,0,0,0,1,0,ALL (2)
14,det,23,116,808825,Andrew Sears,26,1.19,111.0,96,48,43,36,123,11,333,467,,3.49,0,1,0,8,6,ALL (2)
14,kc,24,118,679883,Luinder Avila,30,1.24,73.1,59,36,35,32,87,7,220,310,,4.30,0,0,0,3,4,ALL (3)
14,nym,23,121,695558,Jonathan Santucci,25,1.16,117.2,95,51,40,41,138,9,353,481,,3.06,0,0,0,9,4,ALL (2)
14,cin,20,113,806823,Sheng-En Lin,15,0.94,47.0,29,20,16,15,61,4,141,192,,3.06,0,0,0,0,2,ALL (2)
15,tb,20,139,807314,Trevor Harrison,22,1.26,107.0,86,41,33,49,100,3,321,440,,2.78,0,0,0,8,3,ALL (2)
15,ari,22,109,701908,David Hagaman,13,0.85,42.1,26,17,14,10,55,3,127,163,,2.98,0,0,0,1,1,ALL (3)
15,min,20,142,805792,Charlee Soto,3,1.00,13.0,9,2,2,4,15,0,39,53,,1.38,0,0,0,0,1,A+
15,was,21,120,800344,Sean Paul Liñan,19,1.13,77.1,54,30,26,33,106,5,232,321,,3.03,1,0,0,3,4,ALL (4)
15,oak,26,133,674384,Eduarniel Nunez,49,1.28,59.1,40,25,23,36,82,4,178,245,,3.49,7,4,1,6,1,ALL (5)
15,mil,19,158,815501,Bryce Meccage,19,1.24,70.1,61,36,34,26,69,4,211,292,,4.35,0,0,0,1,4,A
15,cin,22,113,702568,Mason Morris,2,1.00,4.0,3,4,4,1,7,1,12,16,,9.00,0,0,0,0,0,A
15,cws,21,145,699151,Jedixson Paez,7,1.09,19.1,18,12,6,3,23,4,58,83,,2.79,0,0,0,0,3,A+
15,hou,23,117,800067,Jose Fleury,23,1.28,85.0,74,43,43,35,78,13,255,349,,4.55,1,0,3,5,2,ALL (2)
15,mia,19,146,808547,Keyner Benitez,15,1.50,54.0,50,20,19,31,51,1,162,239,,3.17,0,0,0,2,1,ALL (2)
16,bos,25,111,683093,Hayden Mullins,22,1.11,101.2,62,28,25,51,123,7,305,410,,2.21,0,0,0,8,2,ALL (2)
16,bal,19,110,808323,Keeler Morfe,12,2.17,21.2,15,21,18,32,24,0,65,118,,7.48,0,0,0,0,3,ALL (2)
16,la,21,119,800537,Christian Zazueta,17,1.02,67.1,53,19,18,16,81,7,202,273,,2.41,0,0,0,7,2,ALL (2)
16,mil,26,158,684974,Craig Yoho,51,1.12,56.1,34,14,12,29,67,1,169,232,,1.92,8,3,2,6,1,ALL (2)
16,sd,21,135,808893,Bryan Balzer,16,1.78,50.0,61,45,44,28,49,3,150,241,,7.92,0,0,0,1,6,A
16,tb,20,139,800571,Santiago Suarez,12,1.01,51.2,44,29,18,8,54,7,155,210,,3.14,0,0,0,0,5,ALL (2)
16,ana,20,108,813335,Dylan Jordan,19,1.22,76.1,63,32,20,30,85,3,229,318,,2.36,0,0,0,4,1,ALL (2)
16,cle,19,114,815841,Joey Oakie,18,1.53,59.1,53,38,35,38,78,4,178,271,,5.31,0,0,0,3,4,ALL (2)
16,atl,23,144,820827,Luke Sinnard,16,1.18,72.1,58,29,23,27,86,3,217,304,,2.86,0,0,0,2,6,ALL (2)
17,stl,23,138,809100,Ixan Henderson,25,1.14,132.0,99,41,38,51,134,5,396,532,,2.59,0,0,0,9,7,AA
17,cin,22,113,695705,Luke Holman,2,0.67,9.0,2,1,1,4,10,0,27,33,,1.00,0,0,0,0,0,A
17,cws,24,145,683568,Jairo Iriarte,37,1.92,48.0,55,44,38,37,50,9,144,230,,7.13,1,4,1,3,3,ALL (2)
17,atl,25,144,691548,Rolddy Munoz,44,1.37,63.2,49,26,24,38,64,7,191,277,,3.39,6,3,2,3,3,ALL (3)
17,tor,21,141,800125,Fernando Perez,26,1.16,121.1,113,50,41,28,105,7,364,503,,3.04,0,0,0,6,7,ALL (2)
17,sf,26,137,805345,Trent Harris,43,1.27,57.1,54,28,28,19,65,6,172,240,,4.40,2,8,2,4,2,ALL (2)
17,sea,23,136,691786,Michael Morales,22,1.40,101.2,105,57,52,37,70,5,305,435,,4.60,0,0,0,4,7,AA
17,tb,20,139,808250,Jose Urbina,20,1.06,96.1,72,31,23,30,101,9,289,380,,2.15,0,0,0,7,2,ALL (2)
17,oak,25,133,690658,Will Johnston,43,1.40,70.0,59,42,38,39,87,7,210,301,,4.89,5,1,1,2,6,ALL (2)
17,la,23,119,814527,Patrick Copen,27,1.44,117.2,85,55,47,84,152,2,353,524,,3.59,0,0,0,4,7,ALL (2)
17,nym,28,121,702752,Jonathan Pintaro,29,1.42,82.2,71,45,41,46,104,9,248,361,,4.46,1,0,0,2,5,ALL (3)
17,min,24,142,690217,C.J. Culpepper,17,1.33,59.1,48,20,16,31,53,4,178,250,,2.43,0,0,0,2,2,ALL (3)
18,min,23,142,694397,Marco Raya,30,1.62,98.2,103,72,66,57,102,16,296,451,,6.02,0,1,0,2,8,AAA
18,ari,22,109,802416,Ashton Izzi,18,1.44,75.0,80,48,40,28,80,11,225,334,,4.80,0,0,0,3,6,ALL (2)
18,sea,26,136,681041,Marcelo Perez,19,1.12,91.2,80,35,35,23,62,10,275,370,,3.44,0,0,0,6,6,ALL (2)
18,mia,21,146,703596,Karson Milbrandt,22,1.28,90.0,67,33,30,48,113,3,270,389,,3.00,0,0,0,3,5,ALL (3)
18,atl,22,144,803349,Herick Hernandez,22,1.34,103.1,70,42,41,68,127,14,310,443,,3.57,0,0,0,3,6,A+
18,mil,26,158,688107,Robert Gasser,16,1.12,43.2,34,17,12,15,46,2,131,179,,2.47,0,0,0,3,4,ALL (4)
18,stl,24,138,813820,Chen-Wei Lin,17,1.49,50.1,36,35,31,39,70,3,151,223,,5.54,0,0,0,0,2,ALL (3)
18,was,24,120,811291,Eriq Swan,21,1.43,91.2,68,48,45,63,102,7,275,398,,4.42,0,0,0,4,6,ALL (2)
18,sf,24,137,686790,Trevor McDonald,32,1.40,157.1,157,104,87,64,158,23,472,689,,4.98,0,0,0,10,9,ALL (2)
18,kc,21,118,806265,Blake Wolters,12,1.56,47.1,34,25,21,40,40,3,142,207,,3.99,0,0,0,2,2,A
18,bal,22,110,801725,Luis De León,20,1.21,87.1,65,40,32,41,107,0,262,375,,3.30,0,0,0,5,3,ALL (3)
18,tb,21,139,804541,Gary Gill Hill,25,1.16,136.2,129,63,58,30,107,17,410,569,,3.82,0,0,0,7,8,A+
18,bos,23,111,827292,John Holobetz,23,1.06,124.2,112,49,42,20,120,10,374,499,,3.03,0,0,0,8,4,ALL (3)
19,atl,25,144,681256,Ian Mejia,25,1.10,131.1,103,42,39,41,109,10,394,525,,2.67,1,0,0,12,3,ALL (2)
19,oak,20,133,827734,Wei-En Lin,26,1.06,87.0,70,41,36,22,117,9,261,350,,3.72,0,0,0,4,5,ALL (3)
19,sf,20,137,823929,Alberto Laroche,10,0.94,38.1,30,14,9,6,34,0,115,153,,2.11,0,0,0,1,3,ROK
19,stl,22,138,702296,Nate Dohm,23,1.32,75.0,67,35,27,32,90,7,225,323,,3.24,0,0,0,3,7,ALL (3)
19,det,24,116,805725,Jake Miller,6,1.20,20.0,20,5,4,4,21,1,60,83,,1.80,0,0,0,0,0,ALL (2)
19,cle,24,114,688883,Peyton Pallette,52,1.12,64.1,44,30,29,28,86,6,193,265,,4.06,11,5,1,2,3,ALL (2)
19,mia,23,146,694795,Josh Ekness,46,1.33,54.0,46,34,25,26,68,2,162,247,,4.17,10,1,2,4,1,ALL (2)
19,min,24,142,702193,Andrew Morris,21,1.33,94.2,98,49,43,28,89,11,284,398,,4.09,0,0,1,4,6,AAA
19,chc,26,112,805990,Grant Kipp,26,1.32,108.2,86,55,51,57,110,10,326,469,,4.22,0,0,0,6,7,AA
19,nyy,23,147,694696,Cade Smith,11,1.06,39.2,24,11,11,18,42,2,119,161,,2.50,0,0,0,2,1,ALL (3)
19,was,22,120,800600,Jackson Kent,24,1.22,123.0,112,67,63,38,132,14,369,509,,4.61,0,0,0,7,10,ALL (2)
19,col,21,115,700327,Welinton Herrera,52,1.14,64.2,49,23,19,25,99,2,194,272,,2.64,17,5,4,5,5,ALL (2)
19,sd,25,135,678184,Garrett Hawkins,45,0.85,60.0,28,10,10,23,80,1,180,228,,1.50,10,3,0,9,1,ALL (2)
19,bal,24,110,694370,Levi Wells,25,1.32,95.2,87,46,37,39,96,7,287,417,,3.48,2,0,0,2,6,ALL (2)
20,tex,18,140,834605,Seong-Jun Kim,1,0.00,1.0,0,0,0,0,2,0,3,3,,0.00,0,0,0,0,0,ROK
20,sd,24,135,800212,Francis Pena,43,1.61,52.1,50,33,29,34,47,4,157,237,,4.99,0,5,4,4,4,AAA
20,phi,24,143,686934,Alex McFarlane,28,1.38,80.0,67,46,43,43,82,4,240,346,,4.84,0,1,2,4,9,ALL (2)
20,det,25,116,681916,Dylan Smith,37,0.95,52.2,28,12,12,22,61,1,158,199,,2.05,3,4,0,5,1,ALL (5)
20,col,23,115,701056,Josh Grosz,23,1.30,125.1,108,71,65,55,135,14,376,535,,4.67,0,0,0,5,14,ALL (2)
20,la,21,119,806293,Payton Martin,21,1.28,81.1,79,41,39,25,82,10,244,341,,4.32,0,0,0,7,4,ALL (2)
20,ari,22,109,801179,Yu-Min Lin,23,1.81,101.2,124,81,75,60,85,18,305,481,,6.64,0,0,0,5,7,AAA
20,nym,25,121,697811,Dylan Ross,49,1.15,54.0,29,19,13,33,80,4,162,224,,2.17,7,9,2,2,0,ALL (3)
20,ana,26,108,696519,Samy Natera Jr.,49,1.35,57.0,35,28,18,42,85,5,171,248,,2.84,8,7,4,4,1,ALL (2)
20,mil,24,158,824620,Tyson Hardin,21,1.18,96.0,96,33,29,17,96,3,288,388,,2.72,0,0,0,6,5,ALL (2)
20,bal,24,110,694345,Patrick Reilly,3,1.03,9.2,6,2,2,4,8,0,29,37,,1.86,0,0,0,0,1,AA
21,atl,22,144,702910,Jhancarlos Lara,34,1.72,68.2,53,64,59,65,104,9,206,327,,7.73,0,2,0,0,9,ALL (2)
21,cle,25,114,689958,Andrew Walters,14,1.20,13.1,7,5,4,9,25,1,40,56,,2.70,0,2,0,0,0,ALL (2)
21,stl,21,138,815119,Tanner Franklin,3,1.50,6.0,4,1,1,5,9,0,18,28,,1.50,0,0,0,0,0,ALL (2)
21,ari,21,109,808054,Yordin Chalas,26,1.64,71.1,79,53,48,38,68,4,214,330,,6.06,0,2,0,2,4,ALL (2)
21,la,21,119,815794,Hyun-Seok Jang,13,1.35,40.2,23,21,21,32,54,4,122,175,,4.65,0,0,0,0,2,A
21,col,23,115,820825,Konner Eaton,27,1.26,140.0,124,64,59,52,149,14,420,592,,3.79,0,0,0,6,9,ALL (2)
21,cws,24,145,693739,Alexander Alberto,42,1.17,48.2,36,16,14,21,64,1,146,209,,2.59,6,5,4,2,2,ALL (2)
21,tor,26,141,681751,Lazaro Estrada,28,1.45,104.2,119,76,69,33,109,19,314,464,,5.93,0,0,1,4,7,ALL (2)
21,kc,26,118,696131,Mason Black,31,1.47,123.1,119,88,80,62,119,19,370,550,,5.84,0,0,0,3,10,ALL (2)
21,bos,25,111,687762,Blake Wehunt,17,1.47,63.1,64,45,40,29,76,8,190,281,,5.68,0,0,0,2,8,AA
21,mil,19,158,828475,Ethan Dorchies,19,1.05,82.0,51,31,25,35,89,4,246,333,,2.74,4,1,0,0,3,ALL (2)
22,ana,24,108,805871,Joel Hurtado,19,1.22,91.2,84,31,28,28,59,6,275,381,,2.75,0,0,0,5,6,ALL (2)
22,tor,25,141,671936,Adam Macko,23,1.40,81.1,75,44,43,39,91,6,244,357,,4.76,0,1,0,3,9,ALL (2)
22,oak,23,133,695761,Kenya Huggins,24,1.17,78.0,59,33,33,32,72,5,234,317,,3.81,0,1,0,2,3,ALL (2)
22,chc,26,112,690939,Connor Noland,27,1.42,132.2,133,69,60,55,115,13,398,579,,4.07,0,0,0,9,6,AAA
22,ari,25,109,805299,Brandyn Garcia,52,1.48,58.2,54,34,26,33,69,5,176,262,,3.99,5,7,1,6,7,ALL (5)
22,nym,23,121,822038,Ryan Lambert,46,1.16,50.0,31,10,9,27,81,1,150,205,,1.62,7,12,2,2,1,ALL (2)
22,tex,23,140,815048,Josh Trentadue,22,1.10,77.0,51,24,20,34,94,5,231,318,,2.34,1,0,0,1,3,ALL (2)
22,bos,17,111,829094,Sadbiel Delzine,3,1.29,9.1,11,5,5,1,9,0,28,39,,4.82,0,0,0,0,0,ROK
22,col,24,115,687087,Michael Prosecky,27,1.35,126.2,107,65,59,64,127,13,380,550,,4.19,0,0,0,11,7,ALL (2)
22,kc,22,118,700924,Frank Mozzicato,24,1.59,93.0,73,53,52,75,85,12,279,419,,5.03,0,0,1,3,5,ALL (2)
22,was,22,120,691251,Andry Lara,31,1.99,70.1,101,67,61,39,51,7,211,348,,7.81,0,0,0,1,9,ALL (4)
22,atl,21,144,804860,Landon Beidelschies,2,2.05,6.1,11,7,5,2,8,2,19,31,,7.11,0,0,0,0,1,A
22,cws,23,145,807187,Mathias LaCombe,19,1.11,53.1,35,20,18,24,73,3,160,224,,3.04,0,0,0,0,1,ALL (2)
23,sea,22,136,828430,Chia-Shi Shen,16,1.18,69.1,68,42,36,14,68,6,208,295,,4.67,0,0,0,3,5,ALL (2)
23,bos,19,111,815359,Conrad Cason,1,0.50,2.0,0,0,0,1,5,0,6,7,,0.00,0,0,0,0,0,ROK
23,was,22,120,701347,Yoel Tejeda Jr.,18,1.23,87.0,80,42,39,27,79,6,261,363,,4.03,0,0,0,4,5,ALL (2)
23,tex,21,140,806641,Kolton Curtis,19,1.42,66.0,50,43,38,44,75,4,198,290,,5.18,0,0,1,3,3,A+
23,nym,23,121,804267,Zach Thornton,14,0.81,72.2,48,21,16,11,78,5,218,274,,1.98,0,0,0,6,2,ALL (2)
23,chc,23,112,691739,Will Sanders,26,1.35,123.1,125,77,69,41,123,15,370,531,,5.04,0,1,0,10,6,ALL (2)
23,stl,24,138,802408,Brycen Mautz,25,1.11,114.2,94,39,38,33,134,13,344,468,,2.98,0,0,0,8,3,AA
23,cin,24,113,687209,Zach Maxwell,59,1.47,59.2,52,28,28,36,72,9,179,263,,4.22,5,6,3,1,3,ALL (2)
23,la,23,119,695646,Peter Heubeck,16,1.22,66.1,47,35,32,34,77,6,199,278,,4.34,0,0,0,2,5,AA
23,min,20,142,807974,Adrian Bohorquez,19,1.18,71.1,53,38,34,31,85,7,214,312,,4.29,0,1,0,3,4,ALL (2)
23,kc,21,118,702965,Hiro Wyatt,21,1.46,79.0,86,45,42,29,78,8,237,349,,4.78,0,0,0,2,7,A
23,sd,23,135,801293,Eric Yost,25,1.40,124.2,114,64,52,60,113,6,374,543,,3.75,0,0,0,5,11,ALL (2)
24,cin,25,113,683742,Jose Franco,31,1.26,110.0,85,47,38,54,118,14,330,468,,3.11,0,1,0,10,4,ALL (2)
24,tor,21,141,702255,Brandon Barriera,5,1.94,5.2,3,9,9,8,6,0,17,28,,14.29,0,0,0,0,1,ROK
24,oak,20,133,800612,Cole Miller,15,1.08,52.0,45,19,11,11,45,1,156,210,,1.90,0,1,0,1,4,ALL (2)
24,stl,22,138,801078,Braden Davis,25,1.21,110.1,58,39,35,75,153,4,331,453,,2.85,0,0,0,5,3,ALL (2)
24,hou,24,117,801802,James Hicks,11,1.52,46.2,57,33,29,14,46,7,140,206,,5.59,0,0,0,1,5,AA
24,ana,21,108,700712,Walbert Urena,28,1.36,141.0,119,75,68,73,125,8,423,604,,4.34,0,0,0,6,9,ALL (2)
24,sf,22,137,698965,Gerelmi Maldonado,23,1.58,59.0,49,34,26,44,69,2,177,272,,3.97,0,0,0,0,4,A
24,bos,23,111,694057,Yordanny Monegro,9,1.19,33.2,32,12,10,8,49,3,101,137,,2.67,0,0,0,2,1,AA
24,min,22,142,699276,Jose Olivares,22,1.36,90.1,66,47,44,57,107,4,271,388,,4.38,0,0,0,6,6,A+
24,phi,23,143,692414,Yoniel Curet,16,1.43,55.1,48,27,24,31,62,2,166,243,,3.90,0,0,0,3,3,ALL (3)
25,atl,26,144,802686,Hayden Harris,46,0.80,54.2,23,5,4,21,79,1,164,208,,0.66,4,8,1,6,0,ALL (3)
25,nym,24,121,822161,R.J. Gordon,26,1.24,128.2,113,62,48,46,147,15,386,539,,3.36,0,0,0,11,3,ALL (2)
25,mil,25,158,689441,Coleman Crow,12,1.04,50.0,40,18,18,12,64,3,150,200,,3.24,0,0,0,4,1,ALL (2)
25,tex,24,140,687847,Marc Church,13,2.67,12.0,17,10,10,15,15,1,36,67,,7.50,0,2,1,0,1,ALL (4)
25,tb,24,139,694494,Ty Johnson,26,0.94,110.1,66,36,32,38,149,5,331,430,,2.61,0,0,0,7,6,AA
25,sf,22,137,815219,Luis De La Torre,18,1.04,74.1,50,25,23,27,109,2,223,302,,2.78,0,0,0,4,3,ALL (2)
25,phi,22,143,703496,Mavis Graves,21,1.53,81.2,74,51,40,51,103,6,245,372,,4.41,0,0,0,6,7,A+
25,chc,25,112,680891,Jack Neely,31,1.50,33.1,23,22,22,27,43,5,100,155,,5.94,5,5,0,0,2,ALL (2)
25,tor,22,141,827664,Silvano Hechavarria,19,1.06,86.2,69,26,22,23,82,7,260,346,,2.28,0,0,1,5,2,ALL (3)
25,cin,22,113,702280,Tristan Smith,6,2.75,8.0,11,10,10,11,12,0,24,46,,11.25,0,0,1,0,1,ALL (2)
25,sea,26,136,810897,Charlie Beilenson,44,1.21,62.2,64,34,28,12,75,10,188,262,,4.02,7,11,4,4,4,ALL (2)
25,cle,22,114,691776,Josh Hartle,24,1.09,113.1,85,37,32,39,107,2,340,459,,2.54,0,0,0,10,3,ALL (2)
25,mia,20,146,824415,Grant Shepardson,17,1.43,55.1,46,33,26,33,59,3,166,247,,4.23,0,0,1,4,5,ALL (2)
25,ari,19,109,808035,Daury Vasquez,16,1.41,64.0,53,29,27,37,80,3,192,285,,3.80,0,0,0,2,4,ALL (2)
25,pit,19,134,807002,Jeter Martinez,18,1.72,65.0,70,58,51,42,66,1,195,306,,7.06,0,0,0,2,7,ALL (2)
26,tex,23,140,805823,Paul Bonzagni,3,1.71,9.1,11,6,5,5,15,1,28,45,,4.82,0,0,0,0,1,A+
26,chc,21,112,702271,Nazier Mulé,18,1.67,67.0,57,50,43,55,69,2,201,306,,5.78,0,0,0,3,8,ALL (2)
26,nym,23,121,702878,Douglas Orellana,41,1.34,51.2,39,21,17,30,63,2,155,218,,2.96,5,7,1,4,1,ALL (2)
26,nyy,24,147,801432,Eric Reyzelman,34,1.62,42.0,26,20,20,42,45,5,126,188,,4.29,1,7,1,1,2,AAA
26,col,26,115,696275,RJ Petit,47,1.06,66.1,48,20,18,22,79,4,199,268,,2.44,3,6,1,10,2,ALL (2)
26,sf,18,137,822215,Carlos De La Rosa,10,1.45,32.1,37,19,17,10,51,1,97,147,,4.73,0,0,0,0,1,ALL (2)
26,tb,23,139,694375,T.J. Nichols,25,1.02,133.2,106,47,43,30,156,21,401,524,,2.90,0,0,0,14,3,ALL (2)
26,bal,21,110,800286,Wellington Aracena,23,1.09,92.0,49,31,23,51,114,0,276,376,,2.25,0,3,1,2,2,ALL (3)
26,phi,20,143,827408,Ramon Marquez,14,1.25,55.0,52,28,27,17,72,4,165,238,,4.42,0,0,0,3,3,ALL (2)
26,det,21,116,827640,Lucas Elissalt,22,1.09,89.2,63,32,25,35,100,4,269,372,,2.51,0,1,1,5,1,ALL (2)
26,hou,23,117,696280,Alonzo Tredwell,26,1.30,100.0,85,46,41,45,122,9,300,427,,3.69,1,3,0,5,3,ALL (3)
26,atl,19,144,815626,Ethan Bagwell,13,1.03,59.0,42,25,20,19,45,4,177,232,,3.05,0,0,0,1,6,ALL (2)
26,cin,21,113,800616,Cole Schoenwetter,26,1.61,78.1,66,62,51,60,75,9,235,358,,5.86,2,0,0,3,8,A
26,pit,23,134,696143,Anthony Solometo,3,0.84,10.2,4,4,3,5,8,0,32,42,,2.53,0,0,0,1,0,ALL (2)
26,oak,23,133,823990,Zane Taylor,1,1.50,2.0,1,1,0,2,4,0,6,8,,0.00,0,0,0,0,0,AAA
27,tb,23,139,691765,Jackson Baumeister,15,1.25,62.1,53,37,32,25,51,6,187,261,,4.62,0,0,0,2,4,AA
27,mia,20,146,801737,Liomar Martinez,22,1.12,101.0,72,45,37,41,119,9,303,424,,3.30,0,0,0,5,5,A
27,hou,24,117,687062,Ramsey David,30,1.31,85.2,61,35,33,51,87,9,257,363,,3.47,0,3,1,4,5,ALL (3)
27,stl,24,138,703725,Luis Gastelum,46,1.10,62.2,52,29,28,17,92,3,188,260,,4.02,10,6,5,3,5,AA
27,chc,22,112,695645,Drew Gray,3,1.61,9.1,7,6,5,8,14,1,28,43,,4.82,0,0,0,0,2,ALL (2)
27,sf,22,137,805074,Yunior Marte,24,1.04,102.0,77,37,33,29,96,4,306,403,,2.91,0,0,0,3,5,ALL (2)
27,atl,19,144,810982,Rayven Antonio,21,1.25,93.1,81,47,43,36,95,6,280,400,,4.15,0,0,0,7,4,A
27,cws,22,145,702881,Aldrin Batista,7,1.43,14.0,13,12,9,7,17,0,42,66,,5.79,0,1,0,2,0,A+
27,cin,21,113,701370,JeanPierre Ortiz,26,1.20,91.1,77,36,29,33,83,7,274,382,,2.86,0,0,0,7,1,A
27,kc,23,118,694818,Hunter Owen,22,1.33,94.2,86,49,40,40,107,10,284,413,,3.80,1,1,0,5,5,AA
27,sd,22,135,702584,Isaiah Lowe,22,1.76,91.2,110,67,58,51,70,8,275,433,,5.69,0,0,0,3,12,A+
28,pit,23,134,696062,Wilber Dotel,27,1.23,125.2,111,62,58,43,131,14,377,535,,4.15,0,0,0,7,9,AA
28,ari,25,109,675450,Hunter Cranton,10,0.80,10.0,5,1,1,3,14,0,30,37,,0.90,3,0,0,2,0,ALL (2)
28,stl,22,138,695766,Mason Molina,23,1.18,95.2,70,36,33,43,119,8,287,395,,3.10,0,0,0,5,6,ALL (3)
28,cin,24,113,692226,Ty Floyd,8,0.90,27.2,14,12,10,11,31,4,83,109,,3.25,0,0,0,0,1,A
28,mia,20,146,827626,Nate Payne,17,1.22,56.1,32,21,20,37,73,2,169,228,,3.20,0,0,0,2,6,ALL (2)
28,ana,19,108,808161,Ubaldo Soto,18,1.17,73.2,51,34,32,35,83,7,221,308,,3.91,1,0,0,6,1,ALL (2)
28,tor,21,141,805793,Landen Maroudis,18,1.79,45.1,36,35,33,45,34,1,136,216,,6.55,0,0,0,1,8,ALL (2)
28,la,22,119,809915,Jakob Wright,9,1.37,19.2,19,11,7,8,24,0,59,90,,3.20,0,0,0,0,1,A
28,kc,23,118,700985,Josh Hansell,16,1.60,64.1,71,35,27,32,65,3,193,288,,3.78,0,0,0,1,3,ALL (2)
28,sd,22,135,694205,Victor Lizarraga,27,1.63,101.1,105,72,65,60,92,10,304,462,,5.77,0,0,1,5,10,ALL (2)
28,oak,25,133,800018,Chen Zhong-Ao Zhuang,28,1.28,145.2,151,79,66,35,145,22,437,617,,4.08,0,0,0,6,11,AA
29,tex,23,140,699214,Leandro Lopez,23,1.11,101.1,71,32,27,41,116,7,304,401,,2.40,0,0,0,3,4,ALL (2)
29,oak,22,133,809223,Tzu-Chen Sha,24,1.24,99.2,94,53,46,30,87,8,299,427,,4.15,2,1,1,4,9,ALL (2)
29,sd,21,135,807748,Kannon Kemp,18,1.52,77.2,86,51,48,32,64,4,233,350,,5.56,0,0,0,3,7,ALL (2)
29,cle,25,114,682982,Daniel Espino,1,4.50,0.2,3,3,3,0,1,0,2,5,,40.50,0,0,0,0,1,AAA
29,bos,26,111,700413,Tyler Uberstine,25,1.26,120.2,111,53,48,41,137,18,362,510,,3.58,0,1,0,6,5,ALL (2)
29,sea,26,136,804663,Tyler Cleveland,41,0.75,51.2,22,9,5,17,50,0,155,196,,0.87,2,11,1,3,1,ALL (2)
29,atl,24,144,693176,Elison Joseph,37,1.66,39.2,25,22,19,41,57,0,119,187,,4.31,6,3,3,1,4,AA
29,cin,23,113,695569,Luke Hayden,24,1.52,101.1,82,46,46,72,79,8,304,449,,4.09,0,0,0,4,7,A+
29,ana,19,108,820981,Dioris De La Rosa,12,1.92,30.2,32,24,19,27,31,1,92,150,,5.58,0,0,1,1,2,ROK
29,det,19,116,808383,Kelvis Salcedo,18,0.80,68.2,30,16,14,25,85,3,206,254,,1.83,0,0,1,4,0,ALL (2)
29,hou,22,117,826315,Cole Hertzler,4,1.13,16.0,12,3,2,6,22,0,48,64,,1.13,0,0,0,0,0,A
29,col,26,115,815456,Ben Shields,14,1.15,55.0,43,19,17,20,66,2,165,224,,2.78,0,0,0,2,2,ALL (5)
30,tor,19,141,703566,Carson Messina,1,1.50,2.0,3,2,2,0,2,0,6,9,,9.00,0,0,0,0,0,ROK
30,nyy,25,147,685464,Cade Winquest,25,1.36,106.0,105,54,47,39,110,7,318,460,,3.99,0,1,0,5,7,ALL (2)
30,cws,25,145,805326,Tyler Schweitzer,27,1.34,99.2,93,56,51,41,81,13,299,428,,4.61,0,1,0,8,2,ALL (2)
30,mia,21,146,803244,Eliazar Dishmey,22,1.13,99.1,64,33,32,48,108,3,298,404,,2.90,0,0,0,5,5,ALL (2)
30,det,19,116,815162,Ethan Schiefelbein,3,1.56,9.0,9,6,6,5,9,0,27,40,,6.00,0,0,0,2,0,ROK
30,cle,26,114,804926,Austin Peterson,28,1.17,145.2,130,58,52,40,127,15,437,591,,3.21,0,0,0,8,6,ALL (2)
30,ana,22,108,803135,Austin Gordon,21,1.36,84.1,88,54,51,27,95,12,253,375,,5.44,0,0,0,4,5,A+
30,was,26,120,676046,Griff McGarry,21,1.22,83.2,53,39,32,49,124,5,251,353,,3.44,0,0,0,2,5,ALL (3)
30,col,22,115,702484,Jackson Cox,23,1.12,85.0,70,35,32,25,92,12,255,341,,3.39,0,0,0,4,6,A
30,tex,23,140,701717,Dalton Pence,31,1.02,82.1,57,29,25,27,103,5,247,327,,2.73,0,1,1,4,4,ALL (2)
30,bos,26,111,675660,Shane Drohan,15,1.13,54.0,40,19,18,21,77,5,162,223,,3.00,0,0,0,5,2,ALL (2)
30,phi,26,143,685112,Zach McCambley,47,1.10,62.0,46,22,20,22,83,3,186,251,,2.90,1,10,1,2,3,ALL (2)
30,chc,24,112,690370,Tyler Schlaffer,21,1.19,104.2,79,45,41,46,102,9,314,429,,3.53,0,0,0,7,3,ALL (2)
30,ari,20,109,829473,Chung-Hsiang Huang,16,0.95,68.1,50,31,27,15,78,4,205,272,,3.56,0,0,0,4,3,ALL (2)
