rank,team,age,teamId,playerId,full_name,gamesPitched,whip,inningsPitched,hits,runs,earnedRuns,baseOnBalls,strikeOuts,homeRuns,outs,battersFaced,pitchesThrown,era,saves,holds,blownSaves,wins,losses,gamesStarted,completeGames,shutouts,yahoo_owner,yahoo_team,yahoo_id,yahoo_position,primary_position,all_positions,is_two_way,pitcher_type
1,OAK,32,133,547184,Michael Kelly,6,0.95,7.1,3,0,0,4,5,0,22,27,112,0.0,0,2,0,1,0,0,0,0,,,,,P,,False,RP
2,SEA,27,136,666374,Matt Brash,16,0.98,14.1,9,0,0,5,14,0,43,57,246,0.0,1,7,0,0,0,0,0,0,RV,RV,12278,RP,P,,False,RP
3,TEX,25,140,668390,Cole Winn,10,1.08,13.0,8,0,0,6,9,0,39,52,200,0.0,0,2,0,0,0,0,0,0,,,,,P,,False,RP
4,ATL,27,144,689266,Dylan Dodd,8,0.55,7.1,2,0,0,2,6,0,22,25,104,0.0,0,0,0,0,0,0,0,0,,,,,P,,False,RP
5,CHC,36,112,519141,Drew Pomeranz,23,0.87,20.2,12,1,0,6,19,0,62,79,291,0.0,1,4,0,2,1,2,0,0,,,,,P,,False,RP
6,DET,32,116,657424,Matt Gage,5,1.31,5.1,5,0,0,2,3,0,16,22,72,0.0,0,0,0,0,0,0,0,0,,,,,P,,False,RP
7,LAD,29,119,656629,Michael Kopech,6,1.4,5.0,3,0,0,4,6,0,15,22,83,0.0,0,4,0,0,0,0,0,0,RV,RV,10412,RP,P,,False,RP
8,CHC,30,112,623167,Chris Flexen,14,0.88,24.0,14,3,2,7,13,1,72,89,346,0.75,1,0,0,4,0,0,0,0,,,,,P,,False,RP
9,SF,25,137,678495,Randy Rodríguez,33,0.74,34.0,19,5,3,6,49,1,102,126,508,0.79,1,10,1,3,1,0,0,0,DRO,DRO,12305,RP,P,,False,RP
10,MIN,35,142,543056,Danny Coulombe,26,0.87,20.2,14,2,2,4,24,0,62,79,307,0.87,2,2,0,1,0,1,0,0,LFB,LFB,9844,RP,P,,False,RP
11,SF,27,137,669062,Erik Miller,32,1.48,26.1,20,3,3,19,18,0,79,113,429,1.03,0,9,2,4,0,0,0,0,,,,,P,,False,RP
12,MIL,27,158,676879,Aaron Ashby,8,0.96,15.2,13,2,2,2,18,1,47,59,223,1.15,1,0,0,0,0,0,0,0,,,,,P,,False,RP
13,SEA,26,136,662253,Andrés Muñoz,30,0.81,29.2,14,6,4,10,40,1,89,114,475,1.21,18,0,4,3,0,0,0,0,LFB,LFB,11526,RP,P,,False,RP
14,PIT,25,134,677952,Braxton Ashcraft,8,1.09,14.2,10,2,2,6,12,0,44,59,223,1.23,0,2,0,1,0,1,0,0,,,,,P,,False,RP
15,SF,34,137,643511,Tyler Rogers,38,0.69,36.1,21,5,5,4,31,2,109,130,439,1.24,0,17,1,3,2,0,0,0,WIZ,WIZ,11644,RP,P,,False,RP
16,DET,35,116,592454,Tommy Kahnle,32,0.75,33.1,16,6,5,9,29,3,100,124,471,1.35,8,10,3,0,0,0,0,0,HAM,HAM,9653,RP,P,,False,RP
17,BOS,37,111,547973,Aroldis Chapman,36,0.82,33.0,17,6,5,10,48,2,99,126,484,1.36,14,2,1,3,2,0,0,0,LAW,LAW,8616,RP,P,,False,RP
18,LAA,25,108,696147,Sam Bachman,5,0.5,6.0,2,1,1,1,6,0,18,20,69,1.5,0,0,0,1,0,0,0,0,,,,,P,,False,RP
19,LAA,36,108,519326,Hunter Strickland,16,1.08,17.2,11,4,3,8,10,1,53,70,262,1.53,1,2,1,1,2,0,0,0,,,,,P,,False,RP
20,ARI,27,109,679775,Kyle Backhus,6,1.06,5.2,5,1,1,1,5,0,17,22,81,1.59,0,2,0,0,0,0,0,0,,,,,P,,False,RP
21,PIT,29,134,642701,Dennis Santana,34,0.78,33.1,21,7,6,5,26,1,100,124,464,1.62,5,9,1,2,1,0,0,0,LFB,LFB,10901,RP,P,,False,RP
22,HOU,30,117,656986,Bennett Sousa,22,0.83,27.2,17,5,5,6,34,1,83,104,380,1.63,2,1,0,1,0,0,0,0,HAM,HAM,12045,RP,P,,False,RP
23,FA,31,147,596133,Luke Weaver,26,0.8,27.1,14,5,5,8,27,3,82,103,399,1.65,8,6,1,1,2,0,0,0,WIZ,WIZ,10217,RP,P,,False,RP
24,CHC,37,112,518489,Ryan Brasier,11,1.06,10.1,8,2,2,3,9,0,31,40,168,1.74,0,1,0,0,0,0,0,0,,,,,P,,False,RP
25,STL,32,138,664208,Phil Maton,32,1.08,30.2,22,8,6,11,41,0,92,125,501,1.76,2,16,1,1,2,0,0,0,HAM,HAM,10729,RP,P,,False,RP
26,SD,33,135,592094,Jason Adam,40,1.23,40.2,32,12,8,18,47,2,122,172,674,1.77,0,17,1,6,3,0,0,0,CFL,CFL,11009,RP,P,,False,RP
27,ATL,30,144,669276,Dylan Lee,36,0.81,35.2,21,9,7,8,37,5,107,132,526,1.77,2,9,3,1,2,0,0,0,JEP,JEP,12275,RP,P,,False,RP
28,MIN,27,142,661395,Jhoan Duran,37,1.13,35.1,26,9,7,14,40,0,106,149,573,1.78,10,1,2,4,3,0,0,0,LFB,LFB,11495,RP,P,,False,RP
29,HOU,28,117,650556,Bryan Abreu,36,1.22,35.1,24,7,7,19,49,2,106,149,594,1.78,0,19,3,2,3,0,0,0,B2J,B2J,11208,RP,P,,False,RP
30,HOU,31,117,623352,Josh Hader,33,0.74,35.1,19,8,7,7,55,5,106,135,551,1.78,20,0,0,5,1,0,0,0,LAW,LAW,10131,RP,P,,False,RP
31,CIN,26,113,671096,Andrew Abbott,13,0.96,75.1,52,20,15,20,72,8,226,296,1191,1.79,0,0,0,7,1,13,1,1,RV,RV,12395,SP,P,,False,SP
32,CWS,30,145,621051,Steven Wilson,26,1.2,25.0,16,5,5,14,24,2,75,106,432,1.8,1,9,2,2,1,0,0,0,,,,,P,,False,RP
33,PIT,23,134,694973,Paul Skenes,16,0.88,102.0,63,24,21,27,106,5,306,390,1579,1.85,0,0,0,4,6,16,1,0,TBB,TBB,62972,SP,P,,False,SP
34,CIN,25,113,680689,Lyon Richardson,20,1.07,24.1,18,8,5,8,20,1,73,101,399,1.85,0,2,0,0,1,0,0,0,,,,,P,,False,RP
35,TOR,28,141,680704,Nick Sandlin,12,1.45,9.2,8,5,2,6,12,0,29,46,199,1.86,1,2,1,0,2,0,0,0,,,,,P,,False,RP
36,KC,26,118,674444,Steven Cruz,29,0.9,29.0,18,7,6,8,28,2,87,113,393,1.86,0,6,0,2,0,0,0,0,,,,,P,,False,RP
37,HOU,26,117,686613,Hunter Brown,15,0.92,91.0,56,20,19,28,109,8,273,345,1426,1.88,0,0,0,8,3,15,1,0,DRO,DRO,12141,SP,P,,False,SP
38,MIA,27,146,806188,Cade Gibson,16,1.14,23.2,20,7,5,7,14,0,71,98,374,1.9,0,1,1,2,3,1,0,0,,,,,P,,False,RP
39,TB,27,139,679358,Eric Orze,26,1.18,33.0,27,8,7,12,30,2,99,134,523,1.91,2,1,0,1,0,0,0,0,,,,,P,,False,RP
40,MIL,25,158,682842,Abner Uribe,37,1.13,37.1,27,10,8,15,48,3,112,151,580,1.93,1,20,1,2,1,0,0,0,DRO,DRO,12746,RP,P,,False,RP
41,CHC,25,112,694037,Daniel Palencia,26,1.0,28.0,18,7,6,10,30,2,84,109,430,1.93,7,6,1,0,2,0,0,0,WIZ,WIZ,60121,RP,P,,False,RP
42,ARI,34,109,571946,Shelby Miller,33,1.03,32.0,22,9,7,11,35,3,96,129,495,1.97,9,8,4,3,2,0,0,0,,,,,P,,False,RP
43,CHC,29,112,641745,Brad Keller,33,1.0,36.0,26,10,8,10,36,0,108,143,581,2.0,0,11,2,3,0,1,0,0,,,,,P,,False,RP
44,PIT,29,134,676755,Isaac Mattson,10,0.6,13.1,5,3,3,3,13,2,40,47,182,2.03,0,1,1,1,0,0,0,0,,,,,P,,False,RP
45,FA,31,147,608331,Max Fried,16,0.96,101.0,77,28,23,20,97,7,303,400,1534,2.05,0,0,0,9,2,16,0,0,JEP,JEP,9620,SP,P,,False,SP
46,SF,27,137,666808,Camilo Doval,36,1.09,35.0,23,11,8,15,33,1,105,139,529,2.06,12,7,3,3,1,0,0,0,LAW,LAW,11536,RP,P,,False,RP
47,TEX,34,140,571948,Hoby Milner,36,0.97,39.1,28,12,9,10,36,0,118,154,613,2.06,0,10,2,1,1,0,0,0,,,,,P,,False,RP
48,BOS,26,111,676979,Garrett Crochet,17,1.02,109.1,80,28,25,31,135,9,328,431,1699,2.06,0,0,0,7,4,17,0,0,WAR,WAR,12046,SP,P,,False,SP
49,COL,29,115,656234,Jake Bird,33,1.19,43.2,36,11,10,16,56,2,131,178,701,2.06,0,10,3,2,1,0,0,0,,,,,P,,False,RP
50,MIN,27,142,686973,Louis Varland,37,0.95,34.2,26,9,8,7,38,3,104,137,503,2.08,0,12,1,2,3,0,0,0,WIZ,WIZ,12695,"SP,RP",P,,False,RP
51,PHI,29,143,624133,Ranger Suárez,10,1.03,65.0,51,16,15,16,59,4,195,256,948,2.08,0,0,0,6,2,10,0,0,CFL,CFL,11117,SP,P,,False,SP
52,KC,25,118,702070,Noah Cameron,8,0.97,47.2,31,11,11,15,34,4,143,185,689,2.08,0,0,0,2,3,8,0,0,DRO,DRO,60211,SP,P,,False,SP
53,NYY,31,121,621242,Edwin Díaz,30,0.96,30.1,17,8,7,12,45,2,91,120,497,2.08,15,0,1,3,0,0,0,0,DRO,DRO,10214,RP,P,,False,RP
54,SD,26,135,670970,Adrian Morejon,37,0.84,34.1,23,13,8,6,32,1,103,136,480,2.1,1,9,2,4,3,0,0,0,B2J,B2J,10574,RP,P,,False,RP
55,TOR,28,141,663893,Brendon Little,36,1.25,34.1,23,13,8,20,52,1,103,144,635,2.1,0,14,2,3,1,0,0,0,WAR,WAR,10861,RP,P,,False,RP
56,CHC,38,112,573204,Caleb Thielbar,34,0.98,29.2,18,7,7,11,28,1,89,115,454,2.12,1,7,2,2,2,0,0,0,,,,,P,,False,RP
57,KC,32,118,608032,Carlos Estévez,33,1.1,33.2,23,10,8,14,28,2,101,139,518,2.14,22,0,3,2,2,0,0,0,LFB,LFB,10274,RP,P,,False,RP
58,TB,31,139,664126,Pete Fairbanks,30,1.16,29.1,20,9,7,14,26,0,88,124,511,2.15,13,0,2,3,1,0,0,0,JEP,JEP,11597,RP,P,,False,RP
59,DET,26,116,695445,Chase Lee,21,1.0,25.0,18,6,6,7,23,2,75,95,390,2.16,0,4,0,3,0,0,0,0,,,,,P,,False,RP
60,KC,27,118,663460,Kris Bubic,15,1.13,91.0,76,26,22,27,96,4,273,369,1392,2.18,0,0,0,6,5,15,0,0,WAR,WAR,11319,"SP,RP",P,,False,SP
61,CWS,32,145,656186,Dan Altavilla,11,1.14,12.1,9,4,3,5,8,3,37,49,177,2.19,1,0,0,0,1,0,0,0,,,,,P,,False,RP
62,MIL,33,158,642239,Rob Zastryzny,14,0.97,12.1,10,3,3,2,14,3,37,49,195,2.19,0,1,0,2,1,1,0,0,,,,,P,,False,RP
63,BOS,24,111,692285,Luis Guerrero,11,0.98,16.1,5,4,4,11,9,0,49,62,244,2.2,0,0,0,0,0,0,0,0,,,,,P,,False,RP
64,KC,30,118,668674,Lucas Erceg,29,1.01,28.2,23,8,7,6,22,2,86,111,447,2.2,1,14,2,2,2,0,0,0,,,,,P,,False,RP
65,TOR,30,141,641778,Eric Lauer,11,1.01,40.2,27,10,10,14,41,5,122,161,627,2.21,0,0,0,4,1,5,0,0,,,,,P,,False,RP
66,TEX,37,140,594798,Jacob deGrom,15,0.92,88.1,63,22,22,18,87,9,265,339,1273,2.24,0,0,0,7,2,15,0,0,WIZ,WIZ,9701,SP,P,,False,SP
67,TOR,24,141,680755,Braydon Fisher,19,0.75,20.0,12,5,5,3,28,2,60,73,286,2.25,0,2,0,1,0,1,0,0,B2J,B2J,11479,RP,P,,False,RP
68,MIL,28,158,683232,Nick Mears,34,0.69,32.0,18,9,8,4,27,2,96,115,470,2.25,0,9,4,1,1,0,0,0,,,,,P,,False,RP
69,CLE,28,114,663671,Nic Enright,10,1.08,12.0,7,3,3,6,10,1,36,49,220,2.25,0,0,1,0,0,0,0,0,,,,,P,,False,RP
70,CWS,32,145,605288,Adrian Houser,6,1.26,35.2,32,9,9,13,26,2,107,146,558,2.27,0,0,0,2,2,6,0,0,TBB,TBB,10098,"SP,RP",P,,False,SP
71,DET,28,116,669373,Tarik Skubal,16,0.87,102.0,76,26,26,13,125,8,306,390,1467,2.29,0,0,0,9,2,16,1,1,LFB,LFB,11763,SP,P,,False,SP
72,NYY,32,121,657585,Reed Garrett,33,1.39,31.0,25,11,8,18,39,1,93,135,549,2.32,2,14,4,2,3,0,0,0,WAR,WAR,11255,RP,P,,False,RP
73,PHI,24,143,689147,Orion Kerkering,35,1.37,30.2,25,13,8,17,29,2,92,135,513,2.35,2,11,4,5,2,0,0,0,DRO,DRO,60329,RP,P,,False,RP
74,CLE,26,114,671922,Cade Smith,36,1.17,34.1,27,11,9,13,53,0,103,145,588,2.36,3,15,1,2,2,0,0,0,SAD,SAD,60016,RP,P,,False,RP
75,BOS,37,111,458677,Justin Wilson,33,1.41,26.1,25,11,7,12,33,1,79,113,450,2.39,0,11,4,2,1,0,0,0,,,,,P,,False,RP
76,MIA,30,146,669622,Anthony Bender,33,1.13,32.2,22,10,9,15,25,3,98,135,505,2.48,1,12,3,1,5,0,0,0,,,,,P,,False,RP
77,SF,28,137,657277,Logan Webb,16,1.12,101.1,93,32,28,20,114,6,304,408,1546,2.49,0,0,0,7,5,16,0,0,SAD,SAD,11235,SP,P,,False,SP
78,DET,30,116,676684,Will Vest,33,1.0,36.0,26,11,10,10,40,2,108,144,620,2.5,12,1,3,5,1,0,0,0,WAR,WAR,12110,RP,P,,False,RP
79,CLE,27,114,663465,Kolby Allard,13,1.36,28.2,34,10,8,5,12,1,86,122,440,2.51,0,2,0,2,0,1,0,0,,,,,P,,False,RP
80,KC,28,118,663738,Daniel Lynch IV,34,1.42,35.1,32,11,10,18,24,3,106,152,574,2.55,1,4,0,3,2,2,0,0,,,,,P,,False,RP
81,STL,30,138,676617,Riley O'Brien,11,1.07,14.0,11,4,4,4,9,2,42,52,209,2.57,0,1,0,0,0,0,0,0,,,,,P,,False,RP
82,TEX,39,140,455119,Chris Martin,28,0.99,24.1,21,11,7,3,28,4,73,97,342,2.59,2,11,1,0,4,0,0,0,CFL,CFL,9684,RP,P,,False,RP
83,MIA,29,146,676083,Janson Junk,6,1.01,27.2,26,8,8,2,25,0,83,109,380,2.6,1,0,0,2,0,1,0,0,,,,,P,,False,RP
84,BAL,30,110,642585,Félix Bautista,28,1.12,27.2,14,8,8,17,38,2,83,113,492,2.6,16,0,1,0,1,0,0,0,DRO,DRO,12346,RP,P,,False,RP
85,HOU,33,117,595345,Steven Okert,30,0.66,34.2,17,11,10,6,44,4,104,128,486,2.6,1,3,2,1,2,0,0,0,WAR,WAR,10109,RP,P,,False,RP
86,TB,29,139,656876,Drew Rasmussen,15,0.97,79.1,59,23,23,18,67,8,238,305,1188,2.61,0,0,0,6,5,15,0,0,SAD,SAD,11789,"SP,RP",P,,False,SP
87,PHI,35,143,554430,Zack Wheeler,15,0.91,93.0,63,28,27,22,118,10,279,359,1488,2.61,0,0,0,7,2,15,0,0,B2J,B2J,9124,SP,P,,False,SP
88,STL,28,138,668941,JoJo Romero,30,1.44,23.2,19,9,7,15,16,1,71,102,393,2.66,0,11,0,3,3,0,0,0,,,,,P,,False,RP
89,NYY,27,121,676130,José Buttó,29,1.28,40.2,33,14,12,19,36,2,122,167,658,2.66,1,2,1,2,1,0,0,0,,,,,P,,False,RP
90,FA,35,147,657612,Tim Hill,36,1.1,33.2,26,12,10,11,18,4,101,135,464,2.67,0,5,0,3,2,0,0,0,,,,,P,,False,RP
91,SD,25,135,688158,David Morgan,12,1.28,13.1,10,4,4,7,17,2,40,56,224,2.7,0,0,0,0,1,0,0,0,,,,,P,,False,RP
92,TB,31,139,664076,Garrett Cleavinger,31,0.9,30.0,21,10,9,6,38,6,90,119,434,2.7,1,10,1,0,3,0,0,0,JEP,JEP,11704,RP,P,,False,RP
93,MIL,31,158,656730,Trevor Megill,30,1.31,26.2,21,9,8,14,32,1,80,114,446,2.7,17,0,2,1,2,0,0,0,SAD,SAD,11717,RP,P,,False,RP
94,DET,26,116,676428,Brant Hurter,24,1.25,39.1,34,19,12,15,39,3,118,168,621,2.75,2,2,0,2,3,4,0,0,,,,,P,,False,RP
95,LAD,26,119,808967,Yoshinobu Yamamoto,15,1.09,84.2,62,29,26,30,95,9,254,340,1416,2.76,0,0,0,6,6,15,0,0,CFL,CFL,63423,SP,P,,False,SP
96,TOR,28,141,684320,Yariel Rodríguez,32,0.87,39.0,22,12,12,12,37,6,117,145,584,2.77,1,9,1,1,0,1,0,0,JEP,JEP,63645,"SP,RP",P,,False,RP
97,SEA,30,136,642100,Gabe Speier,34,1.03,29.0,23,9,9,7,40,3,87,117,436,2.79,0,8,2,2,0,0,0,0,RV,RV,11653,RP,P,,False,RP
98,CWS,25,145,678024,Mike Vasil,22,1.27,54.1,42,19,17,27,39,5,163,234,865,2.82,1,1,1,3,3,3,0,0,,,,,P,,False,RP
99,SF,33,137,592662,Robbie Ray,16,1.16,92.1,71,32,29,36,104,9,277,377,1504,2.83,0,0,0,8,2,16,0,0,LAW,LAW,9691,SP,P,,False,SP
100,BAL,30,110,669211,Keegan Akin,36,1.37,35.0,30,12,11,18,36,4,105,148,604,2.83,0,12,2,2,0,3,0,0,JEP,JEP,10431,"SP,RP",P,,False,RP
101,FA,29,147,657376,Clarke Schmidt,12,1.06,69.2,48,22,22,26,65,6,209,277,1086,2.84,0,0,0,4,3,12,0,0,LFB,LFB,10926,SP,P,,False,SP
102,CHC,34,112,571510,Matthew Boyd,15,1.14,85.2,77,32,27,21,79,10,257,346,1350,2.84,0,0,0,6,3,15,0,0,B2J,B2J,10011,SP,P,,False,SP
103,MIN,33,142,592779,Brock Stewart,25,1.05,22.0,15,7,7,8,30,2,66,90,369,2.86,0,8,1,1,1,0,0,0,TBB,TBB,10325,RP,P,,False,RP
104,PHI,28,143,650911,Cristopher Sánchez,15,1.19,87.2,76,29,28,28,92,7,263,363,1346,2.87,0,0,0,6,2,15,0,0,WIZ,WIZ,11706,SP,P,,False,SP
105,BAL,30,110,641329,Bryan Baker,37,0.99,34.1,26,13,11,8,42,6,103,131,529,2.88,2,9,3,3,2,0,0,0,CFL,CFL,11998,RP,P,,False,RP
106,DET,28,116,663554,Casey Mize,13,1.24,72.0,71,25,23,18,64,10,216,301,1111,2.88,0,0,0,7,2,13,0,0,LAW,LAW,11083,SP,P,,False,SP
107,HOU,31,117,664285,Framber Valdez,16,1.13,103.0,79,33,33,37,102,6,309,414,1486,2.88,0,0,0,8,4,16,2,0,HAM,HAM,11138,SP,P,,False,SP
108,MIL,29,158,642547,Freddy Peralta,17,1.13,93.0,71,31,30,34,98,12,279,385,1607,2.9,0,0,0,8,4,17,0,0,RV,RV,11014,SP,P,,False,SP
109,COL,25,115,680767,Victor Vodnik,22,1.2,21.2,15,8,7,11,19,3,65,86,380,2.91,1,2,2,2,2,0,0,0,,,,,P,,False,RP
110,FA,32,147,607074,Carlos Rodón,17,0.97,101.2,65,36,33,34,119,13,305,401,1631,2.92,0,0,0,9,5,17,0,0,WIZ,WIZ,9823,SP,P,,False,SP
111,ARI,31,109,656222,Jalen Beeks,37,1.0,37.0,26,14,12,11,33,3,111,148,581,2.92,1,11,1,2,0,0,0,0,,,,,P,,False,RP
112,CIN,28,113,663574,Tony Santillan,39,1.11,37.0,29,12,12,12,30,4,111,152,615,2.92,2,17,2,1,1,0,0,0,,,,,P,,False,RP
113,PIT,30,134,670280,David Bednar,31,1.12,27.2,23,11,9,8,39,2,83,112,448,2.93,11,3,0,2,5,0,0,0,LAW,LAW,11645,RP,P,,False,RP
114,KC,35,118,607625,Seth Lugo,14,1.05,83.0,64,29,27,23,68,12,249,326,1289,2.93,0,0,0,4,5,14,0,0,WAR,WAR,10326,SP,P,,False,SP
115,WSH,33,120,640448,Kyle Finnegan,28,1.23,27.2,26,11,9,8,22,2,83,114,435,2.93,18,0,5,0,2,0,0,0,,,,,P,,False,RP
116,STL,28,138,681517,Kyle Leahy,33,1.17,42.2,35,14,14,15,34,4,128,175,641,2.95,0,12,1,2,1,0,0,0,,,,,P,,False,RP
117,MIA,25,146,678692,Ronny Henriquez,34,1.31,36.2,32,15,12,16,50,6,110,160,617,2.95,2,11,2,3,1,0,0,0,,,,,P,,False,RP
118,PIT,28,134,657571,Caleb Ferguson,35,1.05,33.1,23,11,11,12,26,0,100,134,515,2.97,0,8,3,2,0,0,0,0,,,,,P,,False,RP
119,SEA,29,136,660825,Eduard Bazardo,34,1.07,39.1,27,13,13,15,33,4,118,156,628,2.97,0,1,1,2,0,0,0,0,,,,,P,,False,RP
120,TEX,29,140,676395,Robert Garcia,35,1.19,30.1,25,10,10,11,29,2,91,123,455,2.97,6,10,3,1,3,0,0,0,SAD,SAD,60615,RP,P,,False,RP
121,MIL,36,158,500779,Jose Quintana,10,1.4,54.1,51,22,18,25,36,6,163,232,912,2.98,0,0,0,5,2,10,0,0,,,,,P,,False,SP
122,NYY,29,121,656849,David Peterson,15,1.24,90.2,81,33,30,31,78,6,272,378,1402,2.98,0,0,0,5,3,15,1,1,SAD,SAD,10921,SP,P,,False,SP
123,CWS,23,145,691799,Grant Taylor,6,1.0,6.0,5,2,2,1,7,0,18,23,89,3.0,1,2,1,0,0,1,0,0,,,,,P,,False,RP
124,BOS,30,111,669711,Greg Weissert,39,1.17,36.0,31,15,12,11,33,4,108,147,561,3.0,3,14,4,2,2,0,0,0,,,,,P,,False,RP
125,NYY,35,121,623211,Huascar Brazobán,33,1.07,42.0,26,17,14,19,39,4,126,167,640,3.0,1,10,4,3,2,2,0,0,,,,,P,,False,RP
126,LAA,34,108,579328,Yusei Kikuchi,16,1.43,89.2,85,35,30,43,87,11,269,385,1523,3.01,0,0,0,2,6,16,0,0,HAM,HAM,11263,SP,P,,False,SP
127,TB,27,139,686752,Ryan Pepiot,16,1.1,94.2,76,33,32,28,91,14,284,376,1481,3.04,0,0,0,5,6,16,0,0,JEP,JEP,12036,SP,P,,False,SP
128,NYY,32,121,605280,Clay Holmes,15,1.23,83.0,71,30,28,31,73,9,249,346,1342,3.04,0,0,0,7,4,15,0,0,DRO,DRO,10569,"SP,RP",P,,False,SP
129,SEA,25,136,672841,Carlos Vargas,35,1.41,38.1,38,16,13,16,30,4,115,166,562,3.05,1,9,3,2,5,0,0,0,,,,,P,,False,RP
130,MIN,29,142,657746,Joe Ryan,15,0.91,85.1,58,30,29,20,96,10,256,335,1365,3.06,0,0,0,7,3,14,0,0,LFB,LFB,11847,SP,P,,False,SP
131,HOU,28,117,687911,Bryan King,34,1.02,32.1,26,11,11,7,36,3,97,132,519,3.06,0,15,1,3,1,0,0,0,HAM,HAM,64014,RP,P,,False,RP
132,LAD,29,119,681911,Alex Vesia,38,1.05,32.1,24,11,11,10,45,7,97,129,557,3.06,3,14,0,2,0,0,0,0,LFB,LFB,11920,RP,P,,False,RP
133,MIL,26,158,669084,DL Hall,7,1.16,14.2,8,5,5,9,10,1,44,60,228,3.07,0,0,0,1,0,2,0,0,TBB,TBB,10848,"SP,RP",P,,False,RP
134,BOS,33,111,657514,Brennan Bernardino,34,1.28,29.0,24,15,10,13,26,1,87,129,486,3.1,0,2,0,3,2,0,0,0,,,,,P,,False,RP
135,CIN,35,113,608718,Brent Suter,25,1.09,37.2,32,14,13,9,26,4,113,153,596,3.11,0,0,0,1,0,3,0,0,,,,,P,,False,RP
136,SEA,25,136,693433,Bryan Woo,15,0.95,95.1,76,33,33,15,87,13,286,376,1338,3.12,0,0,0,7,4,15,0,0,SAD,SAD,60584,SP,P,,False,SP
137,SEA,28,136,669302,Logan Gilbert,8,0.89,40.1,29,14,14,7,60,7,121,158,673,3.12,0,0,0,2,2,8,0,0,HAM,HAM,11381,SP,P,,False,SP
138,COL,31,115,623474,Jimmy Herget,27,1.3,40.0,39,14,14,13,28,4,120,170,614,3.15,0,1,1,0,1,0,0,0,,,,,P,,False,RP
139,SF,30,137,702352,Spencer Bivens,25,1.13,39.2,32,16,14,13,28,3,119,163,609,3.18,0,1,0,2,2,0,0,0,,,,,P,,False,RP
140,CIN,34,113,641941,Emilio Pagán,34,0.85,34.0,18,14,12,11,43,6,102,133,511,3.18,18,2,3,0,2,0,0,0,,,,,P,,False,RP
141,FA,35,147,518585,Fernando Cruz,30,1.06,31.0,19,13,11,14,50,3,93,125,509,3.19,2,8,1,2,3,0,0,0,LFB,LFB,12690,"SP,RP",P,,False,RP
142,CLE,27,114,683769,Hunter Gaddis,34,1.45,31.0,31,12,11,14,38,4,93,135,535,3.19,0,17,1,0,1,0,0,0,TBB,TBB,12665,RP,P,,False,RP
143,WSH,26,120,669022,MacKenzie Gore,16,1.19,93.0,84,34,33,27,123,11,279,381,1561,3.19,0,0,0,3,7,16,0,0,CFL,CFL,10940,SP,P,,False,SP
144,ATL,25,144,680885,Spencer Schwellenbach,16,0.99,103.2,86,43,37,17,96,13,311,409,1483,3.21,0,0,0,6,4,16,1,0,DRO,DRO,12363,SP,P,,False,SP
145,TEX,29,140,656641,Jacob Latz,17,1.18,36.1,27,13,13,16,34,4,109,147,582,3.22,0,1,0,1,0,2,0,0,,,,,P,,False,RP
146,KC,33,118,608379,Michael Wacha,15,1.19,86.0,79,31,31,23,65,9,258,358,1313,3.24,0,0,0,4,6,15,0,0,LAW,LAW,9329,SP,P,,False,SP
147,SF,23,137,806185,Hayden Birdsong,17,1.33,52.2,50,25,19,20,55,6,158,230,924,3.25,0,3,0,3,1,6,0,0,,,,,P,,False,RP
148,LAD,26,119,676508,Ben Casparius,24,1.04,52.2,44,19,19,11,50,3,158,213,812,3.25,0,7,0,6,1,2,0,0,RV,RV,64785,RP,P,,False,RP
149,CWS,31,145,656457,Tyler Gilbert,17,1.03,19.1,12,7,7,8,20,2,58,76,316,3.26,0,1,0,1,1,3,0,0,,,,,P,,False,RP
150,PIT,28,134,663767,Chase Shugart,29,1.18,33.0,25,13,12,14,20,4,99,135,515,3.27,0,4,2,4,3,0,0,0,,,,,P,,False,RP
151,TEX,34,140,542888,Shawn Armstrong,31,0.97,33.0,18,13,12,14,36,3,99,133,526,3.27,2,6,2,2,2,2,0,0,,,,,P,,False,RP
152,ATL,34,144,572955,Pierce Johnson,30,1.24,27.1,26,11,10,8,33,3,82,111,481,3.29,1,6,2,1,3,0,0,0,,,,,P,,False,RP
153,MIL,28,158,681982,Grant Anderson,33,1.23,38.1,29,16,14,18,39,5,115,162,646,3.29,0,1,1,1,2,0,0,0,,,,,P,,False,RP
154,BOS,26,111,678394,Brayan Bello,12,1.41,65.1,63,29,24,29,51,7,196,284,1122,3.31,0,0,0,3,2,12,0,0,TBB,TBB,12330,SP,P,,False,SP
155,LAD,37,119,477132,Clayton Kershaw,7,1.32,32.2,31,14,12,12,24,4,98,136,516,3.31,0,0,0,3,0,7,0,0,B2J,B2J,8180,SP,P,,False,SP
156,LAD,26,119,676263,Jack Dreyer,31,1.16,40.2,32,16,15,15,39,1,122,167,621,3.32,0,8,1,2,2,5,0,0,,,,,P,,False,RP
157,CIN,34,113,573124,Taylor Rogers,30,1.44,24.1,23,15,9,12,24,3,73,107,441,3.33,0,7,1,2,2,0,0,0,,,,,P,,False,RP
158,ATL,31,144,607481,Aaron Bummer,26,1.28,29.2,26,14,11,12,30,0,89,127,516,3.34,0,1,0,0,1,0,0,0,,,,,P,,False,RP
159,CWS,25,145,681343,Shane Smith,15,1.27,74.2,63,36,28,32,68,5,224,323,1235,3.38,0,0,0,3,5,15,0,0,WAR,WAR,63967,"SP,RP",P,,False,SP
160,CLE,26,114,677944,Slade Cecconi,7,1.29,37.1,36,14,14,12,37,6,112,158,575,3.38,0,0,0,3,3,7,0,0,DRO,DRO,12118,"SP,RP",P,,False,SP
161,LAA,26,108,667755,José Soriano,16,1.42,93.0,89,38,35,43,80,3,279,395,1509,3.39,0,0,0,5,5,16,0,0,LFB,LFB,11327,SP,P,,False,SP
162,ARI,36,109,518876,Merrill Kelly,16,1.05,93.0,73,39,35,25,93,10,279,372,1458,3.39,0,0,0,7,3,16,0,0,WIZ,WIZ,11251,SP,P,,False,SP
163,BAL,30,110,622554,Seranthony Domínguez,33,1.29,31.2,22,13,12,19,42,3,95,130,544,3.41,1,10,1,2,2,0,0,0,,,,,P,,False,RP
164,TB,27,139,687330,Kevin Kelly,15,1.02,15.2,14,6,6,2,11,3,47,60,216,3.45,0,2,1,0,0,0,0,0,,,,,P,,False,RP
165,MIA,29,146,676534,Calvin Faucher,32,1.26,28.2,24,14,11,12,26,2,86,121,502,3.45,8,3,3,2,2,0,0,0,,,,,P,,False,RP
166,PHI,23,143,690953,Mick Abel,5,1.16,23.1,23,9,9,4,18,7,70,96,401,3.47,0,0,0,2,1,5,0,0,,,,,P,,False,SP
167,CLE,27,114,661403,Emmanuel Clase,35,1.49,33.2,40,15,13,10,35,1,101,152,564,3.48,18,1,3,4,1,0,0,0,LAW,LAW,11625,RP,P,,False,RP
168,WSH,25,120,695418,Brad Lord,28,1.31,54.1,51,22,21,20,48,5,163,230,888,3.48,0,6,0,1,5,6,0,0,,,,,P,,False,RP
169,STL,34,138,571927,Steven Matz,23,1.12,43.2,43,20,17,6,40,3,131,180,712,3.5,1,3,3,4,2,2,0,0,,,,,P,,False,RP
170,TOR,31,141,621244,José Berríos,16,1.24,95.0,82,38,37,36,81,12,285,391,1422,3.51,0,0,0,3,3,16,0,0,TBB,TBB,9872,SP,P,,False,SP
171,STL,32,138,607200,Erick Fedde,15,1.3,84.0,73,36,33,36,55,6,252,353,1328,3.54,0,0,0,3,6,15,1,1,,,,,P,,False,SP
172,STL,30,138,664854,Ryan Helsley,28,1.46,28.0,29,11,11,12,33,4,84,124,479,3.54,15,0,5,3,0,0,0,0,CFL,CFL,10946,RP,P,,False,RP
173,BAL,30,110,642397,Gregory Soto,34,1.21,28.0,24,12,11,10,36,2,84,120,453,3.54,0,17,1,0,2,0,0,0,JEP,JEP,10882,RP,P,,False,RP
174,TEX,33,140,592426,Luke Jackson,31,1.26,25.1,21,12,10,11,19,3,76,107,370,3.55,9,2,2,2,4,0,0,0,,,,,P,,False,RP
175,BAL,35,110,608372,Tomoyuki Sugano,15,1.21,83.2,84,34,33,17,50,14,251,348,1311,3.55,0,0,0,5,4,15,0,0,,,,,P,,False,SP
176,CLE,25,114,668909,Gavin Williams,15,1.42,75.1,65,34,30,42,78,10,226,326,1398,3.58,0,0,0,5,3,15,0,0,SAD,SAD,12401,SP,P,,False,SP
177,PIT,28,134,663559,Bailey Falter,16,1.18,85.1,70,39,34,31,51,9,256,343,1284,3.59,0,0,0,6,3,16,0,0,,,,,P,,False,SP
178,SD,26,135,669093,Jeremiah Estrada,38,1.29,35.0,31,17,14,14,48,5,105,150,583,3.6,2,15,3,2,4,0,0,0,SAD,SAD,12687,RP,P,,False,RP
179,SD,26,135,681190,Randy Vásquez,16,1.33,80.0,69,33,32,37,45,12,240,343,1279,3.6,0,0,0,3,4,16,0,0,,,,,P,,False,SP
180,BOS,29,111,676477,Garrett Whitlock,29,1.25,40.0,31,17,16,19,49,2,120,169,716,3.6,1,7,4,5,1,0,0,0,,,,,P,,False,RP
181,TOR,36,141,605135,Chris Bassitt,16,1.26,92.1,95,38,37,21,90,10,277,393,1488,3.61,0,0,0,7,3,16,0,0,TBB,TBB,9799,SP,P,,False,SP
182,OAK,28,133,663687,Hogan Harris,24,1.61,32.1,32,15,13,20,38,2,97,150,598,3.62,0,1,0,1,1,0,0,0,,,,,P,,False,RP
183,CIN,27,113,666157,Nick Lodolo,16,1.12,89.1,82,38,36,18,80,12,268,372,1441,3.63,0,0,0,5,5,16,1,0,LAW,LAW,11750,SP,P,,False,SP
184,SD,32,135,601713,Nick Pivetta,15,1.08,84.0,67,36,34,24,91,11,252,339,1312,3.64,0,0,0,7,2,15,0,0,JEP,JEP,10683,SP,P,,False,SP
185,LAD,30,119,656945,Tanner Scott,38,0.97,37.0,32,18,15,4,40,5,111,141,545,3.65,16,7,5,1,2,0,0,0,CFL,CFL,10432,RP,P,,False,RP
186,SF,26,137,694738,Landen Roupp,15,1.42,76.0,76,39,31,32,70,7,228,333,1254,3.67,0,0,0,5,5,15,0,0,SAD,SAD,60650,"SP,RP",P,,False,SP
187,WSH,25,120,669371,Cole Henry,27,1.19,27.0,17,12,11,15,29,5,81,118,454,3.67,0,2,0,0,1,0,0,0,TBB,TBB,12182,"SP,RP",P,,False,RP
188,SEA,28,136,668984,Casey Legumina,29,1.33,29.1,24,15,12,15,30,3,88,124,476,3.68,0,2,0,4,3,1,0,0,,,,,P,,False,RP
189,MIL,24,158,682990,Quinn Priester,14,1.31,71.0,67,31,29,26,50,8,213,299,1156,3.68,0,0,0,5,2,10,0,0,WAR,WAR,11820,SP,P,,False,SP
190,SEA,32,136,622491,Luis Castillo,16,1.27,90.1,85,39,37,30,75,12,271,381,1515,3.69,0,0,0,4,5,16,0,0,B2J,B2J,10514,SP,P,,False,SP
191,DET,27,116,669724,Brenan Hanifee,34,1.41,39.0,45,24,16,10,27,2,117,171,641,3.69,0,8,0,3,2,0,0,0,,,,,P,,False,RP
192,PHI,33,143,621383,Tanner Banks,33,0.97,34.0,28,15,14,5,34,5,102,133,563,3.71,1,1,1,2,0,0,0,0,,,,,P,,False,RP
193,ATL,29,144,656550,Grant Holmes,16,1.22,85.0,65,36,35,39,97,14,255,352,1398,3.71,0,0,0,4,6,15,0,0,JEP,JEP,10549,"SP,RP",P,,False,SP
194,ARI,27,109,669194,Ryne Nelson,17,1.05,60.2,43,26,25,21,52,6,182,246,993,3.71,1,1,1,4,2,7,0,0,,,,,P,,False,RP
195,STL,35,138,543243,Sonny Gray,15,1.19,84.2,84,37,35,17,90,10,254,347,1298,3.72,0,0,0,7,2,15,0,0,HAM,HAM,9459,SP,P,,False,SP
196,MIA,30,146,669199,Lake Bachar,26,1.27,36.1,25,16,15,21,38,3,109,152,574,3.72,0,4,0,3,0,0,0,0,,,,,P,,False,RP
197,MIL,26,158,694477,Chad Patrick,17,1.32,84.2,85,35,35,27,85,9,254,361,1418,3.72,0,0,0,3,7,16,0,0,,,,,P,,False,SP
198,BAL,29,110,656240,Scott Blewett,21,1.27,36.1,34,17,15,12,29,6,109,153,555,3.72,0,0,0,3,0,2,0,0,,,,,P,,False,RP
199,KC,31,118,670167,John Schreiber,35,1.34,29.0,29,14,12,10,32,5,87,125,489,3.72,0,10,1,2,2,0,0,0,,,,,P,,False,RP
200,SD,29,135,673513,Yuki Matsui,33,1.31,31.1,26,14,13,15,36,4,94,133,525,3.73,1,2,0,2,1,0,0,0,,,,,P,,False,RP
201,PHI,33,143,621381,Matt Strahm,34,1.21,31.1,30,15,13,8,36,3,94,131,523,3.73,4,9,4,1,3,0,0,0,WIZ,WIZ,10355,RP,P,,False,RP
202,CHC,23,112,690990,Cade Horton,8,1.29,41.0,43,22,17,10,31,4,123,176,659,3.73,0,0,0,3,1,7,0,0,,,,,P,,False,SP
203,OAK,32,133,656794,Sean Newcomb,19,1.66,55.1,70,30,23,22,52,4,166,253,997,3.74,0,0,0,1,4,5,0,0,,,,,P,,False,RP
204,TB,29,139,641793,Zack Littell,16,1.1,97.2,96,41,41,11,66,22,293,391,1383,3.78,0,0,0,6,7,16,1,0,,,,,P,,False,SP
205,KC,25,118,672582,Angel Zerpa,33,1.38,33.1,36,14,14,10,27,4,100,143,586,3.78,0,7,2,3,0,0,0,0,,,,,P,,False,RP
206,TOR,27,141,687606,Paxton Schultz,10,1.31,21.1,21,13,9,7,26,3,64,94,382,3.8,0,0,0,0,0,2,0,0,,,,,P,,False,RP
207,MIA,27,146,665795,Edward Cabrera,12,1.39,59.0,56,27,25,26,63,7,177,254,997,3.81,0,0,0,2,2,12,0,0,WIZ,WIZ,10903,SP,P,,False,SP
208,SD,33,135,593974,Wandy Peralta,35,1.47,35.1,35,17,15,17,31,2,106,159,571,3.82,0,3,1,3,1,0,0,0,,,,,P,,False,RP
209,MIL,31,158,657649,Jared Koenig,37,1.33,33.0,32,14,14,12,32,3,99,141,533,3.82,0,13,1,3,1,0,0,0,WAR,WAR,12630,"SP,RP",P,,False,RP
210,OAK,27,133,687765,Mitch Spence,26,1.3,58.2,59,32,25,17,50,6,176,251,946,3.84,1,4,0,2,2,4,0,0,,,,,P,,False,RP
211,PHI,26,143,676661,Max Lazar,9,1.21,14.0,11,6,6,6,10,2,42,56,219,3.86,1,0,0,0,0,0,0,0,,,,,P,,False,RP
212,CLE,26,114,676440,Tanner Bibee,15,1.23,88.2,83,41,38,26,75,15,266,369,1448,3.86,0,0,0,4,7,15,1,0,SAD,SAD,60137,SP,P,,False,SP
213,FA,30,147,641656,Ian Hamilton,23,1.23,27.2,18,13,12,16,31,2,83,115,454,3.9,0,2,0,1,0,0,0,0,,,,,P,,False,RP
214,CHC,36,112,519151,Ryan Pressly,32,1.6,30.0,36,16,13,12,20,2,90,134,490,3.9,5,4,1,2,2,0,0,0,,,,,P,,False,RP
215,NYY,29,121,656288,Griffin Canning,15,1.41,73.2,69,35,32,35,67,8,221,319,1307,3.91,0,0,0,7,3,15,0,0,,,,,P,,False,SP
216,CIN,32,113,605130,Scott Barlow,37,1.17,34.1,19,16,15,21,36,2,103,146,612,3.93,0,7,0,3,0,0,0,0,,,,,P,,False,RP
217,FA,34,147,643410,Mark Leiter Jr.,37,1.5,32.0,38,17,14,10,44,3,96,144,557,3.94,2,10,3,4,4,0,0,0,RV,RV,10681,RP,P,,False,RP
218,SD,28,135,663568,Stephen Kolek,10,1.3,57.0,54,28,25,20,42,5,171,241,901,3.95,0,0,0,3,3,10,1,1,,,,,P,,False,SP
219,STL,25,138,669461,Matthew Liberatore,15,1.15,86.1,87,40,38,12,71,7,259,356,1267,3.96,0,0,0,5,6,15,0,0,,,,,P,,False,SP
220,CLE,28,114,682120,Tim Herrin,32,1.48,25.0,21,11,11,16,24,3,75,112,433,3.96,0,11,0,4,2,0,0,0,,,,,P,,False,RP
221,ATL,29,144,660853,Enyel De Los Santos,32,1.11,31.2,24,14,14,11,31,2,95,130,527,3.98,0,2,1,2,2,0,0,0,,,,,P,,False,RP
222,PHI,32,143,592836,Taijuan Walker,17,1.37,49.2,49,28,22,19,44,7,149,220,862,3.99,1,1,2,2,5,8,0,0,,,,,P,,False,RP
223,MIA,27,146,663969,Tyler Phillips,27,1.3,38.1,40,17,17,10,22,6,115,159,567,3.99,0,2,0,1,0,0,0,0,,,,,P,,False,RP
224,ATL,34,144,606160,Rafael Montero,27,1.26,27.0,18,12,12,16,31,1,81,114,510,4.0,0,5,0,0,0,0,0,0,,,,,P,,False,RP
225,PIT,29,134,656605,Mitch Keller,16,1.22,94.0,91,46,42,24,73,6,282,395,1486,4.02,0,0,0,1,10,16,0,0,CFL,CFL,10565,SP,P,,False,SP
226,MIN,30,142,643377,Griffin Jax,36,1.23,33.1,33,16,15,8,56,4,100,141,553,4.05,0,16,4,1,4,0,0,0,WIZ,WIZ,12203,RP,P,,False,RP
227,CLE,32,114,596001,Jakob Junis,30,1.44,33.1,39,16,15,9,24,3,100,144,534,4.05,0,3,0,1,1,0,0,0,,,,,P,,False,RP
228,ATL,26,144,675911,Spencer Strider,8,1.14,42.0,31,20,19,17,53,5,126,174,712,4.07,0,0,0,3,5,8,0,0,HAM,HAM,12281,SP,P,,False,SP
229,PHI,27,143,666200,Jesús Luzardo,16,1.37,90.1,95,44,41,29,104,7,271,385,1524,4.08,0,0,0,7,3,16,0,0,LFB,LFB,10627,SP,P,,False,SP
230,MIA,25,146,678368,Valente Bellozo,12,1.29,39.2,37,19,18,14,31,4,119,168,673,4.08,0,0,1,1,3,5,0,0,,,,,P,,False,RP
231,TEX,31,140,657097,Jacob Webb,31,1.11,35.0,27,16,16,12,26,5,105,144,540,4.11,1,6,2,4,3,0,0,0,,,,,P,,False,RP
232,LAA,28,108,656271,Brock Burke,36,1.63,30.2,35,14,14,15,26,4,92,140,535,4.11,0,9,2,4,1,0,0,0,,,,,P,,False,RP
233,LAD,31,119,607455,Anthony Banda,36,1.29,35.0,26,16,16,19,27,5,105,144,569,4.11,0,4,1,4,1,0,0,0,,,,,P,,False,RP
234,CLE,32,114,670036,Matt Festa,21,1.02,19.2,14,9,9,6,18,0,59,79,261,4.12,0,6,0,1,1,0,0,0,,,,,P,,False,RP
235,CIN,28,113,663903,Brady Singer,15,1.3,80.2,72,40,37,33,67,9,242,341,1362,4.13,0,0,0,7,5,15,0,0,,,,,P,,False,SP
236,SD,27,135,669308,Sean Reynolds,16,1.11,21.2,16,10,10,8,19,3,65,88,367,4.15,0,2,0,0,1,1,0,0,,,,,P,,False,RP
237,ARI,26,109,666661,Juan Morillo,24,1.48,21.2,20,12,10,12,24,2,65,93,378,4.15,0,4,0,0,1,0,0,0,,,,,P,,False,RP
238,CIN,31,113,664139,Ian Gibaut,23,1.31,23.2,23,11,11,8,15,3,71,101,362,4.18,0,3,1,0,1,0,0,0,,,,,P,,False,RP
239,WSH,28,120,663623,Jake Irvin,16,1.23,94.2,90,44,44,26,66,16,284,398,1472,4.18,0,0,0,6,3,16,0,0,,,,,P,,False,SP
240,COL,24,115,675848,Juan Mejia,20,1.29,25.2,23,17,12,10,27,4,77,107,425,4.21,0,3,0,0,0,0,0,0,,,,,P,,False,RP
241,SF,28,137,663546,Sean Hjelle,7,1.41,10.2,8,5,5,7,7,2,32,46,168,4.22,0,0,0,1,1,1,0,0,,,,,P,,False,RP
242,LAA,37,108,445276,Kenley Jansen,31,1.3,27.2,26,13,13,10,25,6,83,120,457,4.23,15,0,0,1,2,0,0,0,TBB,TBB,8758,RP,P,,False,RP
243,OAK,32,133,605488,Jeffrey Springs,16,1.23,87.0,75,50,41,32,72,13,261,369,1442,4.24,0,0,0,6,5,14,0,0,,,,,P,,False,SP
244,TEX,35,140,571578,Patrick Corbin,14,1.28,76.1,75,36,36,23,59,12,229,319,1208,4.24,0,0,0,4,7,14,1,0,,,,,P,,False,SP
245,LAD,38,119,489446,Kirby Yates,29,1.33,23.1,24,12,11,7,36,4,70,101,434,4.24,2,12,2,4,2,0,0,0,,,,,P,,False,RP
246,OAK,27,133,682052,Jacob Lopez,10,1.44,36.0,36,20,17,16,49,6,108,165,686,4.25,0,0,0,1,4,6,0,0,LAW,LAW,62642,SP,P,,False,SP
247,CLE,26,114,671106,Logan Allen,15,1.5,72.0,76,38,34,32,54,8,216,319,1290,4.25,0,0,0,5,5,14,0,0,,,,,P,,False,SP
248,CLE,26,114,682847,Luis L. Ortiz,15,1.41,81.2,74,40,39,41,91,10,245,354,1399,4.3,0,0,0,4,8,15,0,0,,,,,P,,False,SP
249,STL,36,138,571945,Miles Mikolas,15,1.28,77.1,80,39,37,19,51,7,232,328,1221,4.31,0,0,0,4,5,15,0,0,,,,,P,,False,SP
250,COL,25,115,678020,Seth Halvorsen,32,1.4,31.1,30,19,15,14,29,5,94,131,465,4.31,6,4,3,1,2,0,0,0,,,,,P,,False,RP
251,FA,30,147,642528,Jonathan Loáisiga,16,1.26,16.2,15,9,8,6,15,4,50,73,260,4.32,0,4,2,0,1,0,0,0,,,,,P,,False,RP
252,MIN,34,142,623437,Justin Topa,28,1.34,29.0,30,17,14,9,23,1,87,128,457,4.34,0,2,2,1,2,1,0,0,,,,,P,,False,RP
253,KC,32,118,664199,Taylor Clarke,16,0.8,18.2,13,9,9,2,12,3,56,70,288,4.34,1,1,1,1,1,0,0,0,,,,,P,,False,RP
254,SF,29,137,676254,Ryan Walker,33,1.13,31.0,27,17,15,8,30,2,93,131,503,4.35,10,6,4,1,3,0,0,0,HAM,HAM,61627,RP,P,,False,RP
255,TOR,34,141,643338,Chad Green,34,1.33,33.0,36,17,16,8,28,10,99,138,519,4.36,1,4,0,2,2,0,0,0,,,,,P,,False,RP
256,CWS,26,145,673929,Jordan Leasure,33,1.5,28.2,28,16,14,15,35,5,86,129,546,4.4,1,8,3,2,4,1,0,0,,,,,P,,False,RP
257,CIN,34,113,607259,Nick Martinez,17,1.23,86.0,87,43,42,19,63,13,258,354,1309,4.4,0,1,0,4,8,15,0,0,B2J,B2J,9651,"SP,RP",P,,False,SP
258,LAD,33,119,642152,Lou Trivino,26,1.29,28.2,27,14,14,10,24,5,86,124,509,4.4,0,4,1,2,0,1,0,0,,,,,P,,False,RP
259,LAA,35,108,542881,Tyler Anderson,16,1.37,85.2,84,46,42,33,70,15,257,375,1492,4.41,0,0,0,2,5,16,0,0,,,,,P,,False,SP
260,CHC,34,112,607067,Colin Rea,16,1.39,73.1,83,37,36,19,54,13,220,312,1183,4.42,1,0,0,4,3,12,0,0,,,,,P,,False,SP
261,SD,29,135,656302,Dylan Cease,16,1.29,87.1,80,45,43,33,109,8,262,373,1514,4.43,0,0,0,3,6,16,0,0,LAW,LAW,10438,SP,P,,False,SP
262,CWS,25,145,680732,Sean Burke,16,1.42,77.0,74,46,38,35,64,12,231,338,1305,4.44,0,0,0,3,7,14,0,0,,,,,P,,False,SP
263,CWS,27,145,685126,Brandon Eisert,35,1.34,34.1,38,17,17,8,39,4,103,152,584,4.46,2,4,2,2,1,2,0,0,,,,,P,,False,RP
264,DET,29,116,663947,Tyler Holton,33,1.27,36.1,38,19,18,8,30,8,109,150,556,4.46,0,7,3,3,3,4,0,0,,,,,P,,False,RP
265,LAD,27,119,669160,Dustin May,14,1.32,78.2,72,43,39,32,72,11,236,340,1234,4.46,0,0,0,4,5,14,0,0,,,,,P,,False,SP
266,CHC,33,112,592791,Jameson Taillon,16,1.1,90.2,81,46,45,19,70,21,272,367,1386,4.47,0,0,0,7,5,16,0,0,HAM,HAM,9123,SP,P,,False,SP
267,PIT,34,134,571760,Andrew Heaney,16,1.25,86.1,78,43,43,30,64,14,259,363,1381,4.48,0,0,0,3,7,16,0,0,,,,,P,,False,SP
268,STL,26,138,669467,Andre Pallante,15,1.31,82.1,81,43,41,27,58,11,247,352,1312,4.48,0,0,0,5,3,15,0,0,,,,,P,,False,SP
269,LAA,25,108,672282,Reid Detmers,31,1.5,34.0,34,18,17,17,44,2,102,147,603,4.5,2,6,1,3,2,0,0,0,DRO,DRO,11926,"SP,RP",P,,False,RP
270,BAL,35,110,552640,Andrew Kittredge,14,1.57,14.0,16,8,7,6,15,2,42,65,227,4.5,0,4,0,1,1,0,0,0,,,,,P,,False,RP
271,NYY,29,121,673380,Dedniel Núñez,7,1.5,6.0,3,3,3,6,4,0,18,27,124,4.5,0,1,0,0,0,0,0,0,,,,,P,,False,RP
272,NYY,33,121,592773,Ryne Stanek,31,1.5,26.0,28,18,13,11,26,2,78,117,494,4.5,1,5,3,2,4,0,0,0,,,,,P,,False,RP
273,SF,42,137,434378,Justin Verlander,12,1.41,61.2,64,34,31,23,52,9,185,268,1028,4.52,0,0,0,0,5,12,0,0,CFL,CFL,7590,SP,P,,False,SP
274,BOS,30,111,608337,Lucas Giolito,10,1.37,51.2,54,29,26,17,46,8,155,217,838,4.53,0,0,0,3,1,10,0,0,DRO,DRO,9640,SP,P,,False,SP
275,HOU,26,117,676467,Colton Gordon,7,1.37,35.2,44,19,18,5,34,8,107,154,595,4.54,0,0,0,2,1,7,0,0,,,,,P,,False,SP
276,TEX,25,140,683004,Jack Leiter,13,1.32,65.1,54,33,33,32,51,9,196,278,1122,4.55,0,0,0,4,5,13,0,0,,,,,P,,False,SP
277,TB,24,139,671737,Taj Bradley,16,1.28,86.2,76,52,44,35,77,12,260,366,1375,4.57,0,0,0,5,5,16,0,0,CFL,CFL,12554,SP,P,,False,SP
278,WSH,25,120,680730,Mitchell Parker,16,1.32,86.1,81,48,44,33,59,11,259,370,1396,4.59,0,0,0,5,8,16,0,0,,,,,P,,False,SP
279,TOR,34,141,592332,Kevin Gausman,15,1.13,86.0,73,45,44,24,84,12,258,348,1400,4.6,0,0,0,5,6,15,0,0,B2J,B2J,9334,SP,P,,False,SP
280,BAL,29,110,665152,Dean Kremer,16,1.34,90.0,97,48,46,24,72,12,270,384,1458,4.6,0,0,0,6,7,15,0,0,,,,,P,,False,SP
281,HOU,26,117,687473,Ryan Gusto,17,1.48,60.1,66,34,31,23,67,9,181,270,1048,4.62,0,0,0,5,3,11,0,0,,,,,P,,False,SP
282,MIN,29,142,663978,Chris Paddack,16,1.23,85.1,81,48,44,24,60,11,256,359,1403,4.64,0,0,0,3,6,16,0,0,,,,,P,,False,SP
283,MIN,27,142,663485,Cole Sands,34,1.27,33.0,33,21,17,9,24,3,99,139,515,4.64,2,7,2,3,3,0,0,0,,,,,P,,False,RP
284,FA,26,147,701542,Will Warren,16,1.33,75.1,69,41,39,31,96,6,226,327,1306,4.66,0,0,0,4,4,16,0,0,,,,,P,,False,SP
285,BOS,25,111,690916,Richard Fitts,5,1.29,21.0,20,12,11,7,15,5,63,91,332,4.71,0,0,0,0,3,5,0,0,,,,,P,,False,SP
286,STL,30,138,667463,John King,30,1.61,26.2,35,16,14,8,13,3,80,121,422,4.73,0,1,1,2,0,0,0,0,,,,,P,,False,RP
287,LAA,27,108,666171,Ryan Zeferjahn,33,1.41,28.1,26,15,15,14,36,6,85,124,511,4.76,1,14,3,4,1,0,0,0,B2J,B2J,61375,RP,P,,False,RP
288,ATL,26,144,693821,Bryce Elder,12,1.33,66.0,68,35,35,20,55,11,198,281,1059,4.77,0,0,0,2,4,12,0,0,,,,,P,,False,SP
289,TB,26,139,669358,Shane Baz,15,1.33,82.2,76,44,44,34,77,14,248,352,1368,4.79,0,0,0,7,3,15,0,0,RV,RV,10934,SP,P,,False,SP
290,KC,33,118,547179,Michael Lorenzen,15,1.37,82.1,85,46,44,28,69,14,247,357,1359,4.81,0,0,0,4,7,15,0,0,,,,,P,,False,SP
291,PIT,25,134,681347,Mike Burrows,6,1.39,28.0,31,16,15,8,29,6,84,123,460,4.82,0,0,0,1,2,6,0,0,,,,,P,,False,SP
292,OAK,31,133,622663,Luis Severino,17,1.35,100.2,105,57,54,31,68,9,302,440,1663,4.83,0,0,0,2,8,17,0,0,,,,,P,,False,SP
293,LAA,35,108,543294,Kyle Hendricks,15,1.32,82.0,85,47,44,23,55,14,246,351,1301,4.83,0,0,0,5,6,15,0,0,TBB,TBB,9758,"SP,RP",P,,False,SP
294,DET,29,116,656427,Jack Flaherty,15,1.21,78.1,64,43,42,31,93,15,235,327,1373,4.83,0,0,0,5,8,15,0,0,B2J,B2J,10592,SP,P,,False,SP
295,ARI,32,109,657044,Ryan Thompson,33,1.48,29.2,35,17,16,9,27,4,89,129,466,4.85,1,9,3,2,2,0,0,0,,,,,P,,False,RP
296,MIN,29,142,641927,Bailey Ober,16,1.37,86.1,97,48,47,21,69,17,259,377,1390,4.9,0,0,0,4,5,16,1,0,,,,,P,,False,SP
297,FA,30,147,642207,Devin Williams,33,1.23,29.1,24,18,16,12,37,1,88,126,528,4.91,10,7,1,2,2,0,0,0,TBB,TBB,11628,RP,P,,False,RP
298,LAD,24,119,680736,Justin Wrobleski,6,1.23,29.1,28,17,16,8,28,4,88,123,462,4.91,0,0,0,3,2,2,0,0,,,,,P,,False,RP
299,TB,27,139,670955,Edwin Uceta,33,1.42,31.0,30,17,17,14,32,8,93,136,519,4.94,0,12,2,5,1,0,0,0,,,,,P,,False,RP
300,TB,25,139,682254,Mason Montgomery,35,1.54,27.1,29,18,15,13,37,4,82,124,489,4.94,1,9,1,1,1,0,0,0,,,,,P,,False,RP
301,OAK,26,133,695243,Mason Miller,28,1.19,28.2,19,17,16,15,47,4,86,119,463,5.02,14,0,3,1,2,0,0,0,SAD,SAD,12505,RP,P,,False,RP
302,CWS,30,145,650644,Aaron Civale,7,1.47,34.0,38,19,19,12,25,7,102,149,586,5.03,0,0,0,1,4,7,0,0,,,,,P,,False,SP
303,TOR,23,141,689254,Mason Fluharty,34,1.13,32.0,22,18,18,14,36,2,96,131,523,5.06,0,4,1,3,1,0,0,0,,,,,P,,False,RP
304,MIN,24,142,680573,Simeon Woods Richardson,11,1.46,53.1,57,32,30,21,46,8,160,235,930,5.06,0,0,0,2,4,10,0,0,,,,,P,,False,SP
305,WSH,27,120,647336,Michael Soroka,10,1.09,53.1,44,30,30,14,59,10,160,223,874,5.06,0,0,0,3,5,10,0,0,,,,,P,,False,SP
306,CHC,24,112,687863,Porter Hodge,21,1.5,19.1,18,12,11,11,19,2,58,84,344,5.12,2,6,2,2,1,0,0,0,,,,,P,,False,RP
307,LAA,30,108,641401,Connor Brogdon,18,1.16,19.0,15,12,11,7,15,4,57,78,311,5.21,0,2,0,1,0,0,0,0,,,,,P,,False,RP
308,OAK,26,133,669372,J.T. Ginn,6,1.39,22.1,24,13,13,7,27,6,67,97,394,5.24,0,1,0,1,2,4,0,0,,,,,P,,False,SP
309,CWS,30,145,641302,Tyler Alexander,25,1.5,48.0,56,35,28,16,37,3,144,212,792,5.25,1,1,1,4,7,4,0,0,,,,,P,,False,RP
310,TOR,32,141,656546,Jeff Hoffman,34,1.11,32.1,26,20,19,10,44,8,97,133,510,5.29,17,0,4,6,2,0,0,0,TBB,TBB,9896,RP,P,,False,RP
311,PHI,32,143,605452,Joe Ross,26,1.43,37.0,40,23,22,13,27,7,111,165,616,5.35,0,0,2,2,1,1,0,0,,,,,P,,False,RP
312,ARI,32,109,593958,Eduardo Rodriguez,13,1.58,66.2,81,47,40,24,74,11,200,304,1120,5.4,0,0,0,3,4,13,0,0,,,,,P,,False,SP
313,SEA,26,136,676106,Emerson Hancock,13,1.43,66.1,71,40,40,24,50,14,199,283,1060,5.43,0,0,0,3,3,13,0,0,,,,,P,,False,SP
314,OAK,29,133,676664,JP Sears,16,1.33,81.0,89,49,49,19,63,18,243,351,1416,5.44,0,0,0,5,7,16,0,0,,,,,P,,False,SP
315,BAL,31,110,621107,Zach Eflin,11,1.38,61.0,73,38,37,11,42,15,183,261,936,5.46,0,0,0,6,4,11,0,0,,,,,P,,False,SP
316,DET,28,116,672578,Carlos Hernández,27,1.75,28.0,35,18,17,14,27,4,84,134,484,5.46,0,1,0,1,0,0,0,0,,,,,P,,False,RP
317,PIT,26,134,669387,Carmen Mlodzinski,13,1.68,47.2,64,31,29,16,34,7,143,220,843,5.48,0,0,0,1,5,9,0,0,,,,,P,,False,SP
318,HOU,33,117,672391,Kaleb Ort,22,1.27,21.1,16,13,13,11,21,3,64,87,357,5.48,0,1,0,1,1,0,0,0,,,,,P,,False,RP
319,LAA,24,108,686799,Jack Kochanowicz,16,1.55,82.0,89,51,50,38,59,15,246,358,1326,5.49,0,0,0,3,8,16,0,0,,,,,P,,False,SP
320,ARI,26,109,694297,Brandon Pfaadt,16,1.39,80.1,92,51,49,20,65,16,241,355,1386,5.49,0,0,0,8,5,16,0,0,B2J,B2J,60056,SP,P,,False,SP
321,WSH,25,120,678606,Jose A. Ferrer,39,1.29,41.0,43,27,25,10,34,3,123,175,642,5.49,0,14,1,2,3,0,0,0,,,,,P,,False,RP
322,OAK,36,133,519008,T.J. McFarland,26,1.77,14.2,23,9,9,3,7,2,44,68,245,5.52,0,7,1,0,0,0,0,0,,,,,P,,False,RP
323,MIA,30,146,615698,Cal Quantrill,15,1.46,68.0,78,43,42,21,51,10,204,292,1201,5.56,0,0,0,3,7,15,0,0,,,,,P,,False,SP
324,ARI,29,109,668678,Zac Gallen,17,1.39,92.0,87,60,57,41,87,17,276,400,1521,5.58,0,0,0,5,8,17,0,0,,,,,P,,False,SP
325,NYY,29,121,620454,José Castillo,18,1.98,17.2,26,13,11,9,17,3,53,89,317,5.6,0,3,2,0,2,0,0,0,,,,,P,,False,RP
326,BAL,41,110,450203,Charlie Morton,18,1.57,72.0,79,47,45,34,77,10,216,330,1300,5.63,0,0,0,4,7,12,0,0,,,,,P,,False,SP
327,ATL,35,144,628452,Raisel Iglesias,31,1.43,28.2,35,19,18,6,30,7,86,125,445,5.65,9,2,4,4,5,0,0,0,,,,,P,,False,RP
328,WSH,33,120,592866,Trevor Williams,16,1.47,79.2,97,52,50,20,61,9,239,354,1362,5.65,0,0,0,3,9,16,0,0,,,,,P,,False,SP
329,COL,30,115,608566,Germán Márquez,16,1.64,77.2,103,62,50,24,56,8,233,362,1252,5.79,0,0,0,3,9,16,0,0,,,,,P,,False,SP
330,WSH,25,120,694350,Zach Brzykcy,20,1.45,18.2,18,12,12,9,19,5,56,83,356,5.79,0,0,0,0,0,0,0,0,,,,,P,,False,RP
331,BOS,30,111,677161,Zack Kelly,15,1.4,20.0,20,16,13,8,20,2,60,89,321,5.85,0,2,1,1,3,0,0,0,,,,,P,,False,RP
332,COL,22,115,683409,Angel Chivilli,21,1.55,30.1,34,23,20,13,22,6,91,137,500,5.93,0,1,0,1,2,0,0,0,,,,,P,,False,RP
333,WSH,26,120,671131,Jackson Rutledge,26,1.56,33.1,38,24,22,14,29,7,100,153,633,5.94,0,1,0,1,1,0,0,0,,,,,P,,False,RP
334,ARI,33,109,605463,Tayler Scott,21,1.72,22.2,23,16,15,16,20,1,68,107,436,5.96,0,3,1,1,2,0,0,0,,,,,P,,False,RP
335,SEA,27,136,669923,George Kirby,6,1.4,30.2,35,21,21,8,33,7,92,132,527,6.16,0,0,0,1,3,6,0,0,CFL,CFL,11826,SP,P,,False,SP
336,COL,23,115,801403,Chase Dollander,12,1.48,56.2,59,43,39,25,48,14,170,252,998,6.19,0,0,0,2,7,12,0,0,RV,RV,62975,SP,P,,False,SP
337,BOS,30,111,621111,Walker Buehler,13,1.57,63.0,70,46,44,29,56,13,189,289,1122,6.29,0,0,0,5,5,13,0,0,,,,,P,,False,SP
338,MIN,27,142,666214,Joey Wentz,23,1.69,31.1,37,24,22,16,26,4,94,148,585,6.32,0,0,1,2,1,0,0,0,,,,,P,,False,RP
339,SEA,31,136,663423,Trent Thornton,20,1.5,22.2,24,16,16,10,17,6,68,102,391,6.35,0,5,1,1,0,0,0,0,,,,,P,,False,RP
340,MIN,25,142,701581,David Festa,7,1.61,31.0,35,25,22,15,32,6,93,143,567,6.39,0,0,0,1,2,6,0,0,,,,,P,,False,SP
341,OAK,31,133,621053,Tyler Ferguson,35,1.49,33.2,30,26,24,20,31,3,101,149,603,6.42,1,9,3,2,2,0,0,0,,,,,P,,False,RP
342,COL,30,115,622608,Antonio Senzatela,16,1.9,76.1,117,62,55,28,40,12,229,366,1384,6.48,0,0,0,3,10,15,0,0,,,,,P,,False,SP
343,PHI,32,143,605447,Jordan Romano,31,1.48,27.2,28,21,20,13,35,4,83,121,464,6.51,8,6,2,0,3,0,0,0,,,,,P,,False,RP
344,NYY,31,121,621112,Paul Blackburn,5,1.75,17.2,24,14,13,7,13,2,53,84,330,6.62,1,0,0,0,2,3,0,0,,,,,P,,False,SP
345,TEX,25,140,677958,Kumar Rocker,8,1.66,33.2,45,26,25,11,31,4,101,157,597,6.68,0,0,0,3,4,8,0,0,RV,RV,60427,SP,P,,False,SP
346,MIA,29,146,645261,Sandy Alcantara,15,1.46,74.0,74,56,55,34,59,10,222,330,1306,6.69,0,0,0,4,8,15,0,0,RV,RV,10597,SP,P,,False,SP
347,COL,34,115,641755,Tyler Kinley,34,1.68,32.2,31,28,25,24,32,2,98,155,645,6.89,2,5,3,0,3,0,0,0,,,,,P,,False,RP
348,COL,27,115,669020,Ryan Rolison,15,1.91,18.1,25,16,15,10,11,3,55,86,285,7.36,0,0,0,0,0,1,0,0,,,,,P,,False,RP
349,PIT,27,134,690382,Michael Darrell-Hicks,7,1.45,9.2,10,8,8,4,8,1,29,43,158,7.45,0,0,0,1,0,0,0,0,,,,,P,,False,RP
350,BOS,29,111,660896,Jorge Alcala,25,1.69,26.2,30,25,24,15,30,5,80,122,512,8.1,0,1,1,0,2,0,0,0,,,,,P,,False,RP
351,WSH,27,120,674285,Eduardo Salazar,26,2.21,25.1,42,24,23,14,20,5,76,132,478,8.17,0,2,1,0,1,0,0,0,,,,,P,,False,RP
352,LAA,36,108,593576,Héctor Neris,22,1.57,14.0,15,13,13,7,20,3,42,63,285,8.36,0,7,2,3,1,0,0,0,,,,,P,,False,RP
353,KC,29,118,669674,Sam Long,9,2.11,9.0,12,12,10,7,7,2,27,45,192,10.0,0,0,0,0,2,0,0,0,,,,,P,,False,RP
354,ARI,31,109,656464,Kevin Ginkel,17,2.0,14.0,18,19,18,10,18,2,42,73,301,11.57,1,5,1,1,3,0,0,0,,,,,P,,False,RP
355,TB,27,139,666215,Forrest Whitley,9,2.0,11.0,16,16,16,6,9,3,33,57,212,13.09,0,0,0,0,0,0,0,0,,,,,P,,False,RP
356,WSH,26,120,702795,Ryan Loutos,7,2.29,7.0,11,13,11,5,4,1,21,39,126,14.14,0,0,0,1,0,0,0,0,,,,,P,,False,RP
