rank,team,age,teamId,full_name,playerId,atBats,runs,hits,doubles,triples,homeRuns,obp,ops,slg,rbi,baseOnBalls,strikeOuts,stolenBases,caughtStealing,leftOnBase,avg,plateAppearances,totalBases,games,position,sportAbbrev,yahoo_owner,yahoo_team,yahoo_id,yahoo_position,primary_position,all_positions,is_two_way
1,ARI,27,109,Ryne Nelson,669194,1,1,1,0,0,0,1.0,2.0,1.0,1,0,0,0,0,0,1.0,1,1,18,P,MLB,,,,,P,,False
2,DET,27,116,Jahmai Jones,663330,23,4,9,3,0,2,0.481,1.264,0.783,3,4,5,0,0,4,0.391,27,18,14,CF,MLB,,,,,CF,,False
3,ATL,27,144,Ronald Acuña Jr.,660670,104,31,40,5,0,9,0.496,1.188,0.692,16,23,30,4,0,29,0.385,127,72,29,RF,MLB,JEP,JEP,10646,OF,RF,,False
4,FA,33,147,Aaron Judge,592450,294,70,107,18,2,28,0.464,1.188,0.724,62,53,89,6,3,106,0.364,351,213,79,RF,MLB,DRO,DRO,9877,CF,RF,,False
5,SD,29,135,Bryce Johnson,669369,9,1,4,1,0,0,0.5,1.056,0.556,0,0,2,1,0,1,0.444,10,5,6,RF,MLB,,,,,RF,,False
6,SEA,28,136,Cal Raleigh,663728,288,58,81,15,0,32,0.386,1.053,0.667,69,46,84,9,2,130,0.281,339,192,77,C,MLB,WIZ,WIZ,11531,C,C,,False
7,ARI,31,109,Ketel Marte,606466,195,46,62,11,0,15,0.422,1.027,0.605,32,31,32,2,1,80,0.318,230,118,54,2B,MLB,RV,RV,10036,2B,2B,,False
8,LAD,30,119,Shohei Ohtani,660271,311,77,90,12,6,27,0.387,1.014,0.627,51,48,93,11,4,100,0.289,364,195,78,,MLB,,,,,,,False
9,DET,25,116,Wenceel Pérez,672761,75,15,23,6,1,6,0.354,1.007,0.653,15,4,16,1,0,38,0.307,82,49,23,CF,MLB,,,,,CF,,False
10,TOR,34,141,Tyler Heineman,623168,66,16,26,5,0,2,0.417,0.978,0.561,11,3,11,2,0,22,0.394,73,37,26,C,MLB,,,,,C,,False
11,LAD,30,119,Will Smith,669257,209,39,69,15,1,9,0.425,0.966,0.541,42,36,46,2,3,80,0.33,252,113,63,C,MLB,JEP,JEP,10642,C,C,,False
12,LAD,26,119,Hyeseong Kim,808975,78,15,29,5,1,2,0.41,0.948,0.538,12,4,17,6,0,23,0.372,83,42,34,2B,MLB,,,,,2B,,False
13,WSH,22,120,James Wood,695578,303,50,85,19,0,22,0.377,0.938,0.561,63,47,95,9,4,111,0.281,353,170,80,LF,MLB,B2J,B2J,12521,OF,LF,,False
14,SEA,27,136,Dominic Canzone,686527,43,7,12,2,0,4,0.326,0.931,0.605,7,3,6,1,0,21,0.279,46,26,14,RF,MLB,DRO,DRO,60061,OF,RF,,False
15,NYY,30,121,Pete Alonso,624413,301,44,86,22,1,18,0.379,0.924,0.545,64,37,81,0,2,139,0.286,351,164,80,1B,MLB,JEP,JEP,10918,1B,1B,,False
16,CHC,28,112,Kyle Tucker,663656,292,56,84,16,4,15,0.397,0.921,0.524,48,52,49,18,1,103,0.288,348,153,78,RF,MLB,RV,RV,10480,OF,RF,,False
17,HOU,30,117,Cooper Hummel,669450,18,3,4,0,0,2,0.364,0.92,0.556,3,3,10,0,0,9,0.222,23,10,10,RF,MLB,,,,,RF,,False
18,BOS,34,111,Rob Refsnyder,608701,85,15,25,5,0,5,0.386,0.915,0.529,14,13,26,2,0,42,0.294,101,45,34,RF,MLB,,,,,RF,,False
19,PHI,32,143,Kyle Schwarber,656941,288,57,71,9,1,24,0.378,0.913,0.535,55,56,89,6,1,141,0.247,349,154,79,LF,MLB,SAD,SAD,9861,OF,LF,,False
20,TB,27,139,Jonathan Aranda,666018,247,40,82,15,0,8,0.416,0.906,0.49,41,30,67,0,1,97,0.332,286,121,74,1B,MLB,HAM,HAM,12309,"1B,2B",1B,,False
21,MIN,31,142,Byron Buxton,621439,236,46,66,9,3,17,0.346,0.905,0.559,47,23,73,13,0,84,0.28,266,132,62,CF,MLB,LFB,LFB,9590,CF,CF,,False
22,OAK,34,133,Austin Wynns,642851,72,9,21,5,0,5,0.329,0.898,0.569,17,4,21,0,0,35,0.292,76,41,29,C,MLB,,,,,C,,False
23,LAD,35,119,Freddie Freeman,518692,254,41,80,21,1,9,0.385,0.897,0.512,41,28,59,0,1,97,0.315,288,130,68,1B,MLB,LAW,LAW,8658,1B,1B,,False
24,CLE,32,114,José Ramírez,608070,284,43,90,16,1,13,0.377,0.895,0.518,36,27,35,20,5,94,0.317,318,147,75,3B,MLB,SAD,SAD,9507,3B,3B,,False
25,ARI,33,109,Eugenio Suárez,553993,283,48,71,15,0,25,0.323,0.892,0.569,67,21,82,1,0,126,0.251,319,161,78,3B,MLB,RV,RV,9724,3B,3B,,False
26,DET,24,116,Riley Greene,682985,301,44,90,21,0,17,0.352,0.89,0.538,61,24,100,1,1,135,0.299,327,162,78,LF,MLB,WAR,WAR,11760,CF,LF,,False
27,OAK,23,133,Jacob Wilson,805779,295,41,104,15,0,9,0.394,0.889,0.495,40,18,20,5,1,97,0.353,318,146,75,SS,MLB,B2J,B2J,62976,SS,SS,,False
28,SD,29,135,Trenton Brooks,670092,9,2,2,1,0,1,0.222,0.889,0.667,2,0,7,0,0,7,0.222,9,6,7,1B,MLB,,,,,1B,,False
29,SF,28,137,Rafael Devers,646240,299,49,80,19,0,16,0.393,0.885,0.492,61,59,84,1,1,127,0.268,364,147,80,DH,MLB,B2J,B2J,10235,3B,DH,,False
30,HOU,27,117,Jeremy Peña,665161,307,47,100,17,1,11,0.382,0.877,0.495,40,20,54,15,2,90,0.326,339,152,79,SS,MLB,LFB,LFB,11768,SS,SS,,False
31,NYY,26,121,Juan Soto,665742,281,56,71,14,0,17,0.392,0.876,0.484,43,66,56,9,1,131,0.253,352,136,79,RF,MLB,DRO,DRO,10626,OF,RF,,False
32,BAL,31,110,Ryan O'Hearn,656811,227,30,69,9,0,11,0.385,0.874,0.489,30,26,43,3,1,106,0.304,260,111,66,RF,MLB,SAD,SAD,10485,"1B,OF",RF,,False
33,CHC,23,112,Pete Crow-Armstrong,691718,304,58,83,19,3,21,0.31,0.873,0.563,61,14,78,24,4,135,0.273,327,171,78,CF,MLB,TBB,TBB,12157,CF,CF,,False
34,SD,32,135,Manny Machado,592518,301,52,91,20,0,13,0.364,0.862,0.498,47,31,56,8,2,133,0.302,335,150,79,3B,MLB,LAW,LAW,9111,3B,3B,,False
35,CHC,30,112,Seiya Suzuki,673548,302,42,79,19,2,21,0.315,0.861,0.546,67,26,89,2,2,139,0.262,333,165,75,LF,MLB,WAR,WAR,12588,OF,LF,,False
36,CIN,23,113,Elly De La Cruz,682829,307,63,84,15,2,18,0.349,0.86,0.511,55,34,89,21,6,134,0.274,344,157,80,SS,MLB,SAD,SAD,12393,SS,SS,,False
37,KC,25,118,Maikel Garcia,672580,283,35,88,20,3,8,0.371,0.859,0.488,36,27,43,17,8,108,0.311,315,138,77,3B,MLB,DRO,DRO,12336,"2B,3B,OF",3B,,False
38,CHC,27,112,Michael Busch,683737,240,32,64,13,3,12,0.36,0.856,0.496,44,30,62,3,0,96,0.267,275,119,73,1B,MLB,HAM,HAM,11778,1B,1B,,False
39,PIT,26,134,Nick Gonzales,693304,80,9,25,3,2,3,0.341,0.854,0.513,10,4,16,0,1,22,0.313,85,41,21,2B,MLB,WAR,WAR,12049,"2B,SS",2B,,False
40,COL,26,115,Tyler Freeman,671289,104,19,34,7,1,1,0.411,0.853,0.442,11,11,9,9,3,43,0.327,124,46,39,RF,MLB,JEP,JEP,11754,"SS,CF",RF,,False
41,ARI,29,109,Pavin Smith,656976,195,30,52,13,1,8,0.385,0.852,0.467,25,38,73,2,2,94,0.267,234,91,72,1B,MLB,,,,,1B,,False
42,WSH,24,120,CJ Abrams,682928,265,52,76,17,2,11,0.36,0.851,0.491,26,21,51,16,2,75,0.287,298,130,67,SS,MLB,JEP,JEP,11822,SS,SS,,False
43,COL,25,115,Hunter Goodman,696100,286,40,82,17,3,14,0.332,0.846,0.514,48,17,82,1,2,107,0.287,307,147,75,C,MLB,SAD,SAD,12409,"C,OF",C,,False
44,OAK,30,133,Brent Rooker,667670,317,49,88,16,2,16,0.353,0.845,0.492,43,35,74,2,1,130,0.278,354,156,81,RF,MLB,WIZ,WIZ,10917,OF,RF,,False
45,LAD,24,119,Andy Pages,681624,286,40,84,13,1,16,0.331,0.845,0.514,53,13,58,6,3,118,0.294,308,147,76,CF,MLB,HAM,HAM,12148,CF,CF,,False
46,ATL,31,144,Matt Olson,621566,289,46,74,20,0,15,0.363,0.844,0.481,52,48,76,0,0,139,0.256,342,139,78,1B,MLB,SAD,SAD,9605,1B,1B,,False
47,CIN,32,113,Jose Trevino,624431,148,22,45,17,0,4,0.344,0.844,0.5,15,10,18,0,0,59,0.304,161,74,50,C,MLB,,,,,C,,False
48,MIA,25,146,Heriberto Hernandez,681715,45,6,15,3,0,1,0.375,0.842,0.467,3,3,12,0,0,20,0.333,48,21,16,LF,MLB,,,,,LF,,False
49,SF,25,137,Heliot Ramos,671218,294,48,84,15,1,13,0.363,0.839,0.476,43,28,79,5,4,115,0.286,336,140,77,LF,MLB,WAR,WAR,10944,CF,LF,,False
50,ARI,28,109,Josh Naylor,647304,288,42,88,18,1,10,0.36,0.839,0.479,53,25,41,10,2,117,0.306,318,138,76,1B,MLB,WIZ,WIZ,10572,1B,1B,,False
51,HOU,26,117,Isaac Paredes,670623,276,40,70,10,1,16,0.36,0.831,0.471,45,42,57,0,1,114,0.254,325,130,75,3B,MLB,WAR,WAR,10881,"1B,3B",3B,,False
52,TB,21,139,Junior Caminero,691406,288,47,76,17,0,19,0.309,0.83,0.521,50,19,55,5,1,127,0.264,311,150,74,3B,MLB,SAD,SAD,60419,3B,3B,,False
53,ATL,24,144,Drake Baldwin,686948,153,18,44,4,0,8,0.355,0.826,0.471,25,16,26,0,0,58,0.288,169,72,52,C,MLB,HAM,HAM,60077,C,C,,False
54,CWS,34,145,Mike Tauchman,643565,101,17,26,7,1,4,0.361,0.826,0.465,14,17,26,0,0,37,0.257,119,47,30,RF,MLB,,,,,RF,,False
55,TOR,26,141,Vladimir Guerrero Jr.,665489,288,46,81,16,0,10,0.383,0.824,0.441,39,45,48,2,2,109,0.281,339,127,77,1B,MLB,CFL,CFL,10621,"1B,3B",1B,,False
56,NYY,33,121,Jeff McNeil,643446,150,16,37,6,3,8,0.337,0.824,0.487,24,20,17,1,0,73,0.247,175,73,48,2B,MLB,,,,,2B,,False
57,CHC,30,112,Carson Kelly,608348,159,28,40,5,1,9,0.358,0.823,0.465,26,26,31,0,0,67,0.252,187,74,50,C,MLB,,,,,C,,False
58,KC,25,118,Bobby Witt Jr.,677951,308,42,87,26,3,10,0.339,0.823,0.484,40,26,62,21,6,112,0.282,342,149,79,SS,MLB,LAW,LAW,11771,SS,SS,,False
59,SD,22,135,Jackson Merrill,701538,183,26,56,11,2,5,0.352,0.822,0.47,26,13,41,1,2,72,0.306,199,86,47,CF,MLB,HAM,HAM,12522,CF,CF,,False
60,CHC,30,112,Reese McGuire,624512,42,7,10,1,0,4,0.273,0.821,0.548,6,2,10,0,0,19,0.238,45,23,13,C,MLB,,,,,C,,False
61,TOR,35,141,George Springer,543807,238,40,61,15,1,11,0.354,0.82,0.466,36,36,62,7,0,109,0.256,285,111,73,RF,MLB,,,,,RF,,False
62,FA,26,147,Ben Rice,700250,228,36,55,12,2,14,0.323,0.819,0.496,29,22,56,3,2,100,0.241,258,113,67,1B,MLB,DRO,DRO,62137,1B,1B,,False
63,BOS,28,111,Romy Gonzalez,663853,99,15,29,10,1,2,0.343,0.818,0.475,16,7,26,4,2,43,0.293,108,47,32,1B,MLB,,,,,1B,,False
64,SF,26,137,Casey Schmitt,669477,95,12,27,4,0,4,0.364,0.817,0.453,15,10,27,0,0,51,0.284,108,43,33,1B,MLB,JEP,JEP,12544,"1B,2B,3B,SS",1B,,False
65,TOR,25,141,Addison Barger,680718,178,25,47,16,0,8,0.328,0.817,0.489,24,16,45,1,0,79,0.264,195,87,54,3B,MLB,DRO,DRO,12741,"3B,OF",3B,,False
66,STL,28,138,Brendan Donovan,680977,281,43,87,21,0,5,0.377,0.815,0.438,29,25,41,3,1,107,0.31,314,123,72,2B,MLB,B2J,B2J,12351,"2B,3B,SS,OF",2B,,False
67,LAA,24,108,Zach Neto,687263,245,46,68,15,1,12,0.321,0.815,0.494,29,11,69,13,6,56,0.278,262,121,61,SS,MLB,SAD,SAD,60214,SS,SS,,False
68,LAD,34,119,Max Muncy,571970,236,33,58,9,2,11,0.373,0.814,0.441,45,48,64,4,0,104,0.246,292,104,75,3B,MLB,CFL,CFL,9606,3B,3B,,False
69,BAL,30,110,Ramón Laureano,657656,155,22,40,8,0,9,0.328,0.812,0.484,22,15,50,2,1,89,0.258,174,75,53,LF,MLB,,,,,LF,,False
70,SD,26,135,Fernando Tatis Jr.,665487,296,57,78,11,1,15,0.352,0.811,0.459,37,37,59,15,2,89,0.264,338,136,77,RF,MLB,LFB,LFB,10639,OF,RF,,False
71,COL,31,115,Sam Hilliard,656541,43,7,9,3,1,2,0.346,0.811,0.465,3,9,18,2,1,14,0.209,52,20,17,LF,MLB,,,,,LF,,False
72,MIN,28,142,Willi Castro,650489,195,34,54,11,1,7,0.359,0.81,0.451,17,20,54,3,1,73,0.277,220,88,57,2B,MLB,CFL,CFL,10868,"2B,3B,SS,CF",2B,,False
73,FA,28,147,Trent Grisham,663757,229,37,55,5,1,15,0.343,0.81,0.467,31,35,63,0,1,81,0.24,265,107,68,CF,MLB,,,,,CF,,False
74,CIN,29,113,TJ Friedl,670770,292,47,85,13,2,8,0.377,0.809,0.432,30,38,53,9,3,93,0.291,339,126,76,CF,MLB,CFL,CFL,11290,CF,CF,,False
75,COL,24,115,Jordan Beck,687597,249,38,67,15,4,10,0.327,0.809,0.482,28,19,76,9,4,76,0.269,272,120,68,LF,MLB,,,,,LF,,False
76,TB,33,139,Yandy Díaz,650490,298,36,86,16,1,12,0.338,0.808,0.47,44,21,44,3,0,128,0.289,325,140,73,1B,MLB,B2J,B2J,10465,1B,1B,,False
77,STL,26,138,Alec Burleson,676475,231,25,70,11,0,9,0.339,0.807,0.468,33,14,33,3,0,103,0.303,249,108,69,1B,MLB,TBB,TBB,12550,"1B,OF",1B,,False
78,MIA,29,146,Dane Myers,667472,151,17,47,8,0,4,0.362,0.806,0.444,20,10,37,8,4,75,0.311,163,67,51,CF,MLB,JEP,JEP,62217,CF,CF,,False
79,MIA,27,146,Kyle Stowers,669065,248,33,67,9,3,11,0.342,0.806,0.464,35,25,79,3,1,118,0.27,279,115,73,RF,MLB,TBB,TBB,11733,CF,RF,,False
80,NYY,31,121,Francisco Lindor,596019,313,49,84,14,0,16,0.339,0.805,0.466,42,28,64,13,2,113,0.268,354,146,78,SS,MLB,DRO,DRO,9116,SS,SS,,False
81,PHI,31,143,Trea Turner,607208,317,54,95,16,2,9,0.355,0.803,0.448,35,24,54,19,5,128,0.3,346,142,77,SS,MLB,TBB,TBB,10056,SS,SS,,False
82,CLE,27,114,Steven Kwan,680757,287,36,89,17,0,6,0.371,0.803,0.432,24,26,29,10,1,75,0.31,319,124,74,LF,MLB,CFL,CFL,12314,OF,LF,,False
83,DET,28,116,Gleyber Torres,650402,242,38,68,12,0,7,0.386,0.803,0.417,38,40,35,4,1,77,0.281,290,101,67,2B,MLB,LFB,LFB,10236,2B,2B,,False
84,SF,30,137,Dominic Smith,642086,47,4,14,3,0,1,0.375,0.801,0.426,8,7,11,1,0,21,0.298,56,20,16,1B,MLB,,,,,1B,,False
85,DET,32,116,Javier Báez,595879,225,38,65,12,1,9,0.329,0.8,0.471,36,9,52,1,1,93,0.289,240,106,67,CF,MLB,RV,RV,9557,"3B,SS,CF",CF,,False
86,DET,25,116,Spencer Torkelson,679529,264,43,59,17,0,16,0.33,0.8,0.47,49,38,76,1,0,119,0.223,312,124,74,1B,MLB,LFB,LFB,11914,1B,1B,,False
87,LAD,32,119,Teoscar Hernández,606192,248,40,66,16,0,14,0.3,0.8,0.5,53,12,64,5,0,118,0.266,264,124,64,RF,MLB,B2J,B2J,10366,OF,RF,,False
88,ATL,34,144,Marcell Ozuna,542303,266,34,67,10,0,11,0.385,0.799,0.414,40,58,75,0,0,136,0.252,330,110,75,DH,MLB,TBB,TBB,9385,OF,DH,,False
89,FA,27,147,Jazz Chisholm Jr.,665862,173,27,42,7,0,10,0.342,0.799,0.457,28,23,58,10,2,94,0.243,202,79,49,2B,MLB,LFB,LFB,10839,"2B,3B,CF",2B,,False
90,MIL,33,158,Christian Yelich,592885,285,39,75,10,0,15,0.343,0.799,0.456,56,32,86,12,3,125,0.263,321,130,76,LF,MLB,WAR,WAR,9320,OF,LF,,False
91,TEX,22,140,Evan Carter,694497,83,15,22,3,0,4,0.351,0.797,0.446,11,8,16,6,1,36,0.265,94,37,28,CF,MLB,,,,,CF,,False
92,BOS,28,111,Abraham Toro,647351,128,17,37,9,0,5,0.319,0.796,0.477,13,4,22,0,0,40,0.289,135,61,37,1B,MLB,JEP,JEP,11642,"1B,2B,3B",1B,,False
93,BOS,26,111,Wilyer Abreu,677800,223,29,57,9,0,13,0.325,0.796,0.471,36,24,59,4,2,108,0.256,249,105,69,RF,MLB,JEP,JEP,12731,CF,RF,,False
94,COL,27,115,Mickey Moniak,666160,192,27,47,6,5,11,0.295,0.795,0.5,27,13,51,3,2,68,0.245,207,96,66,RF,MLB,,,,,RF,,False
95,STL,23,138,Thomas Saggese,695336,48,4,15,4,0,1,0.333,0.791,0.458,7,2,12,0,0,22,0.313,51,22,16,SS,MLB,,,,,SS,,False
96,MIA,26,146,Liam Hicks,689414,132,15,36,7,1,4,0.358,0.79,0.432,26,15,22,0,0,47,0.273,153,57,49,C,MLB,,,,,C,,False
97,OAK,22,133,Nick Kurtz,701762,146,18,35,5,1,10,0.296,0.789,0.493,25,13,53,0,1,66,0.24,162,72,41,1B,MLB,RV,RV,64313,1B,1B,,False
98,SD,29,135,Gavin Sheets,657757,255,32,68,12,1,12,0.326,0.789,0.463,46,22,58,1,0,123,0.267,282,118,76,1B,MLB,,,,,1B,,False
99,SEA,30,136,J.P. Crawford,641487,268,35,76,10,0,6,0.399,0.787,0.388,30,50,56,5,1,86,0.284,324,104,75,SS,MLB,HAM,HAM,9610,SS,SS,,False
100,BOS,26,111,Carlos Narváez,665966,205,30,55,16,0,6,0.351,0.785,0.434,23,26,58,1,1,89,0.268,231,89,60,C,MLB,LAW,LAW,60536,C,C,,False
101,TOR,26,141,Alejandro Kirk,672386,236,20,73,8,0,7,0.352,0.784,0.432,36,16,26,0,0,108,0.309,256,102,64,C,MLB,,,,,C,,False
102,OAK,23,133,Tyler Soderstrom,691016,296,42,76,11,1,14,0.338,0.781,0.443,45,33,80,5,0,149,0.257,334,131,80,LF,MLB,WAR,WAR,12005,"1B,OF",LF,,False
103,BAL,23,110,Gunnar Henderson,683002,273,40,75,14,2,8,0.351,0.78,0.429,23,30,75,9,2,84,0.275,305,117,72,SS,MLB,RV,RV,11731,SS,SS,,False
104,TEX,27,140,Josh Smith,669701,234,34,66,11,1,7,0.352,0.779,0.427,21,24,45,8,3,88,0.282,262,100,67,SS,MLB,HAM,HAM,12562,"1B,3B,SS,OF",SS,,False
105,DET,30,116,Zach McKinstry,656716,235,37,64,10,7,4,0.353,0.779,0.426,22,29,62,8,1,104,0.272,270,100,71,RF,MLB,JEP,JEP,11700,"2B,3B,SS,OF",RF,,False
106,TEX,31,140,Sam Haggerty,664059,98,17,27,3,3,2,0.349,0.778,0.429,10,11,18,8,2,36,0.276,110,42,35,CF,MLB,,,,,CF,,False
107,FA,37,147,Paul Goldschmidt,502671,285,48,82,15,1,8,0.346,0.778,0.432,32,24,57,5,0,113,0.288,313,123,78,1B,MLB,HAM,HAM,8967,1B,1B,,False
108,LAA,26,108,Jo Adell,666176,226,28,51,8,0,16,0.303,0.776,0.473,39,17,62,3,0,91,0.226,252,107,72,CF,MLB,HAM,HAM,10893,CF,CF,,False
109,TB,30,139,Brandon Lowe,664040,280,46,74,10,0,15,0.314,0.775,0.461,42,20,73,2,1,108,0.264,303,129,73,2B,MLB,WAR,WAR,11125,"1B,2B",2B,,False
110,MIL,32,158,Rhys Hoskins,656555,249,28,61,11,0,12,0.339,0.773,0.434,40,34,78,2,1,119,0.245,292,108,75,1B,MLB,TBB,TBB,10556,1B,1B,,False
111,NYY,32,121,Brandon Nimmo,607043,283,37,71,14,0,15,0.314,0.773,0.459,41,25,60,6,1,138,0.251,312,130,76,LF,MLB,B2J,B2J,9876,CF,LF,,False
112,LAA,33,108,Mike Trout,545361,190,25,43,2,1,12,0.333,0.77,0.437,28,30,64,2,0,63,0.226,225,83,53,RF,MLB,TBB,TBB,8861,CF,RF,,False
113,LAA,23,108,Nolan Schanuel,694384,277,39,77,15,1,6,0.366,0.77,0.404,30,34,41,3,1,98,0.278,320,112,76,1B,MLB,LAW,LAW,62953,1B,1B,,False
114,TOR,29,141,Ernie Clement,676391,248,35,77,17,0,4,0.342,0.769,0.427,19,12,29,3,3,109,0.31,266,106,76,3B,MLB,WAR,WAR,11892,"1B,2B,3B,SS",3B,,False
115,MIN,29,142,Kody Clemens,665019,117,18,24,5,1,8,0.299,0.769,0.47,18,13,30,0,1,61,0.205,135,55,51,2B,MLB,,,,,2B,,False
116,PHI,33,143,Nick Castellanos,592206,298,36,85,21,1,8,0.326,0.769,0.443,41,17,60,2,0,145,0.285,322,132,78,RF,MLB,B2J,B2J,9108,OF,RF,,False
117,MIL,27,158,Isaac Collins,686555,149,24,39,7,1,4,0.366,0.769,0.403,19,23,42,8,3,65,0.262,176,60,61,LF,MLB,,,,,LF,,False
118,MIL,29,158,Jake Bauers,641343,100,13,23,5,0,5,0.339,0.769,0.43,18,17,38,4,0,56,0.23,118,43,48,LF,MLB,,,,,LF,,False
119,SD,31,135,Jake Cronenworth,630105,176,23,43,9,1,6,0.358,0.767,0.409,22,30,43,2,1,73,0.244,213,72,55,2B,MLB,,,,,2B,,False
120,ATL,28,144,Austin Riley,663586,320,45,88,14,1,12,0.329,0.767,0.438,41,23,97,2,1,139,0.275,347,140,78,3B,MLB,LAW,LAW,10420,3B,3B,,False
121,FA,29,147,Cody Bellinger,641355,273,37,71,14,3,10,0.324,0.767,0.443,38,27,46,7,2,129,0.26,306,121,72,LF,MLB,WIZ,WIZ,10504,"1B,CF",LF,,False
122,HOU,29,117,Jake Meyers,676694,251,36,77,13,1,3,0.365,0.767,0.402,20,23,49,13,5,100,0.307,279,101,77,CF,MLB,,,,,CF,,False
123,WSH,30,120,Alex Call,669743,150,23,41,7,2,2,0.378,0.765,0.387,17,21,25,1,0,63,0.273,185,58,54,RF,MLB,,,,,RF,,False
124,ARI,25,109,Geraldo Perdomo,672695,286,42,74,17,1,8,0.354,0.763,0.409,53,44,40,12,1,108,0.259,344,117,79,SS,MLB,CFL,CFL,11417,SS,SS,,False
125,SEA,30,136,Luke Raley,670042,80,12,19,3,0,3,0.374,0.762,0.388,14,10,23,2,1,41,0.238,99,31,28,RF,MLB,,,,,RF,,False
126,OAK,24,133,Lawrence Butler,671732,308,44,79,23,1,11,0.316,0.761,0.445,32,27,94,11,3,127,0.256,335,137,76,RF,MLB,RV,RV,12719,OF,RF,,False
127,MIN,28,142,Trevor Larnach,663616,274,41,71,12,1,11,0.328,0.759,0.431,36,26,66,2,2,116,0.259,306,118,74,RF,MLB,,,,,RF,,False
128,TOR,27,141,Bo Bichette,666182,332,38,92,19,1,11,0.318,0.758,0.44,48,19,57,4,3,111,0.277,355,146,78,SS,MLB,RV,RV,10766,SS,SS,,False
129,STL,28,138,Yohel Pozo,650968,68,7,21,3,0,2,0.314,0.755,0.441,9,1,4,0,0,24,0.309,70,30,26,C,MLB,,,,,C,,False
130,BAL,25,110,Colton Cowser,681297,76,8,16,3,0,6,0.268,0.755,0.487,11,3,27,1,0,28,0.211,82,37,21,LF,MLB,RV,RV,12369,CF,LF,,False
131,SEA,30,136,Randy Arozarena,668227,279,36,66,19,1,8,0.355,0.753,0.398,31,39,91,14,0,137,0.237,332,111,76,LF,MLB,LFB,LFB,11104,CF,LF,,False
132,FA,30,147,J.C. Escarra,641555,65,5,16,5,0,2,0.338,0.753,0.415,9,9,10,1,0,26,0.246,77,27,31,C,MLB,,,,,C,,False
133,WSH,29,120,Amed Rosario,642708,119,16,33,7,0,4,0.315,0.752,0.437,16,5,16,1,0,39,0.277,127,52,39,3B,MLB,TBB,TBB,10233,"2B,3B,SS,OF",3B,,False
134,STL,33,138,Willson Contreras,575929,282,39,70,18,0,10,0.333,0.751,0.418,50,25,78,3,0,129,0.248,322,118,75,1B,MLB,SAD,SAD,10166,"C,1B",1B,,False
135,ATL,30,144,Sean Murphy,669221,153,15,34,5,0,9,0.32,0.751,0.431,22,18,53,0,0,72,0.222,178,66,47,C,MLB,,,,,C,,False
136,SEA,31,136,Jorge Polanco,593871,218,26,55,9,0,11,0.303,0.748,0.445,36,14,32,3,2,80,0.252,239,97,65,3B,MLB,,,,,3B,,False
137,MIN,28,142,Ryan Jeffers,680777,214,24,53,15,0,6,0.346,0.748,0.402,29,28,47,0,0,92,0.248,246,86,63,C,MLB,CFL,CFL,11794,C,C,,False
138,LAA,31,108,Taylor Ward,621493,294,43,62,16,1,19,0.282,0.748,0.466,53,30,88,1,1,139,0.211,330,137,77,LF,MLB,,,,,LF,,False
139,CHC,30,112,Ian Happ,664023,285,50,70,14,0,11,0.337,0.748,0.411,38,40,73,4,1,100,0.246,329,117,70,LF,MLB,CFL,CFL,10440,OF,LF,,False
140,PHI,29,143,Edmundo Sosa,624641,107,12,31,7,0,2,0.336,0.747,0.411,16,6,23,0,0,36,0.29,117,44,40,2B,MLB,,,,,2B,,False
141,MIN,31,142,Harrison Bader,664056,195,21,49,10,0,7,0.336,0.746,0.41,27,20,53,7,3,88,0.251,223,80,71,LF,MLB,,,,,LF,,False
142,CLE,24,114,Kyle Manzardo,700932,223,24,49,11,2,12,0.298,0.746,0.448,32,24,64,1,0,111,0.22,252,100,67,1B,MLB,,,,,1B,,False
143,HOU,35,117,Jose Altuve,514888,293,36,78,10,0,12,0.323,0.746,0.423,34,25,52,6,5,134,0.266,322,124,76,LF,MLB,LAW,LAW,8996,"2B,OF",LF,,False
144,MIL,25,158,Sal Frelick,686217,281,36,83,9,3,4,0.354,0.745,0.391,31,22,41,15,2,123,0.295,314,110,78,RF,MLB,LAW,LAW,12476,CF,RF,,False
145,PIT,38,134,Andrew McCutchen,457705,251,25,65,13,0,8,0.338,0.744,0.406,28,29,59,1,0,101,0.259,285,102,71,RF,MLB,,,,,RF,,False
146,CIN,28,113,Tyler Stephenson,663886,151,20,36,9,0,6,0.326,0.743,0.417,24,20,61,0,1,56,0.238,172,63,41,C,MLB,LFB,LFB,10456,C,C,,False
147,MIA,27,146,Jesús Sánchez,660821,203,24,51,9,2,7,0.322,0.741,0.419,28,21,50,8,1,93,0.251,227,85,57,RF,MLB,,,,,RF,,False
148,CIN,27,113,Gavin Lux,666158,233,24,62,14,1,4,0.355,0.741,0.386,35,32,62,1,0,101,0.266,265,90,72,LF,MLB,,,,,LF,,False
149,DET,26,116,Dillon Dingler,693307,213,24,58,9,1,8,0.304,0.741,0.437,34,6,57,0,0,93,0.272,224,93,61,C,MLB,,,,,C,,False
150,STL,25,138,Nolan Gorman,669357,146,22,33,8,1,6,0.322,0.74,0.418,21,22,50,0,1,80,0.226,171,61,51,2B,MLB,,,,,2B,,False
151,CWS,25,145,Miguel Vargas,678246,284,39,67,20,2,10,0.314,0.74,0.426,34,29,55,3,0,123,0.236,318,121,78,3B,MLB,DRO,DRO,11781,"1B,3B,OF",3B,,False
152,DET,27,116,Kerry Carpenter,681481,255,38,63,11,1,14,0.277,0.74,0.463,29,7,58,1,1,111,0.247,270,118,74,RF,MLB,RV,RV,12667,OF,RF,,False
153,WSH,25,120,Luis García Jr.,671277,255,36,69,19,0,7,0.313,0.74,0.427,36,16,38,7,4,100,0.271,278,109,71,2B,MLB,HAM,HAM,10964,2B,2B,,False
154,COL,30,115,Ryan McMahon,641857,271,32,61,12,1,12,0.328,0.738,0.41,25,41,97,2,1,109,0.225,314,111,77,3B,MLB,,,,,3B,,False
155,HOU,22,117,Cam Smith,701358,222,29,59,13,1,5,0.337,0.738,0.401,27,21,65,3,1,93,0.266,246,89,65,RF,MLB,SAD,SAD,64330,"3B,OF",RF,,False
156,SF,34,137,Mike Yastrzemski,573262,240,31,60,13,1,6,0.349,0.737,0.388,26,36,59,5,2,101,0.25,278,93,72,RF,MLB,,,,,RF,,False
157,MIN,27,142,Matt Wallner,670242,131,15,27,8,2,6,0.302,0.737,0.435,10,15,45,0,0,38,0.206,149,57,39,RF,MLB,,,,,RF,,False
158,LAA,25,108,Logan O'Hoppe,681351,231,25,54,3,0,17,0.267,0.735,0.468,37,10,81,0,1,98,0.234,243,108,65,C,MLB,RV,RV,12011,C,C,,False
159,TB,29,139,Jake Mangum,663968,152,15,47,8,0,1,0.352,0.734,0.382,24,9,22,10,0,59,0.309,163,58,44,RF,MLB,B2J,B2J,60623,CF,RF,,False
160,TOR,30,141,Nathan Lukes,664770,132,19,35,3,0,4,0.355,0.734,0.379,22,17,21,1,2,71,0.265,156,50,53,RF,MLB,,,,,RF,,False
161,KC,27,118,Vinnie Pasquantino,686469,300,31,80,7,1,11,0.326,0.733,0.407,42,23,52,1,0,146,0.267,328,122,78,1B,MLB,DRO,DRO,12449,1B,1B,,False
162,LAD,32,119,Mookie Betts,605141,284,50,73,10,1,9,0.339,0.733,0.394,39,35,32,6,0,109,0.257,322,112,73,SS,MLB,LFB,LFB,9552,"2B,SS,OF",SS,,False
163,CWS,30,145,Andrew Benintendi,643217,187,23,44,9,2,8,0.298,0.731,0.433,29,16,36,0,0,75,0.235,209,81,53,LF,MLB,,,,,LF,,False
164,LAA,22,108,Christian Moore,695681,36,5,7,0,1,3,0.231,0.731,0.5,6,2,14,0,0,14,0.194,40,18,12,2B,MLB,,,,,2B,,False
165,CLE,28,114,Daniel Schneemann,682177,168,22,39,7,0,8,0.314,0.731,0.417,21,20,47,5,1,65,0.232,189,70,60,2B,MLB,,,,,2B,,False
166,COL,29,115,Thairo Estrada,642731,69,6,20,6,0,1,0.311,0.731,0.42,10,1,11,0,1,27,0.29,74,29,17,2B,MLB,,,,,2B,,False
167,LAD,30,119,Tommy Edman,669242,218,35,54,10,1,10,0.291,0.731,0.44,38,11,38,3,1,88,0.248,237,96,61,2B,MLB,CFL,CFL,11596,"2B,SS,CF",2B,,False
168,MIL,21,158,Jackson Chourio,694192,340,51,87,22,3,12,0.286,0.73,0.444,46,14,72,15,5,142,0.256,357,151,80,CF,MLB,SAD,SAD,12480,CF,CF,,False
169,TEX,23,140,Wyatt Langford,694671,259,32,60,10,0,13,0.308,0.729,0.421,31,28,76,11,3,106,0.232,292,109,67,LF,MLB,WAR,WAR,62973,CF,LF,,False
170,PHI,28,143,Alec Bohm,664761,296,32,85,11,1,7,0.327,0.729,0.402,36,16,50,2,0,124,0.287,318,119,76,3B,MLB,WIZ,WIZ,11365,"1B,3B",3B,,False
171,FA,24,147,Anthony Volpe,683011,279,33,65,20,3,9,0.306,0.729,0.423,43,28,81,8,7,147,0.233,315,118,78,SS,MLB,WIZ,WIZ,11809,SS,SS,,False
172,BAL,30,110,Cedric Mullins,656775,226,31,49,11,0,12,0.302,0.727,0.425,35,26,65,8,2,98,0.217,256,96,63,CF,MLB,,,,,CF,,False
173,BAL,21,110,Jackson Holliday,702616,279,32,73,12,2,9,0.311,0.727,0.416,32,16,70,8,6,87,0.262,299,116,72,2B,MLB,LAW,LAW,60090,"2B,SS",2B,,False
174,COL,26,115,Braxton Fulford,690924,24,4,6,0,1,1,0.269,0.727,0.458,8,1,11,0,0,9,0.25,26,11,9,C,MLB,,,,,C,,False
175,SF,26,137,Jung Hoo Lee,808982,289,44,73,17,5,6,0.318,0.726,0.408,34,27,35,6,1,105,0.253,321,118,76,CF,MLB,WIZ,WIZ,63494,CF,CF,,False
176,MIA,23,146,Agustín Ramírez,682663,210,24,49,11,0,11,0.283,0.726,0.443,27,15,39,1,2,94,0.233,226,93,53,C,MLB,DRO,DRO,61818,"C,1B",C,,False
177,PIT,26,134,Oneil Cruz,665833,260,41,54,10,1,13,0.321,0.725,0.404,31,42,102,26,3,116,0.208,308,105,71,CF,MLB,HAM,HAM,11370,"SS,CF",CF,,False
178,STL,27,138,Lars Nootbaar,663457,291,43,67,13,0,11,0.337,0.725,0.388,35,44,74,4,4,136,0.23,341,113,76,LF,MLB,WIZ,WIZ,12212,CF,LF,,False
179,DET,23,116,Colt Keith,690993,207,33,50,12,1,6,0.329,0.725,0.396,24,28,49,0,0,92,0.242,237,82,70,2B,MLB,,,,,2B,,False
180,BAL,26,110,Jordan Westburg,676059,131,20,30,4,1,7,0.289,0.724,0.435,14,9,37,1,1,47,0.229,142,57,34,3B,MLB,LFB,LFB,12122,"2B,3B",3B,,False
181,ARI,31,109,Lourdes Gurriel Jr.,666971,285,25,73,15,1,10,0.302,0.723,0.421,40,18,44,7,1,119,0.256,311,120,74,LF,MLB,JEP,JEP,10616,OF,LF,,False
182,SF,33,137,Wilmer Flores,527038,269,31,67,7,0,11,0.323,0.721,0.398,54,25,55,1,0,122,0.249,300,107,76,1B,MLB,,,,,1B,,False
183,MIL,25,158,Brice Turang,668930,289,51,80,11,0,5,0.353,0.72,0.367,31,35,73,16,7,100,0.277,330,106,77,2B,MLB,TBB,TBB,11343,2B,2B,,False
184,NYY,36,121,Starling Marte,516782,141,20,35,6,0,4,0.344,0.72,0.376,18,13,29,4,2,62,0.248,164,53,52,LF,MLB,,,,,LF,,False
185,OAK,28,133,Luis Urías,649966,202,22,50,7,0,7,0.333,0.719,0.386,17,24,31,2,0,78,0.248,234,78,64,2B,MLB,,,,,2B,,False
186,SEA,24,136,Julio Rodríguez,677594,318,48,80,11,3,11,0.31,0.719,0.409,41,22,72,12,3,145,0.252,348,130,77,CF,MLB,SAD,SAD,11384,CF,CF,,False
187,TEX,31,140,Corey Seager,608369,179,22,43,6,0,7,0.328,0.719,0.391,16,23,42,1,0,75,0.24,204,70,48,SS,MLB,HAM,HAM,9584,SS,SS,,False
188,BOS,28,111,Jarren Duran,680776,338,40,87,20,8,5,0.311,0.719,0.408,38,22,87,15,5,117,0.257,368,138,80,LF,MLB,JEP,JEP,11735,CF,LF,,False
189,BOS,22,111,Marcelo Mayer,691785,74,12,16,3,1,4,0.272,0.718,0.446,7,6,25,0,0,37,0.216,81,33,26,3B,MLB,,,,,3B,,False
190,STL,23,138,Masyn Winn,691026,258,49,66,14,0,7,0.324,0.715,0.391,29,24,52,4,5,102,0.256,288,101,68,SS,MLB,WAR,WAR,12025,SS,SS,,False
191,CIN,27,113,Will Benson,666181,108,15,23,5,0,6,0.288,0.714,0.426,21,12,34,1,2,51,0.213,125,46,38,RF,MLB,,,,,RF,,False
192,PHI,27,143,Brandon Marsh,669016,148,20,38,9,1,2,0.341,0.713,0.372,16,20,42,3,1,66,0.257,171,55,58,CF,MLB,,,,,CF,,False
193,TB,24,139,Curtis Mead,678554,101,13,25,2,1,3,0.336,0.712,0.376,8,10,26,3,1,51,0.248,116,38,43,1B,MLB,,,,,1B,,False
194,MIN,24,142,Brooks Lee,686797,227,21,63,7,0,7,0.311,0.712,0.401,29,11,46,1,1,85,0.278,241,91,63,3B,MLB,,,,,3B,,False
195,CWS,32,145,Austin Slater,596103,69,10,16,5,0,2,0.321,0.712,0.391,5,9,26,0,0,37,0.232,79,27,33,RF,MLB,,,,,RF,,False
196,BOS,24,111,Ceddanne Rafaela,678882,258,42,65,13,2,8,0.3,0.711,0.411,30,14,58,11,1,109,0.252,280,106,76,CF,MLB,DRO,DRO,12730,"2B,SS,CF",CF,,False
197,ARI,33,109,Randal Grichuk,545341,119,18,29,10,1,3,0.29,0.71,0.42,15,9,27,0,0,52,0.244,131,50,51,RF,MLB,,,,,RF,,False
198,FA,22,147,Jasson Domínguez,691176,212,32,51,11,0,6,0.332,0.709,0.377,27,30,69,10,1,99,0.241,247,80,66,LF,MLB,,,,,LF,,False
199,STL,34,138,Nolan Arenado,571448,283,37,70,11,1,10,0.309,0.708,0.399,39,23,32,1,0,141,0.247,311,113,74,3B,MLB,TBB,TBB,9105,3B,3B,,False
200,FA,25,147,Austin Wells,669224,222,26,48,13,1,11,0.276,0.708,0.432,44,16,62,3,1,108,0.216,250,96,67,C,MLB,CFL,CFL,12161,C,C,,False
201,FA,35,147,Giancarlo Stanton,519317,23,0,7,1,0,0,0.36,0.708,0.348,1,2,9,0,0,15,0.304,25,8,7,DH,MLB,WIZ,WIZ,8634,OF,DH,,False
202,TB,26,139,Christopher Morel,666624,156,24,35,11,0,6,0.297,0.707,0.41,18,14,59,4,2,61,0.224,172,64,57,LF,MLB,,,,,LF,,False
203,CIN,30,113,Jake Fraley,641584,125,24,28,4,0,5,0.331,0.707,0.376,17,19,28,4,2,44,0.224,145,47,47,RF,MLB,,,,,RF,,False
204,CHC,31,112,Dansby Swanson,621020,299,44,71,10,1,14,0.288,0.706,0.418,39,23,87,7,2,140,0.237,327,125,78,SS,MLB,,,,,SS,,False
205,CHC,28,112,Nico Hoerner,663538,289,43,85,17,1,1,0.335,0.705,0.37,33,15,22,15,3,110,0.294,310,107,75,2B,MLB,WIZ,WIZ,11284,"2B,SS",2B,,False
206,SD,28,135,Luis Arraez,650333,298,37,84,16,4,3,0.311,0.704,0.393,29,13,6,3,1,119,0.282,319,117,73,1B,MLB,SAD,SAD,11221,"1B,2B",1B,,False
207,CLE,39,114,Carlos Santana,467793,254,36,61,6,0,9,0.333,0.703,0.37,37,34,52,4,0,110,0.24,294,94,72,1B,MLB,WAR,WAR,8619,1B,1B,,False
208,HOU,30,117,Mauricio Dubón,643289,148,19,37,9,0,5,0.291,0.703,0.412,18,9,14,2,0,81,0.25,159,61,56,2B,MLB,,,,,2B,,False
209,SEA,32,136,Dylan Moore,664238,153,24,35,4,0,8,0.29,0.702,0.412,16,14,56,9,4,71,0.229,169,63,60,2B,MLB,,,,,2B,,False
210,MIL,27,158,William Contreras,661388,270,38,65,11,0,6,0.354,0.702,0.348,34,49,63,5,0,122,0.241,322,94,75,C,MLB,WAR,WAR,11268,C,C,,False
211,HOU,31,117,Victor Caratini,605170,163,17,41,7,0,5,0.315,0.702,0.387,17,10,32,0,0,68,0.252,181,63,52,C,MLB,,,,,C,,False
212,MIN,30,142,Ty France,664034,282,34,74,14,0,6,0.324,0.7,0.376,42,13,46,1,0,118,0.262,309,106,77,1B,MLB,,,,,1B,,False
213,MIA,25,146,Xavier Edwards,669364,246,28,72,8,1,0,0.367,0.7,0.333,17,29,41,14,6,69,0.293,280,82,62,SS,MLB,WIZ,WIZ,11375,"2B,SS",SS,,False
214,TB,27,139,Josh Lowe,666139,126,24,29,7,0,4,0.317,0.698,0.381,12,15,33,5,1,56,0.23,143,48,35,RF,MLB,LFB,LFB,10601,CF,RF,,False
215,BAL,31,110,Ramón Urías,602104,188,21,48,7,0,6,0.31,0.698,0.388,26,17,43,1,0,92,0.255,213,73,56,3B,MLB,,,,,3B,,False
216,MIN,30,142,Carlos Correa,621043,249,30,65,14,0,6,0.305,0.695,0.39,24,16,52,0,0,121,0.261,266,97,68,SS,MLB,,,,,SS,,False
217,BAL,26,110,Dylan Carlson,666185,104,10,26,4,0,4,0.288,0.692,0.404,12,6,29,2,2,37,0.25,111,42,38,LF,MLB,,,,,LF,,False
218,PHI,32,143,Max Kepler,596146,232,32,49,14,0,9,0.303,0.691,0.388,27,28,54,0,0,116,0.211,264,90,71,LF,MLB,,,,,LF,,False
219,WSH,29,120,Nathaniel Lowe,663993,302,33,69,12,0,13,0.294,0.691,0.397,52,28,89,1,0,123,0.228,333,120,80,1B,MLB,,,,,1B,,False
220,LAD,24,119,Dalton Rushing,687221,45,8,11,2,0,1,0.333,0.689,0.356,9,6,24,0,0,23,0.244,51,16,16,C,MLB,,,,,C,,False
221,CIN,24,113,Rece Hinds,677956,23,3,4,1,0,2,0.208,0.686,0.478,3,1,11,0,0,10,0.174,24,11,8,RF,MLB,,,,,RF,,False
222,ARI,26,109,Tim Tawa,694374,136,21,30,6,0,6,0.288,0.685,0.397,14,13,41,7,2,70,0.221,154,54,54,2B,MLB,,,,,2B,,False
223,TB,30,139,Matt Thaiss,642136,117,15,27,5,0,1,0.385,0.684,0.299,13,28,36,1,1,48,0.231,149,35,45,C,MLB,,,,,C,,False
224,MIL,32,158,Eric Haase,606992,47,6,11,2,0,2,0.28,0.684,0.404,7,3,21,0,0,16,0.234,51,19,23,C,MLB,,,,,C,,False
225,BAL,32,110,Gary Sánchez,596142,56,8,12,0,0,3,0.308,0.683,0.375,14,3,18,0,0,14,0.214,65,21,21,C,MLB,,,,,C,,False
226,TEX,32,140,Adolis García,666969,267,26,62,17,0,9,0.283,0.68,0.397,38,18,71,7,2,127,0.232,293,106,75,RF,MLB,,,,,RF,,False
227,SEA,37,136,Donovan Solano,456781,109,6,29,3,0,3,0.302,0.678,0.376,15,5,26,0,0,61,0.266,116,41,45,1B,MLB,,,,,1B,,False
228,OAK,28,133,Max Schuemann,680474,80,10,18,1,2,1,0.351,0.676,0.325,5,14,15,3,1,38,0.225,97,26,54,3B,MLB,,,,,3B,,False
229,PIT,30,134,Bryan Reynolds,668804,293,27,68,13,2,8,0.303,0.675,0.372,39,29,84,3,2,125,0.232,327,109,76,RF,MLB,RV,RV,10577,CF,RF,,False
230,TB,30,139,Danny Jansen,643376,166,18,33,5,0,8,0.302,0.675,0.373,22,22,48,0,0,87,0.199,192,62,53,C,MLB,,,,,C,,False
231,CWS,23,145,Chase Meidroth,805367,205,25,55,5,0,2,0.353,0.675,0.322,9,27,34,9,3,67,0.268,232,66,57,SS,MLB,WAR,WAR,62504,"2B,3B,SS",SS,,False
232,MIA,27,146,Eric Wagaman,676572,271,30,69,17,1,5,0.295,0.675,0.38,29,17,55,2,1,113,0.255,292,103,72,1B,MLB,,,,,1B,,False
233,CWS,25,145,Lenyn Sosa,672820,227,20,61,12,1,4,0.291,0.674,0.383,17,7,56,1,0,105,0.269,235,87,66,2B,MLB,JEP,JEP,12420,"1B,2B,3B",2B,,False
234,COL,26,115,Michael Toglia,669911,219,17,46,12,1,9,0.277,0.674,0.397,28,20,92,3,0,87,0.21,242,87,62,1B,MLB,,,,,1B,,False
235,PIT,30,134,Isiah Kiner-Falefa,643396,228,22,63,10,2,1,0.322,0.673,0.351,18,12,40,9,3,92,0.276,248,80,68,SS,MLB,,,,,SS,,False
236,PHI,34,143,J.T. Realmuto,592663,242,29,59,11,1,5,0.312,0.672,0.36,27,22,63,5,1,99,0.244,266,87,65,C,MLB,B2J,B2J,9718,C,C,,False
237,MIL,25,158,Caleb Durbin,702332,191,27,45,10,0,4,0.32,0.671,0.351,29,13,21,6,3,78,0.236,221,67,59,3B,MLB,,,,,3B,,False
238,KC,35,118,Salvador Perez,521692,293,19,69,19,0,9,0.277,0.669,0.392,41,14,67,0,0,134,0.235,312,115,75,C,MLB,TBB,TBB,9015,"C,1B",C,,False
239,SD,32,135,Xander Bogaerts,593428,276,33,68,15,0,4,0.324,0.668,0.344,29,33,52,13,1,131,0.246,315,95,78,SS,MLB,,,,,SS,,False
240,TB,28,139,José Caballero,676609,179,27,41,11,1,2,0.332,0.667,0.335,22,25,62,29,6,85,0.229,209,60,65,SS,MLB,,,,,SS,,False
241,KC,26,118,Nick Loftin,679845,52,7,11,3,2,1,0.263,0.667,0.404,5,4,10,1,1,19,0.212,57,21,18,LF,MLB,,,,,LF,,False
242,MIA,28,146,Nick Fortes,663743,94,9,23,4,1,2,0.294,0.666,0.372,9,6,14,0,0,42,0.245,103,35,39,C,MLB,,,,,C,,False
243,MIA,26,146,Otto Lopez,672640,229,28,56,7,0,6,0.312,0.666,0.354,28,22,35,8,3,95,0.245,253,81,62,2B,MLB,,,,,2B,,False
244,LAD,33,119,Enrique Hernández,571771,147,21,31,5,0,7,0.278,0.666,0.388,18,14,42,0,0,74,0.211,163,57,65,1B,MLB,,,,,1B,,False
245,NYY,25,121,Brett Baty,683146,175,17,38,4,2,8,0.266,0.666,0.4,26,11,51,3,0,76,0.217,189,70,58,3B,MLB,,,,,3B,,False
246,PIT,27,134,Spencer Horwitz,687462,115,14,29,8,0,1,0.317,0.665,0.348,9,10,32,0,0,51,0.252,126,40,33,1B,MLB,,,,,1B,,False
247,CLE,25,114,Bo Naylor,666310,174,25,31,6,1,9,0.286,0.665,0.379,20,27,57,1,1,71,0.178,204,66,58,C,MLB,,,,,C,,False
248,OAK,27,133,JJ Bleday,668709,197,29,39,10,0,8,0.293,0.664,0.371,22,27,53,1,2,79,0.198,225,73,59,CF,MLB,,,,,CF,,False
249,CWS,23,145,Kyle Teel,691019,35,3,8,2,0,0,0.378,0.664,0.286,1,8,15,1,1,14,0.229,45,10,14,C,MLB,RV,RV,62979,C,C,,False
250,ATL,30,144,Eli White,642201,163,25,40,7,3,3,0.281,0.661,0.38,16,7,39,5,1,73,0.245,172,62,61,RF,MLB,,,,,RF,,False
251,TEX,27,140,Josh Jung,673962,256,24,62,10,1,7,0.289,0.66,0.371,31,15,65,4,1,109,0.242,273,95,69,3B,MLB,WAR,WAR,11850,3B,3B,,False
252,CIN,27,113,Spencer Steer,668715,269,30,65,13,1,6,0.296,0.66,0.364,27,20,73,6,1,109,0.242,291,98,73,1B,MLB,,,,,1B,,False
253,MIA,25,146,Connor Norby,681393,198,26,48,10,1,4,0.292,0.656,0.364,21,11,60,6,2,80,0.242,212,72,56,3B,MLB,,,,,3B,,False
254,STL,24,138,Victor Scott II,687363,229,35,55,8,1,3,0.331,0.654,0.323,24,24,72,22,1,91,0.24,267,74,74,CF,MLB,,,,,CF,,False
255,PHI,27,143,Bryson Stott,681082,262,32,63,8,2,5,0.31,0.654,0.344,34,26,52,12,3,112,0.24,291,90,71,2B,MLB,LAW,LAW,11817,"2B,SS",2B,,False
256,PIT,33,134,Adam Frazier,624428,217,20,55,9,0,3,0.317,0.653,0.336,20,16,38,7,5,69,0.253,241,73,70,2B,MLB,,,,,2B,,False
257,OAK,28,133,Willie MacIver,680862,41,3,10,3,0,1,0.262,0.652,0.39,3,1,9,2,0,20,0.244,42,16,14,C,MLB,,,,,C,,False
258,FA,36,147,DJ LeMahieu,518934,99,9,24,3,0,2,0.318,0.651,0.333,10,11,24,0,0,49,0.242,110,33,34,2B,MLB,CFL,CFL,8949,"1B,2B,3B",2B,,False
259,OAK,33,133,Gio Urshela,570482,105,4,25,10,1,0,0.298,0.65,0.352,14,9,19,0,0,52,0.238,116,37,35,3B,MLB,,,,,3B,,False
260,HOU,26,117,Yainer Diaz,673237,266,29,63,9,1,9,0.269,0.649,0.38,30,10,52,0,1,128,0.237,279,101,69,C,MLB,TBB,TBB,12435,"C,1B",C,,False
261,CLE,25,114,Gabriel Arias,672356,241,27,55,16,0,5,0.291,0.648,0.357,27,17,83,3,3,92,0.228,266,86,72,SS,MLB,,,,,SS,,False
262,PHI,25,143,Otto Kemp,805249,52,8,13,3,0,0,0.339,0.647,0.308,6,3,16,1,2,17,0.25,59,16,15,3B,MLB,,,,,3B,,False
263,LAA,23,108,Kyren Paris,677347,126,20,24,4,1,6,0.266,0.647,0.381,11,10,59,7,1,31,0.19,140,48,44,2B,MLB,,,,,2B,,False
264,KC,28,118,Jonathan India,663697,273,29,65,14,0,4,0.314,0.647,0.333,22,28,43,0,3,74,0.238,306,91,71,3B,MLB,CFL,CFL,11292,"2B,3B,OF",3B,,False
265,PIT,28,134,Joey Bart,663698,166,9,40,5,1,1,0.344,0.645,0.301,13,23,48,1,0,78,0.241,192,50,50,C,MLB,,,,,C,,False
266,ARI,25,109,Alek Thomas,677950,204,23,50,9,2,3,0.292,0.645,0.353,20,10,53,5,2,93,0.245,220,72,70,CF,MLB,,,,,CF,,False
267,CWS,34,145,Michael A. Taylor,572191,142,20,29,9,1,4,0.278,0.644,0.366,17,15,60,7,2,60,0.204,159,52,70,RF,MLB,,,,,RF,,False
268,KC,30,118,Freddy Fermin,666023,132,12,34,4,0,2,0.31,0.643,0.333,8,9,23,0,1,51,0.258,143,44,45,C,MLB,,,,,C,,False
269,SF,29,137,Daniel Johnson,669288,21,4,4,1,0,1,0.261,0.642,0.381,1,2,7,1,0,3,0.19,23,8,10,,MLB,,,,,,,False
270,HOU,34,117,Christian Walker,572233,288,32,62,10,1,10,0.281,0.642,0.361,37,22,87,0,0,139,0.215,317,104,76,1B,MLB,CFL,CFL,9846,1B,1B,,False
271,NYY,29,121,Jared Young,676724,41,4,7,1,0,3,0.227,0.642,0.415,4,2,15,0,0,15,0.171,44,17,18,LF,MLB,,,,,LF,,False
272,CIN,25,113,Matt McLain,680574,246,37,50,7,0,9,0.299,0.64,0.341,27,29,80,11,0,116,0.203,282,84,70,2B,MLB,DRO,DRO,12390,"2B,SS",2B,,False
273,LAD,36,119,Miguel Rojas,500743,101,11,24,4,0,3,0.274,0.64,0.366,8,5,15,0,0,51,0.238,107,37,46,2B,MLB,,,,,2B,,False
274,BOS,32,111,Trevor Story,596115,298,35,69,7,0,11,0.273,0.639,0.366,39,14,95,11,0,139,0.232,316,109,77,SS,MLB,JEP,JEP,9571,SS,SS,,False
275,CWS,22,145,Edgar Quero,700337,163,8,43,7,0,0,0.331,0.638,0.307,17,15,35,0,1,66,0.264,181,50,52,C,MLB,,,,,C,,False
276,SF,29,137,Willy Adames,642715,291,42,60,11,1,9,0.293,0.637,0.344,33,37,88,4,2,117,0.206,335,100,78,SS,MLB,B2J,B2J,9893,SS,SS,,False
277,KC,26,118,Drew Waters,671221,190,21,49,6,3,1,0.299,0.636,0.337,14,9,51,5,2,86,0.258,201,64,62,LF,MLB,,,,,LF,,False
278,TEX,34,140,Marcus Semien,543760,280,30,62,8,1,7,0.301,0.633,0.332,32,32,59,6,1,107,0.221,319,93,79,2B,MLB,WIZ,WIZ,9517,2B,2B,,False
279,TOR,30,141,Myles Straw,664702,133,19,35,7,0,1,0.295,0.633,0.338,14,6,17,5,1,65,0.263,144,45,62,CF,MLB,,,,,CF,,False
280,SEA,29,136,Miles Mastrobuoni,670156,120,17,30,3,0,1,0.331,0.631,0.3,9,15,22,4,3,48,0.25,139,36,57,2B,MLB,,,,,2B,,False
281,CLE,23,114,Angel Martínez,682657,212,24,51,10,1,5,0.262,0.63,0.368,25,6,46,5,0,88,0.241,224,78,61,CF,MLB,,,,,CF,,False
282,STL,26,138,Pedro Pagés,686780,185,23,41,10,0,5,0.271,0.628,0.357,22,12,47,0,0,98,0.222,201,66,60,C,MLB,,,,,C,,False
283,SEA,34,136,Mitch Garver,641598,120,13,25,3,0,3,0.317,0.625,0.308,16,18,41,3,0,67,0.208,139,37,44,C,MLB,,,,,C,,False
284,COL,34,115,Kyle Farmer,571657,176,8,40,14,0,3,0.267,0.625,0.358,17,9,40,0,0,74,0.227,187,63,57,2B,MLB,,,,,2B,,False
285,CLE,27,114,Nolan Jones,666134,176,13,38,8,1,3,0.3,0.624,0.324,20,20,51,4,3,72,0.216,201,57,69,RF,MLB,,,,,RF,,False
286,WSH,32,120,Josh Bell,605137,237,23,46,4,1,10,0.278,0.624,0.346,28,25,48,0,1,108,0.194,266,82,68,1B,MLB,B2J,B2J,9883,1B,1B,,False
287,KC,28,118,Kyle Isbel,664728,184,19,45,6,3,3,0.264,0.623,0.359,15,6,36,2,1,75,0.245,201,66,69,CF,MLB,,,,,CF,,False
288,WSH,25,120,Jacob Young,696285,145,18,36,5,1,0,0.323,0.62,0.297,7,14,22,7,8,54,0.248,169,43,56,CF,MLB,,,,,CF,,False
289,NYY,29,121,Luis Torrens,620443,133,7,29,9,1,1,0.297,0.62,0.323,13,14,33,0,0,53,0.218,148,43,48,C,MLB,,,,,C,,False
290,TEX,29,140,Jonah Heim,641680,196,17,44,5,0,7,0.262,0.619,0.357,21,10,48,3,0,68,0.224,210,70,60,C,MLB,,,,,C,,False
291,CIN,25,113,Christian Encarnacion-Strand,687952,106,10,22,4,0,5,0.232,0.619,0.387,15,2,26,0,2,47,0.208,112,41,28,1B,MLB,,,,,1B,,False
292,NYY,31,121,Tyrone Taylor,621438,211,22,48,10,3,2,0.287,0.619,0.332,15,10,50,9,1,85,0.227,232,70,71,CF,MLB,,,,,CF,,False
293,TOR,26,141,Davis Schneider,676914,45,7,8,1,0,1,0.351,0.618,0.267,5,11,17,0,0,30,0.178,57,12,21,LF,MLB,,,,,LF,,False
294,ATL,28,144,Ozzie Albies,645277,302,34,67,11,1,6,0.293,0.618,0.325,28,28,56,7,1,141,0.222,335,98,78,2B,MLB,B2J,B2J,10237,2B,2B,,False
295,TB,24,139,Chandler Simpson,802415,127,17,35,4,0,0,0.306,0.613,0.307,11,6,15,19,3,40,0.276,137,39,36,CF,MLB,HAM,HAM,60420,CF,CF,,False
296,MIA,22,146,Javier Sanoja,691594,156,18,37,10,1,1,0.278,0.611,0.333,15,10,25,3,4,61,0.237,173,52,61,2B,MLB,,,,,2B,,False
297,CHC,23,112,Matt Shaw,807713,164,23,36,9,0,2,0.297,0.608,0.311,9,16,39,8,1,85,0.22,182,51,49,3B,MLB,,,,,3B,,False
298,TOR,23,141,Jonatan Clase,682729,88,8,19,3,0,2,0.289,0.607,0.318,9,8,25,3,1,34,0.216,98,28,28,LF,MLB,,,,,LF,,False
299,COL,24,115,Ryan Ritter,690022,54,8,12,2,2,0,0.271,0.604,0.333,6,3,23,0,0,20,0.222,60,18,16,SS,MLB,,,,,SS,,False
300,SEA,24,136,Ben Williamson,810938,196,28,50,8,0,1,0.291,0.602,0.311,13,9,53,2,1,82,0.255,207,61,57,3B,MLB,,,,,3B,,False
301,ATL,29,144,Alex Verdugo,657077,184,20,45,10,0,0,0.302,0.601,0.299,12,13,28,1,0,74,0.245,199,55,52,LF,MLB,,,,,LF,,False
302,DET,25,116,Parker Meadows,678009,62,8,11,2,1,2,0.261,0.6,0.339,7,7,16,2,0,19,0.177,69,21,18,CF,MLB,,,,,CF,,False
303,TB,28,139,Taylor Walls,670764,180,25,39,7,1,2,0.296,0.596,0.3,25,22,45,9,6,80,0.217,207,54,67,SS,MLB,,,,,SS,,False
304,DET,25,116,Trey Sweeney,700242,204,27,45,5,1,4,0.28,0.594,0.314,23,18,57,2,1,95,0.221,225,64,70,SS,MLB,,,,,SS,,False
305,SD,30,135,Tyler Wade,642180,100,12,22,1,2,0,0.322,0.592,0.27,9,14,30,1,2,45,0.22,119,27,51,CF,MLB,,,,,CF,,False
306,MIL,28,158,Andruw Monasterio,655316,26,5,5,2,0,0,0.323,0.592,0.269,2,5,7,0,0,16,0.192,31,7,20,SS,MLB,,,,,SS,,False
307,LAA,36,108,Travis d'Arnaud,518595,116,6,24,6,0,3,0.256,0.592,0.336,10,6,41,0,0,56,0.207,125,39,37,C,MLB,,,,,C,,False
308,SD,34,135,Elias Díaz,553869,160,20,33,5,0,4,0.278,0.591,0.313,11,15,46,0,0,87,0.206,177,50,61,C,MLB,,,,,C,,False
309,PIT,25,134,Alexander Canario,672744,140,15,30,3,1,3,0.276,0.59,0.314,10,12,49,2,1,74,0.214,152,44,47,LF,MLB,,,,,LF,,False
310,TEX,35,140,Kyle Higashioka,543309,124,10,28,7,0,1,0.284,0.59,0.306,16,8,23,0,0,53,0.226,134,38,39,C,MLB,,,,,C,,False
311,LAD,32,119,Michael Conforto,624424,217,28,37,11,0,5,0.298,0.588,0.29,16,33,63,1,0,101,0.171,258,63,69,LF,MLB,,,,,LF,,False
312,TOR,25,141,Alan Roden,702176,92,12,19,4,1,1,0.283,0.587,0.304,8,7,22,0,0,44,0.207,106,28,40,LF,MLB,,,,,LF,,False
313,SEA,21,136,Cole Young,702284,63,7,16,3,0,0,0.284,0.586,0.302,7,3,17,0,0,27,0.254,68,19,19,2B,MLB,,,,,2B,,False
314,CWS,27,145,Luis Robert Jr.,673357,249,27,46,8,0,8,0.27,0.583,0.313,32,29,88,22,6,123,0.185,285,78,73,CF,MLB,,,,,CF,,False
315,PIT,25,134,Henry Davis,680779,104,12,19,3,0,4,0.254,0.581,0.327,11,9,28,0,0,59,0.183,117,34,35,C,MLB,,,,,C,,False
316,OAK,22,133,Max Muncy,691777,132,9,26,4,0,5,0.236,0.577,0.341,16,6,46,1,0,59,0.197,140,45,39,2B,MLB,CFL,CFL,9606,3B,2B,,False
317,ATL,24,144,Michael Harris II,671739,296,18,65,11,2,6,0.246,0.577,0.331,43,10,65,11,3,144,0.22,316,98,78,CF,MLB,HAM,HAM,12056,CF,CF,,False
318,PIT,27,134,Jared Triolo,669707,120,11,21,6,0,3,0.275,0.575,0.3,9,16,22,5,1,58,0.175,140,36,48,SS,MLB,,,,,SS,,False
319,SF,27,137,Christian Koss,683766,76,8,17,0,0,2,0.272,0.575,0.303,11,4,23,1,0,40,0.224,84,23,35,2B,MLB,,,,,2B,,False
320,NYY,34,121,Travis Jankowski,608671,45,7,11,2,0,0,0.286,0.575,0.289,2,3,12,2,0,16,0.244,49,13,21,RF,MLB,,,,,RF,,False
321,ATL,26,144,Nick Allen,669397,201,21,47,7,0,0,0.305,0.574,0.269,14,19,48,6,4,85,0.234,229,54,69,SS,MLB,,,,,SS,,False
322,CIN,30,113,Santiago Espinal,669289,225,19,54,10,0,0,0.29,0.574,0.284,12,16,25,2,1,108,0.24,243,64,70,3B,MLB,,,,,3B,,False
323,NYY,24,121,Ronny Mauricio,677595,54,5,10,2,0,2,0.241,0.574,0.333,4,3,19,2,0,27,0.185,58,18,16,SS,MLB,JEP,JEP,11351,"2B,3B",SS,,False
324,MIL,26,158,Joey Ortiz,687401,249,31,54,8,0,4,0.275,0.572,0.297,18,17,46,8,3,116,0.217,274,74,78,SS,MLB,,,,,SS,,False
325,KC,36,118,Mark Canha,592192,97,8,23,3,0,0,0.303,0.571,0.268,4,7,20,0,1,48,0.237,109,26,41,LF,MLB,,,,,LF,,False
326,TOR,26,141,Andrés Giménez,665926,182,22,35,6,0,4,0.278,0.569,0.291,14,14,33,9,1,93,0.192,206,53,52,2B,MLB,,,,,2B,,False
327,PIT,28,134,Ke'Bryan Hayes,663647,272,22,63,4,2,2,0.284,0.567,0.283,22,16,61,9,2,123,0.232,293,77,74,3B,MLB,,,,,3B,,False
328,KC,22,118,Jac Caglianone,695506,67,3,13,3,0,2,0.239,0.567,0.328,4,3,14,0,0,25,0.194,71,22,18,,MLB,LAW,LAW,64312,"1B,OF",,,False
329,WSH,22,120,Daylen Lile,695734,61,7,11,4,1,1,0.239,0.567,0.328,3,4,14,1,2,33,0.18,68,20,19,RF,MLB,,,,,RF,,False
330,PIT,37,134,Tommy Pham,502054,162,15,35,6,0,1,0.293,0.565,0.272,14,18,48,3,1,73,0.216,184,44,53,LF,MLB,,,,,LF,,False
331,SD,38,135,Martín Maldonado,455117,106,8,20,3,0,4,0.232,0.562,0.33,8,6,41,0,0,37,0.189,116,35,45,C,MLB,,,,,C,,False
332,STL,23,138,Jordan Walker,691023,176,21,37,4,1,3,0.267,0.562,0.295,23,12,63,3,2,94,0.21,191,52,55,RF,MLB,,,,,RF,,False
333,DET,30,116,Jake Rogers,668670,48,6,9,2,1,0,0.291,0.562,0.271,4,7,11,0,0,18,0.188,55,13,18,C,MLB,,,,,C,,False
334,WSH,22,120,Brady House,691781,36,0,9,1,0,0,0.282,0.56,0.278,3,2,9,2,0,12,0.25,39,10,9,3B,MLB,,,,,3B,,False
335,PHI,24,143,Johan Rojas,679032,125,17,27,2,2,1,0.27,0.558,0.288,15,10,36,9,2,68,0.216,141,36,58,CF,MLB,,,,,CF,,False
336,COL,27,115,Brenton Doyle,686668,258,26,50,10,2,5,0.25,0.556,0.306,25,20,72,8,0,97,0.194,280,79,67,CF,MLB,,,,,CF,,False
337,SD,35,135,Jose Iglesias,578428,149,10,34,5,0,0,0.291,0.553,0.262,20,9,27,2,1,58,0.228,167,39,55,2B,MLB,,,,,2B,,False
338,LAA,28,108,Luis Rengifo,650859,246,20,53,7,0,4,0.259,0.552,0.293,18,14,46,2,5,81,0.215,264,72,72,3B,MLB,,,,,3B,,False
339,ARI,28,109,Jose Herrera,645444,98,11,18,4,0,1,0.296,0.551,0.255,9,16,28,0,0,38,0.184,122,25,34,C,MLB,,,,,C,,False
340,CIN,32,113,Connor Joe,656582,58,2,12,4,0,0,0.273,0.549,0.276,4,6,17,2,2,28,0.207,66,16,29,RF,MLB,,,,,RF,,False
341,PHI,26,143,Rafael Marchán,665561,49,5,8,2,0,1,0.281,0.546,0.265,5,7,10,0,0,32,0.163,57,13,20,C,MLB,,,,,C,,False
342,CWS,29,145,Ryan Noda,676116,21,1,2,0,0,1,0.296,0.534,0.238,1,6,13,0,0,6,0.095,27,5,10,1B,MLB,,,,,1B,,False
343,CHC,40,112,Justin Turner,457759,101,7,20,2,0,1,0.286,0.534,0.248,12,13,20,1,0,41,0.198,119,25,42,1B,MLB,,,,,1B,,False
344,OAK,25,133,Denzel Clarke,672016,87,10,18,2,0,2,0.233,0.532,0.299,5,2,39,4,0,42,0.207,90,26,28,CF,MLB,,,,,CF,,False
345,LAA,31,108,LaMonte Wade Jr.,664774,167,15,28,8,2,1,0.275,0.532,0.257,15,22,45,1,0,84,0.168,195,43,60,1B,MLB,,,,,1B,,False
346,KC,27,118,John Rave,670231,36,2,7,3,0,0,0.25,0.528,0.278,3,3,12,2,1,18,0.194,42,10,21,RF,MLB,,,,,RF,,False
347,COL,30,115,Orlando Arcia,606115,88,5,18,2,1,1,0.239,0.523,0.284,5,4,18,0,0,39,0.205,92,25,31,SS,MLB,,,,,SS,,False
348,SF,26,137,Patrick Bailey,672275,176,19,33,9,1,1,0.255,0.522,0.267,16,17,63,0,0,82,0.188,198,47,61,C,MLB,,,,,C,,False
349,FA,25,147,Oswald Peraza,672724,117,13,19,5,0,3,0.24,0.522,0.282,13,11,35,1,0,57,0.162,129,33,51,3B,MLB,,,,,3B,,False
350,MIN,34,142,Christian Vázquez,543877,123,10,22,6,0,2,0.244,0.52,0.276,9,11,24,0,1,63,0.179,135,34,41,C,MLB,,,,,C,,False
351,MIL,28,158,Daz Cameron,663662,41,7,8,1,0,1,0.214,0.507,0.293,3,1,13,1,0,13,0.195,42,12,21,RF,MLB,,,,,RF,,False
352,BOS,21,111,Roman Anthony,701350,44,5,5,2,0,1,0.278,0.505,0.227,5,9,14,1,0,21,0.114,54,10,14,CF,MLB,LAW,LAW,60108,CF,CF,,False
353,BAL,23,110,Coby Mayo,691723,59,4,11,4,0,0,0.25,0.504,0.254,4,5,17,1,0,29,0.186,64,15,19,3B,MLB,,,,,3B,,False
354,CLE,25,114,Johnathan Rodríguez,671286,31,4,5,2,1,0,0.212,0.502,0.29,1,2,11,0,0,15,0.161,33,9,13,RF,MLB,,,,,RF,,False
355,BOS,27,111,David Hamilton,666152,106,14,19,3,0,3,0.209,0.501,0.292,10,3,30,12,3,45,0.179,112,31,54,2B,MLB,,,,,2B,,False
356,STL,30,138,Garrett Hampson,641658,48,10,8,1,0,0,0.31,0.498,0.188,0,10,16,2,1,18,0.167,60,9,27,2B,MLB,,,,,2B,,False
357,ATL,29,144,Stuart Fairchild,656413,35,7,6,1,1,0,0.237,0.494,0.257,2,3,11,2,1,16,0.171,38,9,23,RF,MLB,,,,,RF,,False
358,CHC,35,112,Jon Berti,542932,82,12,17,2,0,0,0.261,0.493,0.232,2,4,20,8,1,39,0.207,88,19,38,3B,MLB,,,,,3B,,False
359,CWS,30,145,Josh Rojas,668942,116,8,21,5,0,0,0.262,0.486,0.224,6,13,36,4,1,52,0.181,131,26,43,3B,MLB,,,,,3B,,False
360,CLE,29,114,Lane Thomas,657041,97,6,16,1,0,2,0.239,0.476,0.237,9,9,33,3,0,50,0.165,109,23,30,CF,MLB,,,,,CF,,False
361,CLE,29,114,David Fry,681807,36,3,5,1,0,1,0.225,0.475,0.25,3,3,18,1,0,22,0.139,40,9,16,1B,MLB,,,,,1B,,False
362,CLE,32,114,Austin Hedges,595978,65,5,7,0,0,3,0.224,0.47,0.246,4,10,26,1,0,33,0.108,77,16,29,C,MLB,,,,,C,,False
363,TEX,22,140,Alejandro Osuna,696030,36,1,6,0,0,0,0.295,0.462,0.167,2,6,11,0,2,17,0.167,44,6,16,LF,MLB,,,,,LF,,False
364,LAA,27,108,Gustavo Campero,672569,17,1,3,0,0,0,0.263,0.439,0.176,0,2,4,1,0,7,0.176,19,3,8,RF,MLB,,,,,RF,,False
365,TEX,26,140,Ezequiel Duran,677649,56,4,8,4,0,0,0.222,0.436,0.214,2,3,19,1,0,23,0.143,63,12,27,SS,MLB,,,,,SS,,False
366,MIN,29,142,Jonah Bride,681146,109,7,18,2,0,0,0.246,0.429,0.183,5,11,38,0,0,49,0.165,122,20,43,3B,MLB,,,,,3B,,False
367,BOS,29,111,Connor Wong,657136,70,6,11,0,0,0,0.259,0.416,0.157,1,9,18,1,0,46,0.157,81,11,29,C,MLB,,,,,C,,False
368,ATL,28,144,Luke Williams,663897,14,3,2,1,0,0,0.2,0.414,0.214,2,0,3,3,0,16,0.143,15,3,18,SS,MLB,,,,,SS,,False
369,CHC,27,112,Vidal Bruján,660644,31,5,5,2,0,0,0.188,0.414,0.226,2,1,8,2,1,17,0.161,32,7,25,3B,MLB,,,,,3B,,False
370,NYY,28,121,Hayden Senger,663584,29,3,5,1,0,0,0.2,0.407,0.207,0,1,10,0,0,9,0.172,30,6,14,C,MLB,,,,,C,,False
371,WSH,28,120,Riley Adams,656180,66,7,7,2,0,3,0.132,0.405,0.273,8,1,29,0,0,30,0.106,68,18,23,C,MLB,,,,,C,,False
372,LAA,31,108,Scott Kingery,664068,22,3,3,1,0,0,0.174,0.356,0.182,0,1,9,1,0,14,0.136,23,4,11,2B,MLB,,,,,2B,,False
373,HOU,29,117,César Salazar,663967,6,0,1,0,0,0,0.167,0.334,0.167,0,0,1,0,0,4,0.167,6,1,6,C,MLB,,,,,C,,False
374,SF,30,137,Andrew Knizner,668800,24,3,2,0,0,1,0.12,0.328,0.208,1,1,4,0,0,13,0.083,25,5,9,C,MLB,,,,,C,,False
375,CWS,28,145,Vinny Capra,681962,91,10,10,2,0,1,0.144,0.309,0.165,6,3,23,2,0,54,0.11,99,15,45,3B,MLB,,,,,3B,,False
376,HOU,30,117,Luis Guillorme,641645,16,1,2,0,0,0,0.176,0.301,0.125,0,1,7,0,0,11,0.125,17,2,9,2B,MLB,,,,,2B,,False
377,BAL,30,110,Chadwick Tromp,644433,13,1,1,1,0,0,0.143,0.297,0.154,0,1,6,0,0,11,0.077,14,2,5,C,MLB,,,,,C,,False
378,MIN,28,142,DaShawn Keirsey Jr.,680577,67,7,7,0,0,1,0.143,0.292,0.149,4,2,22,5,3,33,0.104,70,10,49,RF,MLB,,,,,RF,,False
379,KC,27,118,Tyler Tolbert,686475,8,3,1,0,0,0,0.125,0.25,0.125,0,0,3,8,0,8,0.125,8,1,16,2B,MLB,,,,,2B,,False
380,ARI,27,109,Jake McCarthy,664983,45,2,3,1,0,0,0.157,0.246,0.089,3,4,6,1,0,24,0.067,51,4,16,CF,MLB,,,,,CF,,False
381,MIA,26,146,Jack Winkler,676466,9,0,1,0,0,0,0.111,0.222,0.111,0,0,4,0,0,4,0.111,9,1,6,2B,MLB,,,,,2B,,False
382,SF,26,137,Brett Wisely,689172,10,1,0,0,0,0,0.0,0.0,0.0,2,0,3,0,1,6,0.0,12,0,6,2B,MLB,,,,,2B,,False
383,BAL,25,110,Luis Vázquez,676679,8,0,0,0,0,0,0.0,0.0,0.0,0,0,2,0,0,4,0.0,8,0,5,SS,MLB,,,,,SS,,False
384,CHC,34,112,Colin Rea,607067,1,0,0,0,0,0,0.0,0.0,0.0,0,0,1,0,0,1,0.0,1,0,16,P,MLB,,,,,P,,False
