rank,team,age,teamId,full_name,playerId,atBats,runs,hits,doubles,triples,homeRuns,obp,ops,slg,rbi,baseOnBalls,strikeOuts,stolenBases,caughtStealing,leftOnBase,avg,plateAppearances,totalBases,games,position,sportAbbrev
1,fa,27,109,Ryne Nelson,669194,1,1,1,0,0,0,1.0,2.0,1.0,1,0,0,0,0,0,1.0,1,1,17,P,MLB
2,fa,27,116,Jahmai Jones,663330,22,4,9,3,0,2,0.48,1.298,0.818,3,3,5,0,0,4,0.409,25,18,13,CF,MLB
3,fa,27,144,Ronald Acuña Jr.,660670,101,30,40,5,0,9,0.5,1.213,0.713,16,21,27,3,0,25,0.396,122,72,28,RF,MLB
4,fa,33,147,Aaron Judge,592450,289,68,106,18,2,28,0.468,1.202,0.734,62,53,88,6,3,102,0.367,346,212,78,RF,MLB
5,fa,29,135,Bryce Johnson,669369,9,1,4,1,0,0,0.5,1.056,0.556,0,0,2,1,0,1,0.444,10,5,5,RF,MLB
6,fa,28,136,Cal Raleigh,663728,284,57,79,14,0,32,0.383,1.048,0.665,68,45,83,9,2,130,0.278,334,189,76,C,MLB
7,fa,27,136,Dominic Canzone,686527,39,7,12,2,0,4,0.357,1.024,0.667,7,3,6,1,0,18,0.308,42,26,13,RF,MLB
8,fa,31,109,Ketel Marte,606466,190,45,60,11,0,14,0.422,1.017,0.595,31,31,31,2,1,78,0.316,225,113,52,2B,MLB
9,fa,30,119,Shohei Ohtani,660271,306,76,89,12,6,26,0.39,1.014,0.624,49,48,92,11,4,98,0.291,359,191,77,TWP,MLB
10,fa,25,116,Wenceel Pérez,672761,71,13,21,5,1,6,0.346,0.994,0.648,13,4,16,1,0,37,0.296,78,46,22,CF,MLB
11,fa,34,141,Tyler Heineman,623168,66,16,26,5,0,2,0.417,0.978,0.561,11,3,11,2,0,22,0.394,73,37,26,C,MLB
12,fa,30,119,Will Smith,669257,204,38,67,15,1,9,0.425,0.969,0.544,42,36,44,2,3,79,0.328,247,111,62,C,MLB
13,fa,34,113,Austin Wynns,642851,68,9,21,5,0,5,0.347,0.95,0.603,17,4,19,0,0,35,0.309,72,41,28,C,MLB
14,fa,26,119,Hyeseong Kim,808975,78,15,29,5,1,2,0.41,0.948,0.538,12,4,17,6,0,23,0.372,83,42,34,2B,MLB
15,fa,22,120,James Wood,695578,299,50,85,19,0,22,0.379,0.948,0.569,61,46,92,9,4,108,0.284,348,170,79,LF,MLB
16,fa,34,111,Rob Refsnyder,608701,83,15,25,5,0,5,0.388,0.93,0.542,14,12,25,2,0,40,0.301,98,45,33,RF,MLB
17,fa,30,121,Pete Alonso,624413,297,43,85,22,1,18,0.38,0.929,0.549,64,37,79,0,2,138,0.286,347,163,79,1B,MLB
18,fa,32,143,Kyle Schwarber,656941,285,57,71,9,1,24,0.38,0.92,0.54,55,55,88,6,1,140,0.249,345,154,78,LF,MLB
19,fa,35,119,Freddie Freeman,518692,249,40,80,21,1,9,0.392,0.914,0.522,41,28,57,0,1,95,0.321,283,130,67,1B,MLB
20,fa,31,142,Byron Buxton,621439,232,46,65,9,3,17,0.347,0.912,0.565,47,23,71,13,0,82,0.28,262,131,61,CF,MLB
21,fa,28,112,Kyle Tucker,663656,288,55,81,16,4,15,0.391,0.912,0.521,46,51,49,18,1,102,0.281,343,150,77,RF,MLB
22,fa,32,114,José Ramírez,608070,279,43,90,16,1,13,0.383,0.91,0.527,36,27,34,20,5,90,0.323,313,147,74,3B,MLB
23,fa,27,139,Jonathan Aranda,666018,243,39,79,15,0,8,0.411,0.897,0.486,41,30,66,0,1,97,0.325,282,118,73,1B,MLB
24,fa,33,109,Eugenio Suárez,553993,283,48,71,15,0,25,0.323,0.892,0.569,67,21,82,1,0,126,0.251,319,161,78,3B,MLB
25,fa,29,135,Trenton Brooks,670092,9,2,2,1,0,1,0.222,0.889,0.667,2,0,7,0,0,7,0.222,9,6,7,1B,MLB
26,fa,28,111,Rafael Devers,646240,295,49,79,19,0,16,0.394,0.889,0.495,61,59,83,1,1,126,0.268,360,146,79,DH,MLB
27,fa,23,133,Jacob Wilson,805779,292,40,102,15,0,9,0.39,0.883,0.493,40,17,20,5,1,97,0.349,314,144,74,SS,MLB
28,fa,30,112,Reese McGuire,624512,39,7,10,1,0,4,0.293,0.883,0.59,6,2,9,0,0,17,0.256,42,23,12,C,MLB
29,fa,26,121,Juan Soto,665742,279,55,71,14,0,17,0.391,0.878,0.487,43,64,55,8,1,131,0.254,348,136,78,RF,MLB
30,fa,23,112,Pete Crow-Armstrong,691718,300,58,82,19,3,21,0.31,0.877,0.567,61,14,78,23,4,133,0.273,322,170,77,CF,MLB
31,fa,24,116,Riley Greene,682985,296,42,86,20,0,17,0.345,0.875,0.53,59,24,99,1,1,135,0.291,322,157,77,LF,MLB
32,fa,27,117,Jeremy Peña,665161,304,47,99,16,1,11,0.38,0.873,0.493,40,19,54,15,2,90,0.326,335,150,78,SS,MLB
33,fa,27,112,Michael Busch,683737,236,32,64,13,3,12,0.365,0.869,0.504,44,30,61,3,0,95,0.271,271,119,72,1B,MLB
34,fa,32,135,Manny Machado,592518,297,52,90,20,0,13,0.366,0.868,0.502,47,31,54,8,2,132,0.303,331,149,78,3B,MLB
35,fa,31,110,Ryan O'Hearn,656811,223,29,68,9,0,10,0.387,0.867,0.48,29,26,42,3,1,105,0.305,256,107,65,RF,MLB
36,fa,29,109,Pavin Smith,656976,190,30,51,13,1,8,0.389,0.863,0.474,25,38,71,2,2,92,0.268,229,90,70,1B,MLB
37,fa,23,113,Elly De La Cruz,682829,302,62,82,15,2,18,0.348,0.861,0.513,55,34,87,21,6,134,0.272,339,155,79,SS,MLB
38,fa,25,118,Maikel Garcia,672580,279,34,87,19,3,8,0.372,0.859,0.487,36,27,43,17,8,108,0.312,311,136,76,3B,MLB
39,fa,32,113,Jose Trevino,624431,144,21,44,17,0,4,0.346,0.853,0.507,15,10,18,0,0,58,0.306,157,73,49,C,MLB
40,fa,28,111,Romy Gonzalez,663853,95,15,29,10,1,2,0.356,0.851,0.495,16,7,24,3,2,42,0.305,104,47,31,1B,MLB
41,fa,30,112,Seiya Suzuki,673548,297,41,76,19,2,20,0.311,0.846,0.535,64,26,88,2,2,137,0.256,328,159,74,LF,MLB
42,fa,26,115,Tyler Freeman,671289,99,17,32,6,1,1,0.412,0.846,0.434,10,11,9,8,3,42,0.323,119,43,38,RF,MLB
43,fa,26,134,Nick Gonzales,693304,75,8,24,3,2,2,0.35,0.843,0.493,7,4,13,0,1,20,0.32,80,37,19,2B,MLB
44,fa,24,120,CJ Abrams,682928,261,52,74,16,2,11,0.356,0.843,0.487,26,20,51,16,2,74,0.284,293,127,66,SS,MLB
45,fa,25,146,Heriberto Hernandez,681715,45,6,15,3,0,1,0.375,0.842,0.467,3,3,12,0,0,20,0.333,48,21,16,LF,MLB
46,fa,25,115,Hunter Goodman,696100,282,38,80,17,3,14,0.328,0.842,0.514,48,16,81,1,2,107,0.284,302,145,74,C,MLB
47,fa,24,119,Andy Pages,681624,281,39,82,12,1,16,0.33,0.842,0.512,52,13,56,6,3,115,0.292,303,144,75,CF,MLB
48,fa,26,117,Isaac Paredes,670623,273,40,70,10,1,16,0.361,0.837,0.476,45,41,55,0,1,111,0.256,321,130,74,3B,MLB
49,fa,31,144,Matt Olson,621566,285,45,72,19,0,15,0.359,0.836,0.477,49,47,76,0,0,136,0.253,337,136,77,1B,MLB
50,fa,25,137,Heliot Ramos,671218,291,48,83,14,1,13,0.361,0.835,0.474,43,28,77,5,4,114,0.285,332,138,76,LF,MLB
51,fa,24,144,Drake Baldwin,686948,150,17,44,4,0,8,0.354,0.834,0.48,25,14,26,0,0,56,0.293,164,72,51,C,MLB
52,fa,30,133,Brent Rooker,667670,313,48,86,16,2,15,0.351,0.833,0.482,41,35,74,2,1,129,0.275,350,151,80,RF,MLB
53,fa,21,139,Junior Caminero,691406,283,46,75,16,0,19,0.31,0.833,0.523,50,19,55,5,1,123,0.265,306,148,73,3B,MLB
54,fa,25,118,Bobby Witt Jr.,677951,304,42,87,26,3,10,0.343,0.833,0.49,40,26,61,21,6,110,0.286,338,149,78,SS,MLB
55,fa,26,137,Casey Schmitt,669477,91,11,26,4,0,4,0.369,0.831,0.462,15,10,26,0,0,48,0.286,104,42,32,1B,MLB
56,fa,22,135,Jackson Merrill,701538,179,26,55,11,2,5,0.354,0.829,0.475,26,13,41,1,2,72,0.307,195,85,46,CF,MLB
57,fa,34,145,Mike Tauchman,643565,97,17,25,6,1,4,0.365,0.829,0.464,14,17,25,0,0,35,0.258,115,45,28,RF,MLB
58,fa,30,112,Carson Kelly,608348,158,28,40,5,1,9,0.36,0.828,0.468,26,26,31,0,0,66,0.253,186,74,49,C,MLB
59,fa,29,146,Dane Myers,667472,147,17,47,8,0,4,0.371,0.827,0.456,20,10,36,8,4,73,0.32,159,67,50,CF,MLB
60,fa,26,141,Vladimir Guerrero Jr.,665489,283,44,79,16,0,10,0.383,0.825,0.442,39,45,47,2,2,105,0.279,334,125,76,1B,MLB
61,fa,28,109,Josh Naylor,647304,287,41,87,18,1,9,0.358,0.825,0.467,51,25,41,10,2,117,0.303,317,134,75,1B,MLB
62,fa,26,135,Fernando Tatis Jr.,665487,292,57,78,11,1,15,0.356,0.822,0.466,37,37,59,15,2,87,0.267,334,136,76,RF,MLB
63,fa,28,147,Trent Grisham,663757,225,37,55,5,1,15,0.346,0.822,0.476,31,34,60,0,1,80,0.244,260,107,67,CF,MLB
64,fa,24,108,Zach Neto,687263,241,46,67,15,1,12,0.322,0.82,0.498,29,11,67,13,5,56,0.278,258,120,60,SS,MLB
65,fa,26,138,Alec Burleson,676475,228,25,70,11,0,9,0.344,0.818,0.474,32,14,32,3,0,103,0.307,245,108,68,1B,MLB
66,fa,28,142,Willi Castro,650489,193,34,54,11,1,7,0.362,0.818,0.456,17,20,53,3,1,72,0.28,218,88,56,2B,MLB
67,fa,31,121,Francisco Lindor,596019,308,49,84,14,0,16,0.344,0.818,0.474,42,28,62,13,2,111,0.273,349,146,77,SS,MLB
68,fa,25,141,Addison Barger,680718,178,25,47,16,0,8,0.328,0.817,0.489,24,16,45,1,0,79,0.264,195,87,54,3B,MLB
69,fa,29,113,TJ Friedl,670770,287,47,84,13,2,8,0.38,0.816,0.436,30,38,52,9,3,91,0.293,334,125,75,CF,MLB
70,fa,34,119,Max Muncy,571970,231,31,56,9,2,11,0.373,0.815,0.442,45,48,64,4,0,102,0.242,287,102,74,3B,MLB
71,fa,33,121,Jeff McNeil,643446,148,15,36,5,3,8,0.333,0.813,0.48,23,19,17,1,0,73,0.243,171,71,47,2B,MLB
72,fa,28,138,Brendan Donovan,680977,277,42,85,21,0,5,0.375,0.812,0.437,29,25,41,3,1,105,0.307,310,121,71,2B,MLB
73,fa,26,146,Liam Hicks,689414,128,15,36,7,1,4,0.367,0.812,0.445,26,15,21,0,0,44,0.281,149,57,48,C,MLB
74,fa,22,133,Nick Kurtz,701762,142,18,35,5,1,10,0.304,0.811,0.507,25,13,51,0,1,64,0.246,158,72,40,1B,MLB
75,fa,30,110,Ramón Laureano,657656,152,21,39,8,0,9,0.324,0.811,0.487,22,14,50,2,1,88,0.257,170,74,52,LF,MLB
76,fa,31,115,Sam Hilliard,656541,43,7,9,3,1,2,0.346,0.811,0.465,3,9,18,2,1,14,0.209,52,20,17,LF,MLB
77,fa,27,146,Kyle Stowers,669065,244,32,66,9,3,11,0.343,0.81,0.467,35,25,78,3,1,115,0.27,275,114,72,RF,MLB
78,fa,26,147,Ben Rice,700250,224,35,54,12,2,13,0.321,0.808,0.487,28,21,55,3,2,99,0.241,253,109,66,1B,MLB
79,fa,31,143,Trea Turner,607208,313,54,94,16,2,9,0.357,0.807,0.45,35,24,54,19,5,126,0.3,342,141,76,SS,MLB
80,fa,28,116,Gleyber Torres,650402,237,36,66,12,0,7,0.386,0.804,0.418,38,40,35,4,1,76,0.278,285,99,66,2B,MLB
81,fa,30,137,Dominic Smith,642086,47,4,14,3,0,1,0.375,0.801,0.426,8,7,11,1,0,21,0.298,56,20,16,1B,MLB
82,fa,33,158,Christian Yelich,592885,281,39,74,10,0,15,0.342,0.801,0.459,56,31,85,12,3,123,0.263,316,129,74,LF,MLB
83,fa,28,111,Abraham Toro,647351,127,17,37,9,0,5,0.321,0.801,0.48,13,4,22,0,0,40,0.291,134,61,36,1B,MLB
84,fa,32,116,Javier Báez,595879,224,37,65,12,1,9,0.328,0.801,0.473,36,8,51,1,1,92,0.29,238,106,66,CF,MLB
85,fa,35,141,George Springer,543807,233,37,58,15,1,10,0.349,0.8,0.451,32,36,62,7,0,107,0.249,280,105,72,RF,MLB
86,fa,26,111,Carlos Narváez,665966,201,30,55,16,0,6,0.357,0.8,0.443,23,26,57,1,1,87,0.274,227,89,59,C,MLB
87,fa,25,116,Spencer Torkelson,679529,264,43,59,17,0,16,0.33,0.8,0.47,49,38,76,1,0,119,0.223,312,124,74,1B,MLB
88,fa,27,114,Steven Kwan,680757,283,35,87,17,0,6,0.367,0.798,0.431,24,25,28,10,1,72,0.307,314,122,73,LF,MLB
89,fa,22,140,Evan Carter,694497,78,13,20,3,0,4,0.348,0.797,0.449,10,8,13,6,1,35,0.256,89,35,27,CF,MLB
90,fa,24,115,Jordan Beck,687597,244,36,64,14,4,10,0.322,0.797,0.475,26,19,75,9,4,73,0.262,267,116,67,LF,MLB
91,fa,32,119,Teoscar Hernández,606192,243,40,64,15,0,14,0.298,0.796,0.498,51,12,62,5,0,115,0.263,259,121,63,RF,MLB
92,fa,26,111,Wilyer Abreu,677800,221,29,56,9,0,13,0.324,0.795,0.471,36,24,58,4,2,108,0.253,247,104,68,RF,MLB
93,fa,27,115,Mickey Moniak,666160,192,27,47,6,5,11,0.295,0.795,0.5,27,13,51,3,2,68,0.245,207,96,66,RF,MLB
94,fa,33,139,Yandy Díaz,650490,294,35,83,15,1,12,0.331,0.794,0.463,44,20,44,3,0,128,0.282,320,136,72,1B,MLB
95,fa,27,147,Jazz Chisholm Jr.,665862,169,26,40,7,0,10,0.338,0.794,0.456,28,23,57,10,2,93,0.237,198,77,48,2B,MLB
96,fa,30,136,J.P. Crawford,641487,265,34,76,10,0,6,0.401,0.793,0.392,30,50,56,5,1,86,0.287,319,104,74,SS,MLB
97,fa,23,138,Thomas Saggese,695336,48,4,15,4,0,1,0.333,0.791,0.458,7,2,12,0,0,22,0.313,51,22,16,SS,MLB
98,fa,34,144,Marcell Ozuna,542303,264,33,66,10,0,11,0.378,0.791,0.413,40,55,74,0,0,134,0.25,325,109,74,DH,MLB
99,fa,37,147,Paul Goldschmidt,502671,280,48,82,15,1,8,0.352,0.791,0.439,32,24,56,5,0,111,0.293,308,123,77,1B,MLB
100,fa,23,110,Gunnar Henderson,683002,270,39,75,14,2,8,0.352,0.785,0.433,23,29,74,9,2,83,0.278,301,117,71,SS,MLB
101,fa,29,135,Gavin Sheets,657757,252,30,67,11,1,12,0.324,0.784,0.46,46,21,58,1,0,121,0.266,278,116,75,1B,MLB
102,fa,32,121,Brandon Nimmo,607043,279,37,71,14,0,15,0.318,0.784,0.466,41,25,58,6,1,138,0.254,308,130,75,LF,MLB
103,fa,30,136,Luke Raley,670042,77,12,19,3,0,3,0.379,0.782,0.403,13,10,22,2,1,41,0.247,95,31,27,RF,MLB
104,fa,27,140,Josh Smith,669701,232,34,66,11,1,7,0.35,0.781,0.431,21,23,45,8,3,83,0.284,258,100,66,SS,MLB
105,fa,31,140,Sam Haggerty,664059,97,16,27,3,3,2,0.346,0.779,0.433,9,10,18,5,2,36,0.278,108,42,34,CF,MLB
106,fa,32,158,Rhys Hoskins,656555,246,28,61,11,0,12,0.34,0.779,0.439,40,33,78,2,1,117,0.248,288,108,74,1B,MLB
107,fa,26,141,Alejandro Kirk,672386,232,19,71,8,0,7,0.347,0.778,0.431,34,15,26,0,0,106,0.306,251,100,63,C,MLB
108,fa,30,116,Zach McKinstry,656716,232,36,63,10,7,4,0.351,0.778,0.427,21,29,62,8,1,103,0.272,266,99,70,RF,MLB
109,fa,29,117,Jake Meyers,676694,248,36,77,13,1,3,0.369,0.776,0.407,20,23,48,13,5,100,0.31,276,101,76,CF,MLB
110,fa,23,133,Tyler Soderstrom,691016,293,41,74,11,1,14,0.335,0.775,0.44,45,33,80,5,0,149,0.253,331,129,79,LF,MLB
111,fa,30,139,Brandon Lowe,664040,280,46,74,10,0,15,0.314,0.775,0.461,42,20,73,2,1,108,0.264,303,129,73,2B,MLB
112,fa,29,147,Cody Bellinger,641355,268,37,70,14,3,10,0.326,0.774,0.448,38,27,45,7,2,127,0.261,301,120,71,LF,MLB
113,fa,33,143,Nick Castellanos,592206,294,36,84,21,1,8,0.327,0.773,0.446,41,17,59,2,0,144,0.286,318,131,77,RF,MLB
114,fa,24,133,Lawrence Butler,671732,304,44,79,23,1,11,0.32,0.771,0.451,32,27,93,11,3,126,0.26,331,137,75,RF,MLB
115,fa,23,108,Nolan Schanuel,694384,277,39,77,15,1,6,0.366,0.77,0.404,30,34,41,3,1,98,0.278,320,112,76,1B,MLB
116,fa,29,158,Jake Bauers,641343,100,13,23,5,0,5,0.339,0.769,0.43,18,17,38,4,0,56,0.23,118,43,48,LF,MLB
117,fa,26,108,Jo Adell,666176,224,28,50,8,0,16,0.296,0.769,0.473,39,15,62,3,0,91,0.223,248,106,71,CF,MLB
118,fa,33,108,Mike Trout,545361,187,25,42,2,1,12,0.33,0.769,0.439,28,29,62,2,0,63,0.225,221,82,52,RF,MLB
119,fa,25,109,Geraldo Perdomo,672695,281,41,73,17,1,8,0.356,0.769,0.413,52,44,39,11,1,108,0.26,339,116,77,SS,MLB
120,fa,27,158,Isaac Collins,686555,146,22,38,7,1,4,0.363,0.767,0.404,19,22,40,8,3,65,0.26,172,59,60,LF,MLB
121,fa,27,141,Bo Bichette,666182,326,37,91,19,1,11,0.321,0.766,0.445,48,19,55,4,3,107,0.279,349,145,77,SS,MLB
122,fa,30,120,Alex Call,669743,150,23,41,7,2,2,0.378,0.765,0.387,17,21,25,1,0,63,0.273,185,58,54,RF,MLB
123,fa,28,144,Austin Riley,663586,316,44,87,13,1,12,0.327,0.764,0.437,40,22,96,2,1,134,0.275,342,138,77,3B,MLB
124,fa,30,136,Randy Arozarena,668227,275,35,66,19,1,8,0.358,0.762,0.404,31,38,90,14,0,133,0.24,327,111,75,LF,MLB
125,fa,31,135,Jake Cronenworth,630105,173,23,42,8,1,6,0.356,0.761,0.405,21,29,42,2,1,73,0.243,209,70,54,2B,MLB
126,fa,29,141,Ernie Clement,676391,244,32,75,16,0,4,0.337,0.759,0.422,18,11,29,2,3,109,0.307,261,103,75,3B,MLB
127,fa,33,138,Willson Contreras,575929,278,38,69,18,0,10,0.334,0.755,0.421,50,25,77,3,0,129,0.248,318,117,74,1B,MLB
128,fa,28,138,Yohel Pozo,650968,68,7,21,3,0,2,0.314,0.755,0.441,9,1,4,0,0,24,0.309,70,30,26,C,MLB
129,fa,25,110,Colton Cowser,681297,76,8,16,3,0,6,0.268,0.755,0.487,11,3,27,1,0,28,0.211,82,37,21,LF,MLB
130,fa,28,142,Trevor Larnach,663616,271,40,70,11,1,11,0.326,0.754,0.428,36,25,66,2,2,115,0.258,302,116,73,RF,MLB
131,fa,35,117,Jose Altuve,514888,290,36,78,10,0,12,0.326,0.754,0.428,34,25,51,6,5,133,0.269,319,124,75,LF,MLB
132,fa,29,139,Jake Mangum,663968,148,15,47,8,0,1,0.361,0.753,0.392,23,9,21,10,0,55,0.318,159,58,43,RF,MLB
133,fa,30,147,J.C. Escarra,641555,65,5,16,5,0,2,0.338,0.753,0.415,9,9,10,1,0,26,0.246,77,27,30,C,MLB
134,fa,31,142,Harrison Bader,664056,191,21,48,10,0,7,0.338,0.752,0.414,27,20,53,7,3,88,0.251,219,79,70,LF,MLB
135,fa,29,120,Amed Rosario,642708,119,16,33,7,0,4,0.315,0.752,0.437,16,5,16,1,0,39,0.277,127,52,39,3B,MLB
136,fa,30,144,Sean Murphy,669221,153,15,34,5,0,9,0.32,0.751,0.431,22,18,53,0,0,72,0.222,178,66,47,C,MLB
137,fa,25,145,Miguel Vargas,678246,280,39,67,20,2,10,0.318,0.75,0.432,34,29,53,3,0,119,0.239,314,121,76,3B,MLB
138,fa,33,109,Ildemaro Vargas,545121,28,5,8,2,0,1,0.286,0.75,0.464,4,0,7,0,0,14,0.286,28,13,9,2B,MLB
139,fa,30,112,Ian Happ,664023,281,49,69,14,0,11,0.336,0.749,0.413,38,39,73,4,1,100,0.246,324,116,69,LF,MLB
140,fa,38,134,Andrew McCutchen,457705,247,24,64,13,0,8,0.339,0.748,0.409,28,29,58,1,0,101,0.259,281,101,70,RF,MLB
141,fa,28,142,Ryan Jeffers,680777,210,24,52,14,0,6,0.347,0.747,0.4,27,28,47,0,0,91,0.248,242,84,62,C,MLB
142,fa,25,120,Luis García Jr.,671277,252,36,69,19,0,7,0.314,0.747,0.433,36,15,37,7,4,96,0.274,274,109,70,2B,MLB
143,fa,23,140,Wyatt Langford,694671,253,32,60,10,0,13,0.315,0.746,0.431,31,28,73,11,3,102,0.237,286,109,66,LF,MLB
144,fa,31,136,Jorge Polanco,593871,218,26,55,9,0,11,0.3,0.745,0.445,36,14,32,3,2,80,0.252,238,97,64,3B,MLB
145,fa,31,108,Taylor Ward,621493,291,43,61,15,1,19,0.279,0.743,0.464,53,29,86,1,1,137,0.21,326,135,76,LF,MLB
146,fa,34,137,Mike Yastrzemski,573262,237,31,60,13,1,6,0.35,0.742,0.392,26,35,58,5,2,101,0.253,274,93,71,RF,MLB
147,fa,25,158,Sal Frelick,686217,276,36,81,9,3,4,0.351,0.742,0.391,30,21,40,14,2,123,0.293,308,108,76,RF,MLB
148,fa,30,141,Nathan Lukes,664770,131,19,35,3,0,4,0.358,0.74,0.382,22,17,20,1,2,71,0.267,155,50,52,RF,MLB
149,fa,28,113,Tyler Stephenson,663886,149,19,36,9,0,6,0.317,0.74,0.423,24,17,61,0,1,54,0.242,167,63,40,C,MLB
150,fa,30,145,Andrew Benintendi,643217,184,23,44,9,2,8,0.299,0.739,0.44,29,15,35,0,0,73,0.239,205,81,51,LF,MLB
151,fa,25,108,Logan O'Hoppe,681351,227,25,53,3,0,17,0.268,0.739,0.471,37,10,80,0,1,95,0.233,239,107,64,C,MLB
152,fa,22,117,Cam Smith,701358,219,29,58,13,1,5,0.337,0.739,0.402,27,21,64,3,1,93,0.265,243,88,64,RF,MLB
153,fa,30,115,Ryan McMahon,641857,266,32,59,12,1,12,0.327,0.737,0.41,25,41,95,1,1,104,0.222,309,109,76,3B,MLB
154,fa,26,134,Oneil Cruz,665833,256,41,54,10,1,13,0.326,0.736,0.41,31,42,101,26,3,112,0.211,304,105,70,CF,MLB
155,fa,30,110,Cedric Mullins,656775,223,31,49,11,0,12,0.306,0.736,0.43,35,26,65,8,2,98,0.22,252,96,62,CF,MLB
156,fa,27,113,Gavin Lux,666158,232,24,61,14,1,4,0.352,0.736,0.384,34,32,62,1,0,101,0.263,264,89,71,LF,MLB
157,fa,27,118,Vinnie Pasquantino,686469,296,31,79,7,1,11,0.327,0.736,0.409,41,23,52,1,0,146,0.267,324,121,77,1B,MLB
158,fa,30,119,Tommy Edman,669242,214,33,53,10,1,10,0.292,0.736,0.444,38,11,37,3,1,86,0.248,233,95,60,2B,MLB
159,fa,21,110,Jackson Holliday,702616,275,32,73,12,2,9,0.313,0.735,0.422,32,15,69,8,6,86,0.265,294,116,71,2B,MLB
160,fa,28,143,Alec Bohm,664761,293,32,85,11,1,7,0.328,0.734,0.406,36,15,49,2,0,123,0.29,314,119,75,3B,MLB
161,fa,27,146,Jesús Sánchez,660821,198,23,49,8,2,7,0.32,0.734,0.414,28,21,50,8,1,91,0.247,222,82,56,RF,MLB
162,fa,28,133,Luis Urías,649966,198,22,50,7,0,7,0.339,0.733,0.394,17,24,30,2,0,77,0.253,230,78,63,2B,MLB
163,fa,21,158,Jackson Chourio,694192,335,50,86,22,3,12,0.285,0.733,0.448,46,13,72,15,5,138,0.257,351,150,78,CF,MLB
164,fa,23,116,Colt Keith,690993,202,32,49,12,1,6,0.332,0.733,0.401,24,28,47,0,0,89,0.243,232,81,69,2B,MLB
165,fa,23,146,Agustín Ramírez,682663,206,24,48,11,0,11,0.284,0.731,0.447,27,15,38,1,2,93,0.233,222,92,52,C,MLB
166,fa,28,114,Daniel Schneemann,682177,167,22,39,7,0,8,0.312,0.731,0.419,21,19,47,5,1,65,0.234,187,70,59,2B,MLB
167,fa,26,116,Dillon Dingler,693307,209,23,57,9,1,7,0.305,0.731,0.426,31,6,57,0,0,92,0.273,220,89,60,C,MLB
168,fa,24,114,Kyle Manzardo,700932,221,23,48,11,2,11,0.296,0.73,0.434,31,24,63,1,0,111,0.217,250,96,66,1B,MLB
169,fa,36,121,Starling Marte,516782,138,19,35,6,0,4,0.346,0.73,0.384,18,12,27,4,2,62,0.254,160,53,51,LF,MLB
170,fa,27,116,Kerry Carpenter,681481,252,37,62,11,1,13,0.277,0.729,0.452,27,7,58,1,1,110,0.246,267,114,73,RF,MLB
171,fa,32,119,Mookie Betts,605141,279,50,71,9,1,9,0.338,0.729,0.391,38,35,31,6,0,108,0.254,317,109,72,SS,MLB
172,fa,24,136,Julio Rodríguez,677594,315,48,80,11,3,11,0.315,0.728,0.413,39,22,69,12,3,145,0.254,343,130,76,CF,MLB
173,fa,29,142,Kody Clemens,665019,116,16,23,5,1,7,0.288,0.728,0.44,17,12,30,0,1,61,0.198,133,51,50,2B,MLB
174,fa,29,115,Thairo Estrada,642731,66,6,19,6,0,1,0.304,0.728,0.424,8,0,11,0,1,26,0.288,69,28,16,2B,MLB
175,fa,24,139,Curtis Mead,678554,96,13,24,2,1,3,0.342,0.727,0.385,8,10,26,3,1,48,0.25,111,37,42,1B,MLB
176,fa,27,142,Matt Wallner,670242,128,15,26,7,2,6,0.297,0.727,0.43,10,14,43,0,0,38,0.203,145,55,38,RF,MLB
177,fa,26,115,Braxton Fulford,690924,24,4,6,0,1,1,0.269,0.727,0.458,8,1,11,0,0,9,0.25,26,11,9,C,MLB
178,fa,33,137,Wilmer Flores,527038,266,31,67,7,0,11,0.324,0.726,0.402,54,24,54,1,0,120,0.252,296,107,75,1B,MLB
179,fa,24,113,Rece Hinds,677956,19,2,3,1,0,2,0.2,0.726,0.526,3,1,10,0,0,8,0.158,20,10,7,RF,MLB
180,fa,31,109,Lourdes Gurriel Jr.,666971,280,25,72,14,1,10,0.304,0.725,0.421,40,18,44,6,1,117,0.257,306,118,72,LF,MLB
181,fa,26,137,Jung Hoo Lee,808982,286,44,72,17,5,6,0.315,0.724,0.409,34,26,35,6,1,104,0.252,317,117,75,CF,MLB
182,fa,24,147,Anthony Volpe,683011,275,33,64,20,2,9,0.306,0.724,0.418,41,28,78,8,7,145,0.233,311,115,77,SS,MLB
183,fa,26,110,Jordan Westburg,676059,131,20,30,4,1,7,0.289,0.724,0.435,14,9,37,1,1,47,0.229,142,57,34,3B,MLB
184,fa,32,145,Austin Slater,596103,68,10,16,5,0,2,0.325,0.722,0.397,5,9,26,0,0,37,0.235,78,27,32,RF,MLB
185,fa,24,111,Ceddanne Rafaela,678882,254,41,65,13,2,8,0.304,0.721,0.417,30,14,58,11,1,106,0.256,276,106,75,CF,MLB
186,fa,25,147,Austin Wells,669224,218,26,48,13,1,11,0.28,0.72,0.44,44,16,61,3,1,106,0.22,246,96,66,C,MLB
187,fa,26,110,Dylan Carlson,666185,100,10,26,4,0,4,0.299,0.719,0.42,12,6,28,2,2,36,0.26,107,42,37,LF,MLB
188,fa,34,138,Nolan Arenado,571448,279,37,70,11,1,10,0.313,0.718,0.405,39,23,32,1,0,140,0.251,307,113,73,3B,MLB
189,fa,30,117,Mauricio Dubón,643289,145,19,37,9,0,5,0.297,0.718,0.421,18,9,13,2,0,79,0.255,156,61,55,2B,MLB
190,fa,33,109,Randal Grichuk,545341,115,17,28,10,1,3,0.291,0.717,0.426,15,9,26,0,0,50,0.243,127,49,50,RF,MLB
191,fa,24,142,Brooks Lee,686797,223,20,62,7,0,7,0.312,0.716,0.404,28,11,46,1,1,84,0.278,237,90,62,3B,MLB
192,fa,25,158,Brice Turang,668930,285,50,78,11,0,5,0.351,0.716,0.365,31,35,72,16,6,100,0.274,326,104,76,2B,MLB
193,fa,29,143,Edmundo Sosa,624641,104,12,29,6,0,2,0.321,0.715,0.394,16,6,23,0,0,34,0.279,113,41,39,2B,MLB
194,fa,28,111,Jarren Duran,680776,335,40,86,19,8,5,0.309,0.715,0.406,38,21,86,15,5,117,0.257,364,136,79,LF,MLB
195,fa,27,113,Will Benson,666181,108,15,23,5,0,6,0.288,0.714,0.426,21,12,34,1,2,51,0.213,125,46,37,RF,MLB
196,fa,27,138,Lars Nootbaar,663457,288,42,66,13,0,10,0.335,0.713,0.378,33,43,73,4,4,136,0.229,337,109,75,LF,MLB
197,fa,27,143,Brandon Marsh,669016,148,20,38,9,1,2,0.341,0.713,0.372,16,20,42,3,1,66,0.257,171,55,58,CF,MLB
198,fa,22,147,Jasson Domínguez,691176,211,32,51,11,0,6,0.333,0.712,0.379,27,30,69,10,1,98,0.242,246,80,65,LF,MLB
199,fa,31,112,Dansby Swanson,621020,294,43,70,10,1,14,0.29,0.712,0.422,39,23,87,7,2,136,0.238,322,124,77,SS,MLB
200,fa,31,140,Corey Seager,608369,175,20,41,6,0,7,0.322,0.711,0.389,16,22,41,0,0,74,0.234,199,68,47,SS,MLB
201,fa,27,158,William Contreras,661388,266,38,65,11,0,6,0.358,0.711,0.353,34,49,62,5,0,118,0.244,318,94,74,C,MLB
202,fa,30,142,Ty France,664034,278,34,74,14,0,6,0.328,0.709,0.381,42,13,46,1,0,115,0.266,305,106,76,1B,MLB
203,fa,35,147,Giancarlo Stanton,519317,23,0,7,1,0,0,0.36,0.708,0.348,1,2,9,0,0,15,0.304,25,8,7,DH,MLB
204,fa,26,139,Christopher Morel,666624,156,24,35,11,0,6,0.297,0.707,0.41,18,14,59,4,2,61,0.224,172,64,57,LF,MLB
205,fa,30,113,Jake Fraley,641584,125,24,28,4,0,5,0.331,0.707,0.376,17,19,28,4,2,44,0.224,145,47,47,RF,MLB
206,fa,32,136,Dylan Moore,664238,153,23,35,4,0,8,0.29,0.702,0.412,16,14,56,9,4,71,0.229,169,63,59,2B,MLB
207,fa,31,117,Victor Caratini,605170,163,17,41,7,0,5,0.315,0.702,0.387,17,10,32,0,0,68,0.252,181,63,52,C,MLB
208,fa,29,120,Nathaniel Lowe,663993,298,33,69,12,0,13,0.298,0.701,0.403,52,28,88,1,0,117,0.232,329,120,79,1B,MLB
209,fa,28,135,Luis Arraez,650333,294,36,82,16,4,3,0.309,0.7,0.391,29,13,6,3,1,118,0.279,315,115,72,1B,MLB
210,fa,26,109,Tim Tawa,694374,133,20,30,6,0,6,0.293,0.699,0.406,14,13,39,7,2,69,0.226,151,54,52,2B,MLB
211,fa,25,138,Nolan Gorman,669357,142,21,30,8,1,5,0.311,0.698,0.387,20,22,49,0,1,80,0.211,167,55,50,2B,MLB
212,fa,27,139,Josh Lowe,666139,126,24,29,7,0,4,0.317,0.698,0.381,12,15,33,5,1,56,0.23,143,48,35,RF,MLB
213,fa,30,142,Carlos Correa,621043,245,29,64,14,0,6,0.305,0.697,0.392,24,16,51,0,0,121,0.261,262,96,67,SS,MLB
214,fa,23,138,Masyn Winn,691026,254,47,64,13,0,6,0.322,0.696,0.374,25,24,52,4,5,101,0.252,284,95,67,SS,MLB
215,fa,32,143,Max Kepler,596146,232,32,49,14,0,9,0.303,0.691,0.388,27,28,54,0,0,116,0.211,264,90,71,LF,MLB
216,fa,25,146,Xavier Edwards,669364,242,28,70,7,1,0,0.363,0.689,0.326,16,28,40,14,6,69,0.289,275,79,61,SS,MLB
217,fa,24,119,Dalton Rushing,687221,45,8,11,2,0,1,0.333,0.689,0.356,9,6,24,0,0,23,0.244,51,16,16,C,MLB
218,fa,32,140,Adolis García,666969,262,26,61,17,0,9,0.285,0.686,0.401,37,18,71,7,2,124,0.233,288,105,74,RF,MLB
219,fa,31,110,Ramón Urías,602104,184,20,47,7,0,5,0.311,0.686,0.375,25,17,42,1,0,91,0.255,209,69,55,3B,MLB
220,fa,39,114,Carlos Santana,467793,250,34,59,6,0,8,0.329,0.685,0.356,36,33,51,4,0,110,0.236,289,89,71,1B,MLB
221,fa,30,139,Matt Thaiss,642136,117,15,27,5,0,1,0.385,0.684,0.299,13,28,36,1,1,48,0.231,149,35,45,C,MLB
222,fa,32,158,Eric Haase,606992,47,6,11,2,0,2,0.28,0.684,0.404,7,3,21,0,0,16,0.234,51,19,22,C,MLB
223,fa,28,112,Nico Hoerner,663538,285,41,82,17,1,0,0.33,0.684,0.354,31,15,22,14,3,110,0.288,306,101,74,2B,MLB
224,fa,28,133,Max Schuemann,680474,79,10,18,1,2,1,0.354,0.683,0.329,5,14,15,3,1,38,0.228,96,26,53,3B,MLB
225,fa,34,143,J.T. Realmuto,592663,238,29,59,11,1,5,0.317,0.683,0.366,27,22,63,4,1,97,0.248,262,87,64,C,MLB
226,fa,27,134,Spencer Horwitz,687462,110,14,28,8,0,1,0.322,0.677,0.355,9,10,30,0,0,50,0.255,121,39,31,1B,MLB
227,fa,25,145,Lenyn Sosa,672820,226,20,61,12,1,4,0.289,0.674,0.385,17,6,56,1,0,105,0.27,233,87,64,2B,MLB
228,fa,30,134,Isiah Kiner-Falefa,643396,225,22,62,10,2,1,0.322,0.673,0.351,18,12,38,9,3,89,0.276,245,79,67,SS,MLB
229,fa,32,135,Xander Bogaerts,593428,273,33,68,15,0,4,0.325,0.673,0.348,28,32,52,13,1,130,0.249,311,95,77,SS,MLB
230,fa,23,145,Chase Meidroth,805367,202,25,54,5,0,2,0.351,0.673,0.322,9,26,34,9,3,66,0.267,228,65,55,SS,MLB
231,fa,27,146,Eric Wagaman,676572,267,29,68,16,1,5,0.295,0.673,0.378,28,17,54,2,1,111,0.255,288,101,71,1B,MLB
232,fa,35,118,Salvador Perez,521692,289,19,68,19,0,9,0.277,0.671,0.394,41,14,65,0,0,133,0.235,308,114,74,C,MLB
233,fa,25,121,Brett Baty,683146,171,17,37,4,2,8,0.266,0.67,0.404,24,11,49,3,0,74,0.216,185,69,57,3B,MLB
234,fa,30,134,Bryan Reynolds,668804,288,26,66,12,2,8,0.301,0.669,0.368,39,29,84,3,2,124,0.229,322,106,74,RF,MLB
235,fa,26,118,Nick Loftin,679845,52,7,11,3,2,1,0.263,0.667,0.404,5,4,10,1,1,19,0.212,57,21,18,LF,MLB
236,fa,37,136,Donovan Solano,456781,105,6,27,3,0,3,0.295,0.666,0.371,13,5,25,0,0,61,0.257,112,39,44,1B,MLB
237,fa,28,146,Nick Fortes,663743,94,9,23,4,1,2,0.294,0.666,0.372,9,6,14,0,0,42,0.245,103,35,38,C,MLB
238,fa,33,119,Enrique Hernández,571771,147,21,31,5,0,7,0.278,0.666,0.388,18,14,42,0,0,74,0.211,163,57,64,1B,MLB
239,fa,25,114,Bo Naylor,666310,174,25,31,6,1,9,0.286,0.665,0.379,20,27,57,1,1,71,0.178,204,66,58,C,MLB
240,fa,27,133,JJ Bleday,668709,197,29,39,10,0,8,0.293,0.664,0.371,22,27,53,1,2,79,0.198,225,73,59,CF,MLB
241,fa,23,145,Kyle Teel,691019,35,3,8,2,0,0,0.378,0.664,0.286,1,8,15,1,1,14,0.229,45,10,13,C,MLB
242,fa,26,146,Otto Lopez,672640,224,28,54,7,0,6,0.31,0.663,0.353,27,22,35,8,3,92,0.241,248,79,61,2B,MLB
243,fa,30,144,Eli White,642201,160,24,39,7,3,3,0.28,0.661,0.381,15,7,39,5,1,73,0.244,169,61,60,RF,MLB
244,fa,30,139,Danny Jansen,643376,163,17,32,5,0,7,0.303,0.659,0.356,19,22,46,0,0,85,0.196,188,58,52,C,MLB
245,fa,28,139,José Caballero,676609,175,26,39,11,1,2,0.328,0.659,0.331,22,25,60,29,6,83,0.223,205,58,64,SS,MLB
246,fa,27,140,Josh Jung,673962,251,24,60,10,1,7,0.287,0.658,0.371,30,15,64,4,1,105,0.239,268,93,68,3B,MLB
247,fa,36,147,DJ LeMahieu,518934,98,9,24,3,0,2,0.321,0.658,0.337,10,11,24,0,0,49,0.245,109,33,33,2B,MLB
248,fa,24,138,Victor Scott II,687363,227,34,55,8,1,3,0.331,0.657,0.326,24,23,71,22,1,90,0.242,264,74,73,CF,MLB
249,fa,27,143,Bryson Stott,681082,262,32,63,8,2,5,0.31,0.654,0.344,34,26,52,12,3,112,0.24,291,90,71,2B,MLB
250,fa,33,134,Adam Frazier,624428,213,20,54,9,0,3,0.315,0.653,0.338,20,15,37,6,5,69,0.254,236,72,68,2B,MLB
251,fa,22,145,Edgar Quero,700337,159,8,43,7,0,0,0.339,0.653,0.314,17,15,34,0,1,66,0.27,177,50,51,C,MLB
252,fa,25,113,Matt McLain,680574,241,36,50,7,0,9,0.304,0.653,0.349,27,29,79,11,0,114,0.207,277,84,69,2B,MLB
253,fa,25,114,Gabriel Arias,672356,239,27,55,16,0,5,0.293,0.653,0.36,27,17,82,3,3,91,0.23,264,86,71,SS,MLB
254,fa,28,133,Willie MacIver,680862,41,3,10,3,0,1,0.262,0.652,0.39,3,1,9,2,0,20,0.244,42,16,14,C,MLB
255,fa,33,133,Gio Urshela,570482,105,4,25,10,1,0,0.298,0.65,0.352,14,9,19,0,0,52,0.238,116,37,35,3B,MLB
256,fa,25,146,Connor Norby,681393,194,25,46,10,1,4,0.288,0.649,0.361,20,11,59,6,2,80,0.237,208,70,55,3B,MLB
257,fa,26,115,Michael Toglia,669911,214,17,43,9,1,9,0.27,0.649,0.379,26,20,91,3,0,84,0.201,237,81,61,1B,MLB
258,fa,30,110,Cooper Hummel,669450,15,2,2,0,0,1,0.316,0.649,0.333,2,3,9,0,0,9,0.133,20,5,9,RF,MLB
259,fa,34,145,Michael A. Taylor,572191,140,20,29,9,1,4,0.277,0.648,0.371,17,14,59,7,2,60,0.207,156,52,68,RF,MLB
260,fa,25,158,Caleb Durbin,702332,187,25,43,10,0,3,0.316,0.648,0.332,26,13,21,6,3,76,0.23,217,62,58,3B,MLB
261,fa,25,109,Alek Thomas,677950,200,22,49,9,2,3,0.293,0.648,0.355,19,10,52,4,2,92,0.245,216,71,68,CF,MLB
262,fa,32,111,Trevor Story,596115,294,35,69,7,0,11,0.277,0.648,0.371,39,14,95,11,0,136,0.235,312,109,76,SS,MLB
263,fa,34,117,Christian Walker,572233,285,32,62,10,1,10,0.283,0.648,0.365,37,22,86,0,0,138,0.218,314,104,75,1B,MLB
264,fa,26,117,Yainer Diaz,673237,263,29,62,9,1,9,0.268,0.648,0.38,30,10,52,0,1,128,0.236,276,100,68,C,MLB
265,fa,25,143,Otto Kemp,805249,50,8,13,3,0,0,0.327,0.647,0.32,6,1,15,1,2,17,0.26,55,16,14,3B,MLB
266,fa,23,108,Kyren Paris,677347,126,20,24,4,1,6,0.266,0.647,0.381,11,10,59,7,1,31,0.19,140,48,43,2B,MLB
267,fa,22,111,Marcelo Mayer,691785,70,11,13,3,0,4,0.247,0.647,0.4,6,6,24,0,0,36,0.186,77,28,25,3B,MLB
268,fa,27,113,Spencer Steer,668715,264,30,62,12,1,6,0.29,0.646,0.356,26,20,72,6,1,108,0.235,286,94,72,1B,MLB
269,fa,28,118,Jonathan India,663697,269,29,64,13,0,4,0.315,0.646,0.331,22,28,43,0,3,74,0.238,302,89,70,3B,MLB
270,fa,28,134,Joey Bart,663698,166,9,40,5,1,1,0.344,0.645,0.301,13,23,48,1,0,78,0.241,192,50,50,C,MLB
271,fa,26,118,Drew Waters,671221,187,21,49,6,3,1,0.303,0.645,0.342,14,9,51,5,2,86,0.262,198,64,61,LF,MLB
272,fa,26,141,Davis Schneider,676914,42,7,8,1,0,1,0.358,0.644,0.286,5,10,15,0,0,28,0.19,53,12,20,LF,MLB
273,fa,30,118,Freddy Fermin,666023,132,12,34,4,0,2,0.31,0.643,0.333,8,9,23,0,1,51,0.258,143,44,45,C,MLB
274,fa,29,137,Daniel Johnson,669288,21,4,4,1,0,1,0.261,0.642,0.381,1,2,7,1,0,3,0.19,23,8,10,OF,MLB
275,fa,29,137,Willy Adames,642715,288,42,60,11,1,9,0.294,0.641,0.347,33,36,86,3,2,114,0.208,331,100,77,SS,MLB
276,fa,36,119,Miguel Rojas,500743,101,11,24,4,0,3,0.274,0.64,0.366,8,5,15,0,0,51,0.238,107,37,46,2B,MLB
277,fa,34,115,Kyle Farmer,571657,172,8,40,14,0,3,0.273,0.639,0.366,17,9,39,0,0,73,0.233,183,63,56,2B,MLB
278,fa,34,140,Marcus Semien,543760,275,29,61,8,1,7,0.303,0.638,0.335,32,32,58,6,1,104,0.222,314,92,78,2B,MLB
279,fa,32,120,Josh Bell,605137,233,23,46,4,1,10,0.282,0.634,0.352,28,25,48,0,1,106,0.197,262,82,67,1B,MLB
280,fa,28,118,Kyle Isbel,664728,181,19,45,6,3,3,0.268,0.633,0.365,15,6,35,2,1,74,0.249,198,66,68,CF,MLB
281,fa,24,139,Chandler Simpson,802415,123,17,35,4,0,0,0.315,0.632,0.317,11,6,14,19,3,40,0.285,133,39,35,CF,MLB
282,fa,30,141,Myles Straw,664702,129,19,34,7,0,1,0.291,0.632,0.341,14,5,17,5,1,62,0.264,139,44,61,CF,MLB
283,fa,29,136,Miles Mastrobuoni,670156,120,17,30,3,0,1,0.331,0.631,0.3,9,15,22,4,3,48,0.25,139,36,57,2B,MLB
284,fa,23,114,Angel Martínez,682657,209,24,50,10,1,5,0.261,0.629,0.368,25,6,45,5,0,86,0.239,220,77,60,CF,MLB
285,fa,26,138,Pedro Pagés,686780,181,22,40,9,0,5,0.272,0.626,0.354,22,12,47,0,0,96,0.221,197,64,59,C,MLB
286,fa,28,144,Ozzie Albies,645277,298,34,67,11,1,6,0.297,0.626,0.329,27,28,56,7,1,140,0.225,330,98,77,2B,MLB
287,fa,27,114,Nolan Jones,666134,176,13,38,8,1,3,0.302,0.626,0.324,19,20,51,4,3,72,0.216,200,57,68,RF,MLB
288,fa,34,136,Mitch Garver,641598,120,13,25,3,0,3,0.317,0.625,0.308,16,18,41,3,0,67,0.208,139,37,44,C,MLB
289,fa,29,121,Luis Torrens,620443,131,7,29,9,1,1,0.297,0.625,0.328,13,13,31,0,0,52,0.221,145,43,47,C,MLB
290,fa,29,140,Jonah Heim,641680,196,17,44,5,0,7,0.263,0.62,0.357,20,10,48,3,0,68,0.224,209,70,59,C,MLB
291,fa,31,121,Tyrone Taylor,621438,211,22,48,10,3,2,0.287,0.619,0.332,15,10,50,9,1,85,0.227,232,70,71,CF,MLB
292,fa,32,110,Gary Sánchez,596142,53,7,11,0,0,2,0.295,0.616,0.321,11,2,16,0,0,13,0.208,61,17,20,C,MLB
293,fa,22,146,Javier Sanoja,691594,156,18,37,10,1,1,0.278,0.611,0.333,15,10,25,3,4,61,0.237,173,52,61,2B,MLB
294,fa,23,112,Matt Shaw,807713,160,22,35,9,0,2,0.298,0.611,0.313,9,16,37,8,1,84,0.219,178,50,48,3B,MLB
295,fa,28,139,Taylor Walls,670764,176,25,39,7,1,2,0.302,0.609,0.307,25,22,43,9,6,77,0.222,203,54,66,SS,MLB
296,fa,29,121,Jared Young,676724,40,4,6,1,0,3,0.209,0.609,0.4,4,2,15,0,0,15,0.15,43,16,17,LF,MLB
297,fa,29,144,Alex Verdugo,657077,182,20,45,10,0,0,0.305,0.607,0.302,12,13,28,1,0,73,0.247,197,55,51,LF,MLB
298,fa,25,116,Parker Meadows,678009,58,8,10,2,1,2,0.262,0.607,0.345,7,7,16,2,0,16,0.172,65,20,17,CF,MLB
299,fa,25,120,Jacob Young,696285,142,17,34,5,1,0,0.316,0.605,0.289,6,14,22,6,8,54,0.239,165,41,55,CF,MLB
300,fa,24,136,Ben Williamson,810938,193,27,49,8,0,1,0.291,0.602,0.311,13,9,52,2,1,79,0.254,204,60,56,3B,MLB
301,fa,25,134,Henry Davis,680779,101,12,19,3,0,4,0.261,0.598,0.337,11,9,27,0,0,56,0.188,114,34,34,C,MLB
302,fa,26,120,Keibert Ruiz,660688,247,19,61,12,0,2,0.278,0.598,0.32,24,8,24,0,2,97,0.247,259,79,66,C,MLB
303,fa,36,108,Travis d'Arnaud,518595,115,6,24,6,0,3,0.258,0.597,0.339,10,6,41,0,0,54,0.209,124,39,36,C,MLB
304,fa,25,113,Christian Encarnacion-Strand,687952,102,10,20,3,0,5,0.222,0.595,0.373,12,2,25,0,2,47,0.196,108,38,27,1B,MLB
305,fa,22,118,Jac Caglianone,695506,64,3,13,3,0,2,0.25,0.594,0.344,4,3,13,0,0,24,0.203,68,22,17,OF,MLB
306,fa,25,116,Trey Sweeney,700242,203,27,45,5,1,4,0.278,0.593,0.315,23,17,57,2,1,95,0.222,223,64,69,SS,MLB
307,fa,30,135,Tyler Wade,642180,100,12,22,1,2,0,0.322,0.592,0.27,9,14,30,1,2,45,0.22,119,27,51,CF,MLB
308,fa,28,158,Andruw Monasterio,655316,26,4,5,2,0,0,0.323,0.592,0.269,2,5,7,0,0,16,0.192,31,7,19,SS,MLB
309,fa,34,135,Elias Díaz,553869,160,20,33,5,0,4,0.278,0.591,0.313,11,15,46,0,0,87,0.206,177,50,61,C,MLB
310,fa,25,134,Alexander Canario,672744,140,15,30,3,1,3,0.276,0.59,0.314,10,12,49,2,1,74,0.214,152,44,46,LF,MLB
311,fa,25,141,Alan Roden,702176,92,12,19,4,1,1,0.283,0.587,0.304,8,7,22,0,0,44,0.207,106,28,40,LF,MLB
312,fa,30,113,Santiago Espinal,669289,221,19,54,10,0,0,0.295,0.585,0.29,12,16,25,2,1,105,0.244,239,64,69,3B,MLB
313,fa,29,145,Ryan Noda,676116,19,1,2,0,0,1,0.32,0.583,0.263,1,6,12,0,0,6,0.105,25,5,9,1B,MLB
314,fa,23,141,Jonatan Clase,682729,84,8,17,3,0,2,0.272,0.582,0.31,7,7,25,3,0,33,0.202,93,26,27,LF,MLB
315,fa,22,133,Max Muncy,691777,128,9,25,4,0,5,0.235,0.579,0.344,16,6,44,1,0,59,0.195,136,44,38,2B,MLB
316,fa,35,140,Kyle Higashioka,543309,120,10,27,6,0,1,0.279,0.579,0.3,16,7,22,0,0,51,0.225,129,36,38,C,MLB
317,fa,24,144,Michael Harris II,671739,294,17,65,11,2,6,0.245,0.578,0.333,43,10,63,11,3,144,0.221,313,98,77,CF,MLB
318,fa,24,143,Johan Rojas,679032,121,17,27,2,2,1,0.278,0.576,0.298,15,10,34,9,2,63,0.223,137,36,57,CF,MLB
319,fa,27,134,Jared Triolo,669707,120,11,21,6,0,3,0.275,0.575,0.3,9,16,22,5,1,58,0.175,140,36,48,SS,MLB
320,fa,34,139,Travis Jankowski,608671,45,7,11,2,0,0,0.286,0.575,0.289,2,3,12,2,0,16,0.244,49,13,21,RF,MLB
321,fa,26,141,Andrés Giménez,665926,177,22,34,6,0,4,0.28,0.574,0.294,14,14,32,9,1,89,0.192,201,52,51,2B,MLB
322,fa,27,145,Luis Robert Jr.,673357,245,26,45,8,0,7,0.271,0.573,0.302,31,29,88,22,6,121,0.184,281,74,71,CF,MLB
323,fa,36,118,Mark Canha,592192,97,8,23,3,0,0,0.303,0.571,0.268,4,7,20,0,1,48,0.237,109,26,41,LF,MLB
324,fa,22,120,Daylen Lile,695734,57,6,10,4,1,1,0.238,0.571,0.333,3,4,14,1,2,32,0.175,64,19,18,RF,MLB
325,fa,28,134,Ke'Bryan Hayes,663647,268,22,62,4,2,2,0.285,0.569,0.284,22,16,59,9,2,123,0.231,289,76,73,3B,MLB
326,fa,28,109,Jose Herrera,645444,95,11,18,4,0,1,0.306,0.569,0.263,8,16,28,0,0,38,0.189,118,25,33,C,MLB
327,fa,24,115,Ryan Ritter,690022,51,7,11,1,2,0,0.255,0.569,0.314,6,2,21,0,0,19,0.216,56,16,15,SS,MLB
328,fa,27,115,Brenton Doyle,686668,253,26,50,10,2,5,0.255,0.567,0.312,25,20,69,8,0,95,0.198,275,79,66,CF,MLB
329,fa,22,120,Brady House,691781,32,0,8,1,0,0,0.286,0.567,0.281,3,2,6,2,0,12,0.25,35,9,8,3B,MLB
330,fa,37,134,Tommy Pham,502054,162,15,35,6,0,1,0.293,0.565,0.272,14,18,48,3,1,73,0.216,184,44,53,LF,MLB
331,fa,32,119,Michael Conforto,624424,212,27,35,10,0,4,0.296,0.565,0.269,13,33,63,1,0,97,0.165,253,57,68,LF,MLB
332,fa,35,135,Jose Iglesias,578428,146,10,34,5,0,0,0.296,0.563,0.267,19,9,26,2,1,55,0.233,164,39,54,2B,MLB
333,fa,23,138,Jordan Walker,691023,176,21,37,4,1,3,0.267,0.562,0.295,23,12,63,3,2,94,0.21,191,52,55,RF,MLB
334,fa,21,111,Roman Anthony,701350,39,5,5,2,0,1,0.306,0.562,0.256,5,9,12,1,0,19,0.128,49,10,13,CF,MLB
335,fa,30,116,Jake Rogers,668670,48,6,9,2,1,0,0.291,0.562,0.271,4,7,11,0,0,18,0.188,55,13,18,C,MLB
336,fa,28,108,Luis Rengifo,650859,242,20,53,7,0,4,0.263,0.561,0.298,18,14,45,2,5,80,0.219,260,72,71,3B,MLB
337,fa,24,121,Ronny Mauricio,677595,50,5,9,1,0,2,0.241,0.561,0.32,3,3,18,2,0,25,0.18,54,16,15,SS,MLB
338,fa,21,136,Cole Young,702284,59,6,14,3,0,0,0.27,0.558,0.288,7,3,17,0,0,26,0.237,64,17,18,2B,MLB
339,fa,26,144,Nick Allen,669397,197,21,44,7,0,0,0.297,0.556,0.259,13,19,48,6,4,85,0.223,225,51,68,SS,MLB
340,fa,32,113,Connor Joe,656582,58,2,12,4,0,0,0.273,0.549,0.276,4,6,17,2,2,28,0.207,66,16,29,RF,MLB
341,fa,26,143,Rafael Marchán,665561,49,5,8,2,0,1,0.281,0.546,0.265,5,7,10,0,0,32,0.163,57,13,20,C,MLB
342,fa,31,108,LaMonte Wade Jr.,664774,163,15,28,8,2,1,0.28,0.544,0.264,15,22,43,1,0,83,0.172,191,43,59,1B,MLB
343,fa,26,158,Joey Ortiz,687401,245,29,52,8,0,2,0.272,0.541,0.269,14,17,46,8,3,114,0.212,270,66,77,SS,MLB
344,fa,27,118,John Rave,670231,34,2,7,3,0,0,0.243,0.537,0.294,3,2,11,2,1,18,0.206,39,10,20,RF,MLB
345,fa,40,112,Justin Turner,457759,101,7,20,2,0,1,0.286,0.534,0.248,12,13,20,1,0,41,0.198,119,25,42,1B,MLB
346,fa,26,137,Patrick Bailey,672275,173,19,33,9,1,1,0.259,0.531,0.272,16,17,62,0,0,80,0.191,195,47,60,C,MLB
347,fa,38,135,Martín Maldonado,455117,103,7,19,3,0,3,0.229,0.53,0.301,7,6,40,0,0,35,0.184,113,31,44,C,MLB
348,fa,23,110,Coby Mayo,691723,56,4,11,4,0,0,0.262,0.53,0.268,4,5,16,1,0,28,0.196,61,15,18,3B,MLB
349,fa,27,137,Christian Koss,683766,73,7,16,0,0,1,0.269,0.529,0.26,9,4,22,1,0,40,0.219,81,19,34,2B,MLB
350,fa,29,144,Stuart Fairchild,656413,33,7,6,1,1,0,0.25,0.523,0.273,2,3,9,2,1,16,0.182,36,9,22,RF,MLB
351,fa,30,115,Orlando Arcia,606115,88,5,18,2,1,1,0.239,0.523,0.284,5,4,18,0,0,39,0.205,92,25,31,SS,MLB
352,fa,34,142,Christian Vázquez,543877,123,10,22,6,0,2,0.244,0.52,0.276,9,11,24,0,1,63,0.179,135,34,41,C,MLB
353,fa,25,147,Oswald Peraza,672724,114,13,18,5,0,3,0.238,0.519,0.281,13,11,34,0,0,57,0.158,126,32,50,3B,MLB
354,fa,29,114,David Fry,681807,33,3,5,1,0,1,0.243,0.516,0.273,3,3,16,1,0,21,0.152,37,9,15,1B,MLB
355,fa,22,108,Christian Moore,695681,32,3,5,0,1,1,0.2,0.513,0.313,3,2,12,0,0,14,0.156,36,10,11,2B,MLB
356,fa,25,114,Johnathan Rodríguez,671286,29,3,5,2,1,0,0.2,0.51,0.31,1,1,11,0,0,12,0.172,30,9,12,RF,MLB
357,fa,28,158,Daz Cameron,663662,41,7,8,1,0,1,0.214,0.507,0.293,3,1,13,1,0,13,0.195,42,12,21,RF,MLB
358,fa,27,111,David Hamilton,666152,105,14,19,3,0,3,0.211,0.506,0.295,10,3,30,12,3,44,0.181,111,31,53,2B,MLB
359,fa,27,108,Gustavo Campero,672569,15,1,3,0,0,0,0.294,0.494,0.2,0,2,2,1,0,6,0.2,17,3,7,RF,MLB
360,fa,35,112,Jon Berti,542932,82,12,17,2,0,0,0.261,0.493,0.232,2,4,20,8,1,39,0.207,88,19,38,3B,MLB
361,fa,30,145,Josh Rojas,668942,115,8,21,5,0,0,0.258,0.484,0.226,6,12,35,4,1,52,0.183,129,26,41,3B,MLB
362,fa,27,138,Jose Barrero,676480,29,4,4,1,0,1,0.194,0.47,0.276,3,1,9,0,0,17,0.138,31,8,22,SS,MLB
363,fa,25,133,Denzel Clarke,672016,84,9,16,2,0,1,0.218,0.468,0.25,3,2,39,4,0,42,0.19,87,21,27,CF,MLB
364,fa,32,114,Austin Hedges,595978,63,5,7,0,0,3,0.208,0.462,0.254,4,8,25,1,0,32,0.111,73,16,28,C,MLB
365,fa,22,140,Alejandro Osuna,696030,34,1,5,0,0,0,0.293,0.44,0.147,1,6,11,0,2,17,0.147,41,5,15,LF,MLB
366,fa,29,142,Jonah Bride,681146,109,7,18,2,0,0,0.246,0.429,0.183,5,11,38,0,0,49,0.165,122,20,43,3B,MLB
367,fa,26,140,Ezequiel Duran,677649,56,4,8,4,0,0,0.21,0.424,0.214,2,2,19,0,0,23,0.143,62,12,26,SS,MLB
368,fa,29,111,Connor Wong,657136,70,6,11,0,0,0,0.259,0.416,0.157,1,9,18,1,0,46,0.157,81,11,29,C,MLB
369,fa,29,114,Lane Thomas,657041,93,5,14,1,0,1,0.221,0.415,0.194,6,8,32,3,0,49,0.151,104,18,29,CF,MLB
370,fa,28,144,Luke Williams,663897,14,3,2,1,0,0,0.2,0.414,0.214,2,0,3,3,0,16,0.143,15,3,18,SS,MLB
371,fa,27,112,Vidal Bruján,660644,31,5,5,2,0,0,0.188,0.414,0.226,2,1,8,2,1,17,0.161,32,7,25,3B,MLB
372,fa,28,121,Hayden Senger,663584,29,3,5,1,0,0,0.2,0.407,0.207,0,1,10,0,0,9,0.172,30,6,14,C,MLB
373,fa,28,120,Riley Adams,656180,62,6,6,1,0,3,0.125,0.383,0.258,8,1,28,0,0,29,0.097,64,16,22,C,MLB
374,fa,31,108,Scott Kingery,664068,21,2,3,1,0,0,0.182,0.372,0.19,0,1,8,1,0,12,0.143,22,4,10,2B,MLB
375,fa,29,117,César Salazar,663967,6,0,1,0,0,0,0.167,0.334,0.167,0,0,1,0,0,4,0.167,6,1,6,C,MLB
376,fa,30,137,Andrew Knizner,668800,24,3,2,0,0,1,0.12,0.328,0.208,1,1,4,0,0,13,0.083,25,5,9,C,MLB
377,fa,28,145,Vinny Capra,681962,91,10,10,2,0,1,0.144,0.309,0.165,6,3,23,2,0,54,0.11,99,15,44,3B,MLB
378,fa,30,117,Luis Guillorme,641645,16,1,2,0,0,0,0.176,0.301,0.125,0,1,7,0,0,11,0.125,17,2,8,2B,MLB
379,fa,30,110,Chadwick Tromp,644433,13,1,1,1,0,0,0.143,0.297,0.154,0,1,6,0,0,11,0.077,14,2,5,C,MLB
380,fa,28,142,DaShawn Keirsey Jr.,680577,67,7,7,0,0,1,0.143,0.292,0.149,4,2,22,5,3,33,0.104,70,10,49,RF,MLB
381,fa,27,109,Jake McCarthy,664983,41,2,3,1,0,0,0.17,0.268,0.098,3,4,6,1,0,22,0.073,47,4,14,CF,MLB
382,fa,27,118,Tyler Tolbert,686475,8,3,1,0,0,0,0.125,0.25,0.125,0,0,3,8,0,8,0.125,8,1,16,2B,MLB
383,fa,26,146,Jack Winkler,676466,9,0,1,0,0,0,0.111,0.222,0.111,0,0,4,0,0,4,0.111,9,1,6,2B,MLB
384,fa,26,137,Brett Wisely,689172,10,1,0,0,0,0,0.0,0.0,0.0,2,0,3,0,1,6,0.0,12,0,6,2B,MLB
385,fa,34,112,Colin Rea,607067,1,0,0,0,0,0,0.0,0.0,0.0,0,0,1,0,0,1,0.0,1,0,16,P,MLB
