rank,team,age,teamId,full_name,playerId,atBats,runs,hits,doubles,triples,homeRuns,obp,ops,slg,rbi,baseOnBalls,strikeOuts,stolenBases,caughtStealing,leftOnBase,totalBases,avg,position,sportAbbrev
1,ari,23,,Ryan Waldschmidt,814439,484,114,140,27,4,18,.419,.892,.473,78,96,106,29,10,235,229,.289,OF,ALL (2)
1,kc,22,,Carter Jensen,695600,487,84,142,26,5,23,.379,.886,.507,89,69,134,10,1,199,247,.292,C,ALL (3)
1,bal,21,,Samuel Basallo,694212,379,59,91,23,0,27,.337,.852,.515,82,50,106,0,0,172,195,.240,C,ALL (2)
1,cle,23,,Travis Bazzana,683953,302,71,74,17,5,9,.389,.813,.424,39,66,91,12,2,110,128,.245,2B,ALL (3)
1,hou,23,,Brice Matthews,694728,461,76,116,18,7,21,.359,.817,.458,73,72,159,42,11,214,211,.252,SS,ALL (2)
1,bos,20,,Franklin Arias,808265,479,62,133,27,1,8,.335,.723,.388,66,38,53,12,9,169,186,.278,SS,ALL (3)
1,tb,22,,Carson Williams,700246,488,83,100,15,5,28,.299,.727,.428,67,62,198,24,7,226,209,.205,SS,ALL (2)
1,tex,19,,Sebastian Walcott,806964,474,71,121,19,2,13,.355,.741,.386,59,70,108,32,10,209,183,.255,SS,AA
1,mil,18,,Jesús Made,815908,453,81,129,28,6,6,.379,.792,.413,61,67,108,47,13,193,187,.285,SS,ALL (3)
1,la,20,,Josue De Paula,800543,360,65,90,16,1,12,.391,.791,.400,44,82,91,32,8,171,144,.250,CF,ALL (2)
1,pit,19,,Konnor Griffin,804606,484,117,161,23,4,21,.415,.942,.527,94,50,122,65,13,180,255,.333,SS,ALL (3)
1,col,18,,Ethan Holliday,815787,71,14,17,4,0,2,.357,.737,.380,6,12,33,0,0,32,27,.239,SS,A
1,sd,19,,Ethan Salas,806956,32,5,6,1,0,0,.325,.544,.219,5,6,5,2,0,12,7,.188,C,AA
1,oak,19,,Leo De Vries,815888,455,72,116,28,8,15,.355,.806,.451,74,66,107,11,8,204,205,.255,SS,ALL (3)
1,cin,22,,Sal Stewart,701398,492,89,149,35,0,25,.373,.899,.526,88,49,92,17,3,190,259,.303,3B,ALL (3)
1,det,21,,Kevin McGonigle,805808,331,68,101,31,2,19,.408,.991,.583,80,59,46,10,7,145,193,.305,SS,ALL (3)
1,min,20,,Walker Jenkins,805805,308,56,88,17,2,10,.399,.850,.451,34,50,76,17,4,130,139,.286,OF,ALL (4)
1,stl,23,,JJ Wetherholt,802139,408,82,125,28,2,17,.421,.931,.510,59,72,73,23,3,162,208,.306,SS,ALL (2)
1,chc,23,,Owen Caissie,683357,396,78,111,29,2,23,.376,.914,.538,59,58,132,5,4,171,213,.280,RF,ALL (2)
1,was,18,,Eli Willits,816113,50,7,15,1,1,0,.397,.757,.360,5,7,12,2,0,18,18,.300,SS,A
1,cws,22,,Braden Montgomery,695731,448,64,121,34,4,12,.360,.804,.444,68,57,130,14,7,192,199,.270,OF,ALL (3)
1,nyy,20,,George Lombard Jr.,806146,473,90,111,32,5,9,.367,.748,.381,49,87,146,35,8,172,180,.235,SS,ALL (2)
1,sf,21,,Bryce Eldridge,805811,412,47,103,23,0,25,.330,.818,.488,88,49,140,1,1,199,201,.250,1B,ALL (4)
1,sea,20,,Colt Emerson,806068,506,82,144,28,6,16,.383,.841,.458,78,71,105,14,5,225,232,.285,SS,ALL (3)
2,bal,24,,Dylan Beavers,687637,452,94,129,19,3,22,.409,.896,.487,65,94,112,25,7,148,220,.285,RF,ALL (2)
2,tex,18,,Gavin Fien,815818,41,4,9,3,1,0,.267,.608,.341,7,3,11,1,0,21,14,.220,SS,A
2,kc,21,,Blake Mitchell,805810,197,28,43,9,1,3,.390,.710,.320,19,53,81,12,5,93,63,.218,C,ALL (2)
2,was,22,,Harry Ford,695670,380,69,107,18,0,16,.406,.861,.455,75,74,91,7,4,200,173,.282,C,ALL (2)
2,la,20,,Zyhir Hope,814307,458,69,122,29,3,13,.376,.804,.428,80,79,143,27,6,249,196,.266,CF,ALL (2)
2,col,22,,Charlie Condon,809707,365,59,98,16,3,14,.376,.820,.444,58,52,112,2,2,168,162,.268,OF,ALL (3)
2,cle,24,,Chase DeLauter,800050,148,28,39,8,1,7,.379,.852,.473,24,28,28,1,0,63,70,.264,RF,ALL (2)
2,tb,20,,Theo Gillen,815394,243,62,65,12,1,5,.433,.820,.387,18,64,75,36,3,96,94,.267,OF,A
2,det,21,,Max Clark,703601,431,85,117,17,5,14,.403,.835,.432,67,94,90,19,2,168,186,.271,OF,ALL (2)
2,mia,22,,Aiva Arquette,804109,99,11,24,5,0,1,.350,.673,.323,10,17,27,7,2,55,32,.242,SS,A+
2,mil,19,,Luis Peña,821270,374,69,101,18,6,9,.335,.757,.422,64,34,68,44,7,169,158,.270,SS,ALL (2)
2,sf,18,,Josuar Gonzalez,829034,191,52,55,10,5,4,.404,.859,.455,24,37,36,33,5,84,87,.288,SS,ROK
2,ari,19,,Slade Caldwell,815154,407,83,106,29,3,3,.408,.777,.369,38,91,138,25,10,170,150,.260,OF,ALL (2)
2,cin,19,,Alfredo Duno,806957,390,78,112,32,2,18,.430,.948,.518,81,95,91,6,6,165,202,.287,C,A
2,chc,22,,Moises Ballesteros,694208,503,74,158,31,2,15,.386,.859,.473,87,58,79,5,2,223,238,.314,C,ALL (2)
2,min,23,,Kaelen Culpepper,701785,454,77,131,16,3,20,.375,.844,.469,64,50,90,25,4,151,213,.289,SS,ALL (2)
2,nym,22,,Carson Benge,701807,441,87,124,25,7,15,.385,.857,.472,73,68,92,22,4,173,208,.281,OF,ALL (3)
2,phi,21,,Aidan Miller,805795,432,82,114,27,2,14,.392,.825,.433,42,82,123,59,15,162,187,.264,SS,ALL (2)
3,mil,21,,Cooper Pratt,806198,437,71,104,22,1,8,.343,.691,.348,62,67,80,31,5,195,152,.238,SS,AA
3,stl,19,,Rainiel Rodriguez,823787,301,59,83,22,1,20,.399,.954,.555,63,54,65,4,5,138,167,.276,C,ALL (3)
3,tor,20,,Arjun Nimmala,805796,473,70,106,29,3,13,.313,.694,.381,61,55,116,17,3,234,180,.224,SS,A+
3,sea,21,,Lazaro Montes,703155,490,76,118,19,7,32,.354,.858,.504,89,83,169,7,3,268,247,.241,OF,ALL (2)
3,atl,19,,Tate Southisene,816111,64,10,14,3,1,0,.242,.539,.297,6,1,27,3,0,26,19,.219,SS,A
3,det,21,,Josue Briceño,800522,364,60,97,19,3,20,.383,.883,.500,76,66,87,1,1,167,182,.266,C,ALL (2)
3,hou,23,,Walker Janek,801075,358,58,94,21,2,12,.333,.766,.433,46,30,106,30,2,145,155,.263,C,A+
3,cle,21,,Angel Genao,694197,335,49,88,17,4,5,.332,.714,.382,42,35,58,6,1,154,128,.263,3B,ALL (2)
3,sf,21,,Gavin Kilen,702264,39,5,8,1,1,0,.279,.561,.282,5,3,5,0,0,19,11,.205,SS,A
3,la,20,,Eduardo Quintero,808234,433,101,127,22,7,19,.415,.923,.508,69,88,123,47,13,210,220,.293,OF,ALL (2)
3,col,23,,Cole Carrigg,694249,477,81,113,18,6,15,.316,.710,.394,64,45,145,46,10,182,188,.237,OF,AA
3,ari,19,,Kayson Cunningham,815617,47,2,12,1,0,0,.308,.585,.277,4,3,15,1,1,25,13,.255,SS,A
3,nym,22,,Jett Williams,702518,486,91,127,34,7,17,.363,.828,.465,52,76,131,34,9,178,226,.261,SS,ALL (2)
3,bal,22,,Ike Irish,702610,74,9,17,2,0,1,.296,.593,.297,12,6,19,3,0,39,22,.230,C,A
3,phi,21,,Justin Crawford,702222,440,88,147,23,4,7,.411,.863,.452,47,58,91,46,11,137,199,.334,OF,AAA
3,min,19,,Eduardo Tait,806953,438,54,111,32,1,14,.311,.738,.427,71,36,99,0,0,212,187,.253,C,ALL (3)
3,cin,19,,Tyson Lewis,815653,315,65,98,16,6,9,.376,.862,.486,54,29,102,27,8,159,153,.311,SS,ALL (2)
4,stl,21,,Leonardo Bernal,699024,396,58,98,19,0,13,.332,.726,.394,70,49,77,13,3,191,156,.247,C,AA
4,mil,23,,Jeferson Quero,691620,251,42,68,17,1,11,.361,.839,.478,57,32,40,2,0,128,120,.271,C,ALL (2)
4,ari,21,,Demetrio Crisantes,702679,123,18,31,8,0,4,.358,.773,.415,29,21,19,6,1,79,51,.252,SS,A+
4,nyy,24,,Spencer Jones,682987,438,102,120,23,1,35,.362,.933,.571,80,58,179,29,6,204,250,.274,CF,ALL (2)
4,chc,20,,Jefferson Rojas,800473,398,67,94,19,4,11,.343,.730,.387,59,58,81,19,3,168,154,.236,SS,ALL (2)
4,cws,20,,Caleb Bonemer,815352,385,77,108,30,4,12,.401,.874,.473,64,75,101,29,8,163,182,.281,SS,ALL (2)
4,bal,24,,Enrique Bradfield Jr.,690961,264,49,64,15,2,3,.348,.696,.348,19,41,66,36,4,86,92,.242,OF,ALL (4)
4,atl,21,,Alex Lodise,822676,103,11,26,10,1,1,.294,.692,.398,9,5,42,2,1,51,41,.252,SS,A+
4,mia,23,,Joe Mack,691788,408,70,105,22,2,21,.338,.813,.475,58,45,127,9,3,179,194,.257,C,ALL (2)
4,cle,23,,Cooper Ingle,694876,415,68,108,36,0,10,.389,.808,.419,55,86,85,0,2,168,174,.260,C,ALL (2)
4,det,20,,Bryce Rainer,800614,125,19,36,5,0,5,.383,.831,.448,22,20,33,9,3,60,56,.288,SS,A
4,col,20,,Robert Calaz,806978,371,50,96,16,3,10,.338,.737,.399,55,37,110,7,3,182,148,.259,OF,A
4,la,24,,Alex Freeland,690976,499,87,125,32,1,18,.369,.796,.427,88,94,146,19,6,227,213,.251,SS,ALL (2)
4,tb,25,,Jacob Melton,689200,196,33,47,16,1,6,.336,.759,.423,24,28,59,19,5,84,83,.240,LF,ALL (2)
4,sf,18,,Jhonny Level,815929,346,80,93,12,5,12,.360,.796,.436,50,50,70,21,7,124,151,.269,SS,ALL (2)
4,min,22,,Emmanuel Rodriguez,691181,208,43,56,9,1,6,.431,.840,.409,31,55,85,10,3,103,85,.269,CF,ALL (3)
5,pit,19,,Edward Florentino,821273,290,60,84,23,2,16,.400,.948,.548,59,49,78,35,6,143,159,.290,OF,ALL (2)
5,mia,20,,Starlyn Caba,806965,194,28,43,6,1,1,.335,.613,.278,21,34,34,14,6,92,54,.222,SS,A
5,ana,18,,Joswa Lugo,815915,129,19,35,7,0,2,.375,.747,.372,23,19,40,1,4,58,48,.271,SS,ROK
5,sf,23,,Bo Davidson,815589,449,76,126,16,7,18,.376,.844,.468,70,68,119,19,6,172,210,.281,OF,ALL (2)
5,bos,19,,Justin Gonzales,821100,359,50,101,23,2,4,.363,.753,.390,32,39,65,12,10,122,140,.281,OF,ALL (3)
5,phi,21,,Aroon Escobar,800169,460,82,124,13,4,15,.361,.774,.413,62,56,98,24,5,176,190,.270,3B,ALL (3)
5,bal,21,,Wehiwa Aloy,814450,80,14,23,9,1,2,.356,.856,.500,14,8,25,6,2,29,40,.288,SS,A
5,kc,19,,Yandel Ricardo,815902,299,50,79,13,7,2,.346,.721,.375,35,31,76,31,8,115,112,.264,SS,ALL (2)
5,oak,22,,Henry Bolte,703607,415,66,118,20,6,9,.385,.812,.427,56,57,141,44,2,197,177,.284,OF,ALL (2)
5,cle,20,,Jaison Chourio,702693,308,43,73,7,1,2,.379,.665,.286,26,70,87,10,7,140,88,.237,OF,ALL (2)
5,det,22,,Thayron Liranzo,699073,339,49,70,16,0,11,.308,.659,.351,45,47,125,0,0,181,119,.206,C,AA
5,chc,23,,Kevin Alcántara,682634,390,57,105,26,0,17,.351,.818,.467,70,49,132,11,4,189,182,.269,RF,ALL (2)
5,la,22,,Mike Sirota,701527,216,48,72,16,3,13,.452,1.068,.616,54,48,59,5,5,101,133,.333,CF,ALL (2)
5,sea,21,,Michael Arroyo,703197,450,78,118,24,1,17,.401,.834,.433,54,69,104,12,5,177,195,.262,SS,ALL (2)
5,hou,23,,Joseph Sullivan,813896,372,68,82,13,2,17,.395,.798,.403,49,88,133,42,9,152,150,.220,OF,ALL (2)
5,ari,23,,Tommy Troy,694371,499,79,144,28,4,15,.382,.833,.451,66,67,98,24,5,215,225,.289,SS,ALL (2)
6,mia,17,,Andrew Salas,829035,371,56,69,9,2,3,.319,.564,.245,21,72,110,39,10,191,91,.186,SS,A
6,bos,21,,Mikey Romero,702540,445,61,109,33,4,17,.300,.752,.452,76,34,132,5,3,173,201,.245,SS,ALL (2)
6,cin,21,,Cam Collier,702253,333,48,93,21,1,4,.391,.775,.384,48,59,104,1,1,136,128,.279,3B,ALL (3)
6,phi,21,,Dante Nori,807276,487,72,127,18,12,4,.361,.733,.372,47,75,85,52,10,218,181,.261,OF,ALL (3)
6,min,21,,Marek Houston,701339,100,14,27,5,0,1,.330,.680,.350,11,8,21,7,2,38,35,.270,SS,ALL (2)
6,hou,17,,Kevin Alvarez,829037,156,31,47,12,3,2,.419,.874,.455,33,23,19,11,5,76,71,.301,OF,ROK
6,mil,21,,Andrew Fischer,702652,74,8,23,5,1,1,.402,.848,.446,10,11,22,8,2,24,33,.311,3B,A+
6,pit,23,,Jhostynxon Garcia,691373,441,79,117,18,4,21,.340,.807,.467,75,47,136,7,1,216,206,.265,CF,ALL (3)
6,det,22,,Hao-Yu  Lee,701678,497,81,121,23,8,14,.342,.748,.406,61,65,121,22,5,230,202,.243,2B,AAA
6,nym,21,,Jacob Reimer,702544,444,88,125,32,5,17,.379,.870,.491,77,58,112,15,3,233,218,.282,3B,ALL (2)
6,stl,24,,Jimmy Crooks,699625,435,64,113,21,2,15,.319,.740,.421,80,36,131,0,0,189,183,.260,C,ALL (2)
6,sf,22,,Dakota Jordan,702607,370,71,115,15,6,14,.377,.874,.497,82,37,95,27,4,186,184,.311,OF,A
6,sea,21,,Jonny Farmelo,806071,113,18,26,6,1,6,.318,.778,.460,16,14,38,2,1,55,52,.230,OF,A+
6,oak,21,,Devin Taylor,805127,106,25,28,5,0,6,.388,.869,.481,18,21,37,2,1,51,51,.264,OF,A
6,was,20,,Luke Dickerson,815380,307,39,64,14,2,6,.315,.641,.326,41,45,88,22,6,160,100,.208,SS,ALL (2)
7,nyy,19,,Dax Kilby,828076,68,19,24,2,2,0,.457,.898,.441,9,13,11,16,1,33,30,.353,SS,A
7,oak,22,,Tommy White,695720,360,49,99,23,0,12,.334,.773,.439,51,29,54,3,1,184,158,.275,3B,ALL (2)
7,nym,21,,A.J. Ewing,805999,485,87,153,26,10,3,.401,.830,.429,55,68,105,70,11,175,208,.315,SS,ALL (3)
7,pit,21,,Termarr Johnson,702261,434,67,118,15,3,9,.363,.745,.382,35,59,93,20,12,161,166,.272,SS,AA
7,sd,18,,Jorge Quintana,815894,284,42,69,16,3,4,.339,.702,.363,28,39,84,26,8,142,103,.243,SS,ALL (2)
7,bal,19,,Nate George,825582,323,66,109,14,9,5,.413,.896,.483,42,38,62,50,25,133,156,.337,OF,ALL (3)
7,col,22,,Max Belyeu,803284,80,13,12,0,0,4,.244,.544,.300,9,9,32,3,0,31,24,.150,OF,A+
7,det,17,,Cris Rodriguez,829038,172,38,53,12,1,10,.340,.904,.564,39,11,42,10,2,74,97,.308,OF,ROK
7,hou,21,,Ethan Frey,703676,100,20,33,5,0,3,.434,.904,.470,17,20,25,9,5,40,47,.330,OF,A
7,la,19,,Emil Morales,815896,357,76,112,24,3,14,.396,.911,.515,70,48,109,11,3,152,184,.314,SS,ALL (2)
7,mia,22,,Cam Cannarella,703448,88,11,25,6,1,0,.337,.712,.375,6,7,18,1,3,23,33,.284,OF,A+
7,chc,23,,Jonathon Long,675085,514,86,157,23,3,20,.404,.883,.479,91,79,116,2,0,225,246,.305,1B,AAA
7,ana,20,,Nelson Rada,703185,489,81,143,19,4,2,.398,.758,.360,39,75,117,54,18,138,176,.292,CF,ALL (2)
7,tor,23,,Yohendrick Pinango,682818,454,57,117,29,2,15,.361,.791,.430,70,70,107,6,0,233,195,.258,LF,ALL (2)
7,ari,20,,JD Dix,807267,340,65,101,19,6,2,.404,.810,.406,34,58,85,28,8,128,138,.297,SS,ALL (2)
8,chc,21,,Pedro Ramirez,699393,500,70,140,21,4,8,.346,.732,.386,73,46,85,28,10,220,193,.280,2B,AA
8,nym,22,,Ryan Clifford,691775,481,71,114,23,1,29,.356,.826,.470,93,85,148,7,4,214,226,.237,1B,ALL (2)
8,sea,20,,Felnin Celesten,806958,421,58,115,19,3,6,.345,.720,.375,59,46,111,21,9,204,158,.273,SS,ALL (2)
8,col,22,,Jared Thomas,703606,454,92,136,23,2,14,.398,.850,.452,60,70,145,33,7,132,205,.300,OF,ALL (2)
8,min,22,,Gabriel Gonzalez,694224,483,75,159,38,3,15,.395,.908,.513,66,48,80,8,3,238,248,.329,RF,ALL (3)
8,pit,21,,Sammy Stafura,806230,432,60,103,22,10,6,.361,.738,.377,60,74,129,32,6,226,163,.238,SS,ALL (3)
8,sd,20,,Kale Fountain,806495,230,40,52,8,1,3,.346,.655,.309,34,35,65,21,1,127,71,.226,3B,ALL (2)
8,mil,21,,Luke Adams,702726,234,58,54,15,0,11,.417,.853,.436,42,52,64,10,3,116,102,.231,3B,ALL (2)
8,cin,22,,Edwin Arroyo,695490,464,63,132,23,4,3,.345,.716,.371,44,40,88,12,7,153,172,.284,SS,AA
8,sf,19,,Rayner Arias,806976,178,28,38,6,2,3,.304,.624,.320,20,17,55,5,2,87,57,.213,OF,ALL (2)
8,ana,21,,Denzer Guzman,694203,507,69,123,31,1,19,.333,.753,.420,77,63,159,14,3,245,213,.243,SS,ALL (3)
8,la,23,,James Tibbs III,696486,457,82,111,17,4,20,.373,.802,.429,71,90,120,10,3,194,196,.243,RF,ALL (3)
9,was,22,,Seaver King,814409,505,65,123,19,5,6,.294,.631,.337,43,32,116,30,4,216,170,.244,SS,ALL (2)
9,bos,17,,Dorian Soto,829039,166,27,51,10,2,2,.362,.790,.428,18,16,28,1,4,74,71,.307,SS,ALL (2)
9,cle,20,,Ralphy Velazquez,806252,483,77,128,28,9,22,.342,.839,.497,85,52,104,1,3,233,240,.265,1B,ALL (2)
9,nym,21,,Mitch Voit,702491,85,18,20,2,0,1,.343,.637,.294,8,13,24,20,1,39,25,.235,2B,A
9,phi,24,,Gabriel Rincones Jr.,687282,412,81,99,22,1,18,.370,.800,.430,73,80,114,21,5,230,177,.240,RF,AAA
9,cin,21,,Héctor Rodríguez,699302,527,92,149,23,4,19,.336,.786,.450,65,40,86,15,7,225,237,.283,LF,ALL (2)
9,pit,25,,Rafael Flores Jr.,804668,523,68,145,29,2,22,.352,.819,.467,88,58,155,6,0,253,244,.277,C,ALL (4)
9,sd,18,,Deivid Coronil,829060,140,23,26,2,1,0,.327,.541,.214,12,21,47,8,0,79,30,.186,SS,ROK
9,cws,22,,Kyle Lodise,827517,92,14,17,3,1,4,.319,.689,.370,10,15,21,7,1,47,34,.185,SS,A+
9,mil,19,,Braylon Payne,815520,288,55,69,9,4,8,.354,.736,.382,30,52,103,31,10,147,110,.240,OF,A
9,tor,22,,Victor Arias,692478,412,69,112,19,7,7,.353,.756,.403,47,50,102,18,5,162,166,.272,CF,ALL (2)
9,det,23,,Max Anderson,801194,504,78,149,31,2,19,.350,.828,.478,88,36,87,3,3,221,241,.296,2B,ALL (2)
9,tex,18,,Josh Owens,831384,24,3,2,1,0,0,.083,.208,.125,0,0,11,0,0,14,3,.083,A
9,tb,22,,Xavier Isaac,800060,139,21,28,5,1,9,.366,.812,.446,22,34,52,1,2,59,62,.201,1B,AA
9,kc,20,,Ramon Ramirez,808675,281,51,70,13,3,12,.335,.780,.445,61,36,68,7,2,141,125,.249,C,ALL (2)
9,sea,21,,Luke Stevenson,806233,75,16,21,4,1,1,.460,.860,.400,14,23,19,1,0,44,30,.280,C,A
10,mia,23,,Kemp Alderman,694580,488,69,139,20,5,22,.338,.820,.482,70,39,124,22,10,205,235,.285,OF,ALL (2)
10,was,21,,Ethan Petry,701337,87,11,25,3,1,2,.386,.800,.414,10,13,25,1,0,41,36,.287,OF,A
10,cle,21,,Dean Curley,806053,33,4,8,1,0,0,.286,.559,.273,2,2,11,1,1,16,9,.242,SS,A
10,stl,20,,Jesus Baez,800305,388,60,94,14,0,14,.326,.713,.387,57,46,80,9,5,198,150,.242,SS,ALL (3)
10,cws,19,,George Wolkow,805804,426,58,95,16,2,13,.317,.679,.362,69,54,147,33,6,242,154,.223,OF,A
10,nym,18,,Elian Peña,829033,178,47,52,13,1,9,.421,.949,.528,33,36,36,21,4,66,94,.292,SS,ROK
10,tor,25,,RJ Schreck,702302,342,62,85,14,2,18,.395,.854,.459,53,70,91,9,1,162,157,.249,LF,ALL (4)
10,col,23,,Roc Riggio,691792,321,60,84,20,1,20,.363,.880,.517,59,47,83,17,11,120,166,.262,2B,ALL (4)
10,oak,22,,Joshua Kuroda-Grauer,811965,497,63,147,30,1,2,.359,.731,.372,47,40,49,27,6,202,185,.296,SS,ALL (2)
10,mil,22,,Marco Dinges,701392,257,42,77,12,2,13,.416,.930,.514,62,49,61,5,1,134,132,.300,C,ALL (2)
10,ari,23,,LuJames Groover,694410,470,73,145,23,0,12,.399,.833,.434,56,63,79,3,2,227,204,.309,3B,AA
10,chc,22,,James Triantos,701649,440,69,114,24,2,7,.315,.685,.370,47,33,72,31,10,200,163,.259,2B,ALL (2)
10,la,19,,Ching-Hsien Ko,828667,294,61,91,18,4,4,.437,.876,.439,34,62,72,6,3,141,129,.310,OF,ALL (2)
10,sea,18,,Yorger Bautista,829045,193,38,43,8,3,7,.326,.730,.404,25,21,67,10,0,99,78,.223,OF,ROK
10,tex,18,,Elorky Rodriguez,829069,178,46,60,10,1,6,.473,.979,.506,48,39,38,9,8,72,90,.337,OF,ROK
10,tb,21,,Aidan Smith,806223,397,77,94,14,2,14,.331,.719,.388,59,53,143,41,6,174,154,.237,OF,A+
11,la,20,,Kellon Lindsey,813916,135,32,37,8,0,3,.379,.779,.400,22,23,51,11,2,61,54,.274,SS,ALL (2)
11,tb,23,,Tre' Morgan,691003,328,53,90,15,3,8,.398,.810,.412,45,64,77,8,4,114,135,.274,1B,AAA
11,cws,22,,Sam Antonacci,803011,406,78,118,21,6,5,.433,.842,.409,57,69,73,48,10,163,166,.291,ALL (3)
11,tex,22,,Malcolm Moore,702270,221,27,43,9,0,3,.300,.576,.276,27,26,51,5,1,100,61,.195,C,ALL (2)
11,stl,18,,Yairo Padilla,821107,120,21,34,4,3,0,.396,.763,.367,10,18,21,24,4,45,44,.283,SS,ROK
11,pit,20,,Wyatt Sanford,815608,218,46,53,8,3,5,.384,.760,.376,25,34,54,34,8,98,82,.243,SS,ALL (2)
11,sd,25,,Tirso Ornelas,672359,332,63,93,21,0,10,.376,.810,.434,58,48,66,7,2,159,144,.280,LF,ALL (2)
11,col,24,,Zac Veen,691728,411,60,113,24,5,12,.345,.790,.445,62,41,100,16,6,178,183,.275,LF,ALL (3)
11,cin,19,,Adolfo Sanchez,807645,121,36,41,8,3,2,.474,.978,.504,27,24,21,10,4,61,61,.339,OF,ROK
11,min,22,,Kyle DeBarge,814414,459,77,109,23,5,8,.347,.709,.362,65,70,121,66,8,195,166,.237,SS,A+
11,ana,18,,Gabriel Davalillo,829058,139,28,42,7,1,7,.408,.926,.518,31,23,21,3,0,58,72,.302,C,ROK
11,oak,22,,Gavin Turley,702504,107,15,26,8,0,4,.336,.766,.430,20,14,34,0,0,52,46,.243,OF,A
11,chc,22,,Cristian Hernandez,694183,444,54,112,25,2,7,.329,.694,.365,53,53,105,52,9,174,162,.252,SS,A+
11,mia,21,,Dillon Head,702977,362,60,81,4,9,4,.336,.654,.318,39,59,82,37,9,148,115,.224,CF,ALL (2)
11,sea,20,,Tai Peete,806191,475,58,103,24,4,19,.288,.692,.404,63,46,162,25,11,247,192,.217,OF,A+
11,mil,18,,Brady Ebel,815816,58,6,14,1,0,0,.333,.592,.259,4,6,17,0,1,30,15,.241,SS,A
12,was,23,,Caleb Lomavita,701616,396,35,109,17,2,6,.340,.714,.374,47,23,92,7,1,165,148,.275,C,ALL (2)
12,min,18,,Quentin Young,815839,17,3,2,0,0,0,.227,.345,.118,3,2,9,0,0,12,2,.118,SS,A
12,la,20,,Joendry Vargas,806959,133,17,30,3,1,5,.284,.660,.376,24,11,45,17,2,85,50,.226,SS,ALL (2)
12,ari,20,,Jansel Luis,800306,421,65,131,21,8,5,.347,.782,.435,67,27,74,24,7,201,183,.311,SS,ALL (2)
12,cws,21,,William Bergolla,703151,486,70,139,19,2,0,.342,.675,.333,36,37,26,40,11,218,162,.286,2B,AA
12,phi,20,,Griffin Burkholder,816120,127,16,25,10,1,4,.290,.676,.386,13,12,42,1,0,63,49,.197,OF,ALL (2)
12,kc,20,,Asbel Gonzalez,808706,415,82,99,12,3,1,.365,.654,.289,21,54,86,78,26,135,120,.239,OF,A
12,mil,21,,Luis Lara,800325,513,79,132,32,3,2,.369,.712,.343,40,86,99,44,7,190,176,.257,CF,AA
12,cin,20,,Arnaldo Lantigua,806984,302,50,80,26,3,12,.334,.824,.490,56,27,78,2,4,164,148,.265,OF,ALL (2)
12,pit,23,,Nick Yorke,694377,470,62,131,24,3,8,.336,.730,.394,67,39,112,18,6,212,185,.279,2B,ALL (2)
12,nyy,22,,Kaeden Kent,809763,102,8,19,2,0,2,.217,.482,.265,17,3,19,0,1,54,27,.186,SS,A+
12,det,20,,Franyerber Montilla,800508,258,43,70,16,2,4,.368,.763,.395,29,38,74,27,7,123,102,.271,SS,A
12,cle,21,,Alfonsin Rosario,806210,434,69,109,22,3,21,.345,.806,.461,64,52,137,14,2,206,200,.251,OF,ALL (2)
12,sd,19,,Ty Harvey,829210,23,3,4,0,0,0,.367,.541,.174,1,7,12,0,0,14,4,.174,C,A
12,tor,24,,Josh Kasevich,688460,136,8,31,2,0,0,.331,.574,.243,12,21,24,0,3,69,33,.228,SS,ALL (3)
12,tex,20,,Devin Fitz-Gerald,803849,139,33,42,7,0,6,.428,.910,.482,20,28,24,8,2,49,67,.302,SS,ALL (2)
12,sf,23,,Maui Ahuna,694757,234,49,63,22,3,5,.370,.823,.453,36,31,74,12,2,109,106,.269,SS,ALL (3)
12,nym,22,,Eli Serrano III,702501,324,51,72,21,1,7,.332,.690,.358,46,50,77,9,3,133,116,.222,OF,A+
12,chc,21,,Kane Kepley,823807,97,28,29,1,3,2,.481,.914,.433,15,25,15,16,4,33,42,.299,OF,A
12,mia,22,,Brandon Compton,703680,92,9,20,3,2,2,.354,.713,.359,17,19,37,8,1,49,33,.217,OF,A+
12,sea,19,,Nick Becker,829306,24,5,5,0,0,0,.321,.529,.208,2,4,9,2,0,13,5,.208,SS,A
12,tb,22,,Brendan Summerhill,804911,36,8,12,2,1,0,.429,.873,.444,5,6,5,5,1,11,16,.333,OF,A
13,tor,21,,Edward Duran,698927,375,55,103,15,5,8,.362,.767,.405,47,42,88,7,4,179,152,.275,C,ALL (2)
13,phi,23,,Carson DeMartini,701831,447,71,106,20,4,10,.340,.707,.367,52,59,139,45,12,219,164,.237,SS,ALL (2)
13,bos,21,,Miguel Bleis,694194,397,58,88,21,1,14,.300,.685,.385,51,41,106,27,6,175,153,.222,OF,ALL (2)
13,cle,18,,Juneiker Caceres,821181,244,40,66,18,2,4,.379,.789,.410,27,36,35,7,5,115,100,.270,OF,ALL (2)
13,sd,22,,Ryan Wideman,834240,96,13,22,2,1,0,.330,.601,.271,12,12,32,11,1,58,26,.229,OF,A
13,mil,20,,Josh Adamczewski,815304,253,55,81,18,5,5,.420,.910,.490,46,43,53,7,1,108,124,.320,SS,ALL (3)
13,tex,18,,Yolfran Castillo,815931,341,49,88,13,8,1,.315,.667,.352,41,26,69,29,2,159,120,.258,SS,ALL (2)
13,hou,20,,Jancel Villarroel,806611,371,53,96,18,3,8,.351,.739,.388,54,45,77,20,7,156,144,.259,C,ALL (2)
13,min,21,,Brandon Winokur,806263,474,65,107,20,3,17,.304,.692,.388,68,44,131,26,4,262,184,.226,OF,A+
13,was,26,,Christian Franklin,681047,445,77,121,23,5,12,.390,.817,.427,64,80,110,19,9,169,190,.272,LF,ALL (2)
13,tb,22,,Caden Bodine,805207,43,6,14,1,0,0,.408,.757,.349,4,5,8,0,0,15,15,.326,C,A
13,stl,22,,Joshua Baez,695491,418,78,120,23,3,20,.384,.884,.500,79,59,103,54,9,218,209,.287,RF,ALL (2)
13,cin,21,,Mason Neville,702563,77,8,19,8,2,1,.333,.775,.442,9,9,31,2,0,21,34,.247,OF,A
13,atl,19,,John Gil,808535,424,76,107,25,1,7,.348,.714,.366,49,61,71,54,14,186,155,.252,SS,ALL (3)
14,cle,24,,Juan Brito,682877,103,17,25,6,1,4,.355,.792,.437,17,16,29,4,3,34,45,.243,SS,ALL (2)
14,ari,22,,Druw Jones,702258,478,77,122,25,5,5,.335,.695,.360,56,56,127,28,4,217,172,.255,OF,A+
14,sd,22,,Lamar King Jr.,702601,401,54,110,30,1,4,.353,.737,.384,44,44,93,21,3,218,154,.274,C,ALL (2)
14,bal,21,,Colin Yeaman,829649,54,6,10,1,0,0,.366,.570,.204,2,10,17,2,1,23,11,.185,SS,A
14,atl,17,,Diego Tornes,829053,122,20,34,5,5,0,.395,.797,.402,13,23,32,24,4,55,49,.279,OF,ROK
14,bos,20,,Yoeilin Cespedes,806985,428,56,97,24,5,10,.292,.668,.376,54,41,101,11,6,187,161,.227,SS,A
14,phi,20,,Devin Saltiban,813880,305,42,55,11,3,7,.259,.564,.305,26,23,102,19,5,144,93,.180,SS,ALL (3)
14,was,19,,Angel Feliz,815906,293,53,74,10,5,4,.346,.708,.362,43,42,71,15,7,136,106,.253,SS,ALL (2)
14,tb,19,,Brailer Guerrero,806967,193,22,48,7,2,6,.338,.737,.399,33,25,65,9,1,93,77,.249,OF,ALL (2)
14,sea,24,,Jared Sundstrom,814791,438,62,96,22,5,12,.297,.671,.374,53,40,145,35,4,231,164,.219,OF,AA
14,chc,17,,Juan Cabada,829040,136,22,39,10,0,3,.429,.855,.426,29,20,31,20,3,60,58,.287,SS,ROK
14,mia,20,,PJ Morlando,703563,205,38,44,7,1,5,.371,.703,.332,30,46,71,8,1,113,68,.215,OF,ALL (2)
14,cin,20,,Sheng-En Lin,806823,87,14,15,4,1,2,.348,.658,.310,13,24,30,1,2,38,27,.172,SS,ROK
15,la,22,,Charles Davalan,804560,34,7,17,3,1,1,.541,1.276,.735,10,3,5,3,0,12,25,.500,OF,A
15,nyy,23,,Brendan Jones,800957,458,89,112,20,8,11,.359,.754,.395,69,82,109,51,9,180,181,.245,OF,ALL (2)
15,tor,23,,Charles McAdoo,807727,445,62,110,24,1,16,.318,.731,.413,45,45,137,34,6,197,184,.247,2B,AA
15,pit,20,,Yordany De Los Santos,703154,464,62,115,27,2,11,.309,.695,.386,54,40,140,51,14,195,179,.248,SS,ALL (2)
15,nym,21,,Chris Suero,801523,378,78,88,16,1,16,.379,.786,.407,68,70,139,35,8,198,154,.233,C,ALL (2)
15,atl,19,,Jose Perdomo,815899,215,20,48,7,0,1,.275,.545,.270,18,14,45,4,2,123,58,.223,SS,ROK
15,tex,22,,Dylan Dreiling,702662,420,50,95,21,4,12,.319,.700,.381,62,58,101,15,5,193,160,.226,OF,A+
15,bal,22,,Vance Honeycutt,701689,374,48,64,12,6,5,.284,.559,.275,24,56,178,32,7,171,103,.171,OF,A+
15,col,24,,Sterlin Thompson,694514,439,82,130,28,8,18,.392,.911,.519,66,53,107,12,4,191,228,.296,OF,AAA
15,sf,24,,Daniel Susac,691740,360,48,99,19,1,18,.349,.832,.483,68,35,109,7,3,200,174,.275,C,AAA
15,sea,22,,Josh Caron,701805,299,39,59,9,2,9,.269,.600,.331,26,25,96,11,2,152,99,.197,C,A+
15,cle,19,,Welbyn Francisca,806988,371,54,85,14,2,3,.320,.622,.302,45,51,73,45,12,196,112,.229,SS,A
15,phi,24,,Keaton Anthony,805704,316,37,102,31,1,6,.378,.862,.484,39,26,73,0,0,143,153,.323,OF,ALL (2)
15,bos,22,,Nelly Taylor,807511,384,62,83,24,3,7,.355,.704,.349,41,81,133,29,12,176,134,.216,OF,A+
16,hou,21,,Will Bush,813844,327,53,75,16,0,15,.361,.777,.416,47,58,105,10,1,155,136,.229,C,ALL (2)
16,col,21,,Ethan Hedges,805260,77,8,15,3,0,0,.303,.537,.234,3,10,17,2,0,25,18,.195,3B,A+
16,kc,22,,Daniel Vazquez,694187,447,61,116,25,5,2,.333,.684,.351,50,51,106,27,8,196,157,.260,SS,ALL (3)
16,min,23,,Billy Amick,701771,218,42,67,17,1,4,.417,.867,.450,31,33,70,1,2,92,98,.307,3B,ALL (3)
16,stl,25,,Nathan Church,701675,403,76,124,20,5,14,.368,.854,.486,58,36,55,17,5,153,196,.308,LF,ALL (4)
16,chc,18,,Juan Tomas,829823,113,19,21,6,2,1,.352,.653,.301,18,30,42,9,4,52,34,.186,SS,ROK
16,sf,23,,Jesus Rodriguez,683679,489,76,150,20,3,7,.393,.796,.403,59,66,78,21,9,196,197,.307,C,ALL (3)
16,nyy,22,,Dillon Lewis,827665,465,72,110,21,5,22,.321,.766,.445,79,54,124,26,2,199,207,.237,OF,ALL (2)
16,pit,21,,Esmerlyn Valdez,699013,458,75,131,25,2,26,.376,.896,.520,86,56,130,3,2,192,238,.286,OF,ALL (2)
16,det,23,,John Peck,807726,469,88,141,27,1,11,.359,.792,.433,69,41,125,19,6,223,203,.301,SS,ALL (2)
16,cws,23,,Jacob Gonzalez,694378,475,56,110,26,2,8,.307,.652,.345,61,48,86,17,3,224,164,.232,SS,ALL (2)
16,oak,23,,Ryan Lasko,805782,312,52,76,9,2,6,.355,.698,.343,42,46,86,14,5,150,107,.244,OF,ALL (3)
16,sea,22,,Korbyn Dickerson,702668,7,2,3,1,0,0,.556,1.127,.571,1,1,2,0,0,1,4,.429,OF,A
16,nym,22,,Nick Morabito,703492,436,63,119,27,2,6,.348,.733,.385,59,47,115,49,11,187,168,.273,CF,AA
16,mia,21,,Chase Jaworsky,814172,237,38,54,10,2,4,.351,.689,.338,31,34,64,31,4,113,80,.228,SS,ALL (2)
16,tex,20,,Yeremy Cabrera,800393,383,66,98,12,3,8,.364,.730,.366,52,52,86,43,4,183,140,.256,CF,A
17,mil,23,,Brock Wilken,694385,270,46,61,17,0,18,.387,.876,.489,46,69,93,2,0,151,132,.226,3B,AA
17,bos,22,,Henry Godbout,804995,44,6,15,6,0,0,.473,.950,.477,5,9,6,1,1,17,21,.341,SS,A+
17,hou,25,,Zach Cole,805904,405,72,112,24,7,23,.372,.913,.541,76,57,166,21,7,174,219,.277,CF,ALL (3)
17,ana,19,,Juan Flores,808129,305,38,63,11,0,10,.283,.624,.341,40,18,94,0,1,164,104,.207,C,A+
17,bal,18,,Stiven Martinez,815913,232,34,43,10,4,3,.333,.635,.302,22,46,100,5,6,147,70,.185,OF,ALL (2)
17,kc,18,,Warren Calcaño,829071,26,7,9,2,0,1,.514,1.052,.538,2,8,10,7,1,8,14,.346,SS,ROK
17,was,19,,Ronny Cruz,826723,174,20,47,10,6,2,.314,.745,.431,21,10,35,10,7,70,75,.270,SS,ROK
17,nyy,22,,Core Jackson,692110,93,12,17,7,1,0,.287,.567,.280,5,11,31,1,1,51,26,.183,SS,A+
17,phi,21,,Bryan Rincon,804858,299,58,54,13,2,6,.304,.602,.298,31,50,103,40,5,127,89,.181,SS,A+
17,cle,22,,Jacob Cozart,695524,340,48,80,15,2,9,.341,.712,.371,49,49,89,0,0,154,126,.235,C,ALL (2)
17,chc,22,,Cole Mathis,695573,107,16,23,9,1,3,.336,.738,.402,14,17,29,0,2,56,43,.215,3B,A
17,mia,18,,Luis Cova,815909,177,49,53,11,2,9,.422,.959,.537,35,34,40,35,6,75,95,.299,OF,ROK
17,tex,22,,Cameron Cauley,695508,435,74,110,26,7,15,.325,.773,.448,51,47,121,28,7,186,195,.253,SS,AA
17,pit,18,,Darell Morel,829716,157,45,45,9,4,1,.425,.839,.414,25,37,45,26,7,62,65,.287,SS,ROK
17,sd,18,,Jhoan De La Cruz,829063,139,37,36,5,3,1,.477,.837,.360,21,46,45,11,4,71,50,.259,SS,ROK
18,sd,23,,Kavares Tears,701837,410,49,93,22,2,13,.320,.705,.385,65,58,138,6,5,217,158,.227,OF,A
18,cin,18,,Liberts Aponte,829051,154,34,38,6,3,7,.368,.829,.461,36,29,35,9,0,73,71,.247,SS,ROK
18,cws,20,,Javier Mogollon,808684,186,36,41,10,3,5,.347,.734,.387,19,30,56,15,6,76,72,.220,2B,A
18,hou,22,,Caden Powell,702547,309,55,72,15,2,10,.347,.739,.392,44,48,110,32,6,160,121,.233,SS,ALL (2)
18,oak,23,,Nate Nankil,694977,468,71,130,26,3,3,.359,.724,.365,56,49,85,10,3,242,171,.278,OF,ALL (2)
18,tor,18,,Juan Sanchez,825646,214,47,73,16,4,8,.439,1.004,.565,40,26,44,4,3,82,121,.341,SS,ROK
18,la,19,,Chase Harlan,815792,260,43,70,16,1,9,.357,.799,.442,58,36,67,3,2,153,115,.269,3B,ALL (2)
18,tex,23,,Abimelec Ortiz,694673,478,85,123,25,3,25,.356,.835,.479,89,65,123,4,2,225,229,.257,1B,ALL (2)
18,cle,22,,Kahlil Watson,696135,368,53,92,20,6,16,.346,.813,.467,61,48,119,17,7,173,172,.250,LF,ALL (2)
18,nym,21,,Antonio Jimenez,806128,95,12,25,1,0,0,.345,.619,.274,14,12,15,8,3,36,26,.263,SS,A
18,pit,19,,Edgleen Perez,814297,357,46,73,10,0,0,.368,.600,.232,30,84,84,5,1,166,83,.204,C,ALL (2)
19,la,20,,Brendan Tunink,815665,140,35,42,10,5,5,.417,.967,.550,17,27,51,9,2,50,77,.300,OF,ROK
19,pit,23,,Mitch Jebb,694991,445,55,118,11,6,0,.350,.667,.317,34,59,56,33,5,184,141,.265,SS,AA
19,sea,22,,Luis Suisbel,692044,427,62,90,15,1,23,.308,.720,.412,68,48,135,8,1,241,176,.211,3B,A+
19,cin,25,,Tyler Callihan,682997,95,19,28,4,2,4,.396,.901,.505,13,16,30,6,1,34,48,.295,LF,ALL (2)
19,nym,20,,Daiverson Gutierrez,806987,327,54,79,10,0,4,.362,.671,.309,41,53,58,6,4,171,101,.242,C,A
19,tor,20,,Sam Shaw,802511,252,44,60,11,3,7,.361,.750,.389,28,46,63,9,0,158,98,.238,OF,ALL (2)
19,phi,20,,TJayy Walton,807737,161,27,36,4,3,0,.315,.601,.286,17,20,63,15,5,75,46,.224,OF,ALL (2)
19,hou,22,,Lucas Spence,828599,422,76,103,31,3,10,.368,.771,.403,55,73,122,27,5,184,170,.244,OF,ALL (3)
19,cws,21,,Jeral Perez,800419,480,65,117,24,4,22,.315,.763,.448,70,44,112,10,3,215,215,.244,3B,A+
19,bos,20,,Yophery Rodriguez,806983,390,47,86,18,7,5,.316,.657,.341,48,53,84,10,6,178,133,.221,CF,ALL (2)
19,ana,20,,Dario Laverde,800188,373,39,80,13,2,4,.289,.581,.292,40,31,91,0,0,180,109,.214,C,ALL (2)
19,mil,20,,Eric Bitonti,800724,428,58,102,21,0,19,.341,.762,.421,77,66,169,17,10,245,180,.238,SS,A
19,tex,19,,Paulino Santana,815889,271,44,69,11,6,5,.330,.725,.395,32,25,94,11,8,110,107,.255,OF,ALL (2)
19,kc,18,,Ramcell Medina,829096,146,32,38,7,4,2,.398,.802,.404,25,31,26,7,2,69,59,.260,SS,ROK
19,ari,20,,Cristofer Torin,800198,488,83,142,26,3,6,.383,.776,.393,59,69,81,16,7,224,192,.291,SS,ALL (2)
20,oak,21,,Carlos Pacheco,800149,194,30,32,3,1,1,.337,.543,.206,19,40,65,19,2,95,40,.165,OF,ALL (3)
20,nyy,21,,Roderick Arias,703149,394,61,82,19,1,7,.325,.640,.315,53,65,134,34,10,184,124,.208,SS,A
20,chc,23,,Kade Snell,820835,96,12,16,3,1,0,.268,.487,.219,7,14,19,11,2,37,21,.167,OF,A+
20,tex,18,,Seong-Jun Kim,834605,12,1,2,0,1,0,.231,.564,.333,2,1,3,3,0,8,4,.167,SS,ROK
20,bos,22,,Allan Castro,691369,340,43,91,20,2,7,.353,.753,.400,37,44,79,15,3,135,136,.268,CF,AA
20,mia,21,,Max Williams,703637,67,6,18,1,0,0,.359,.643,.284,7,9,11,5,1,31,19,.269,OF,A
20,sea,18,,Kendry Martínez,829036,108,12,17,1,0,0,.308,.475,.167,10,21,37,1,3,76,18,.157,SS,ROK
20,sf,21,,Carlos Gutierrez,806872,248,60,87,11,4,2,.445,.897,.452,30,37,40,26,3,89,112,.351,OF,A
20,hou,21,,Luis Baez,800232,254,29,63,14,2,2,.312,.655,.343,28,23,74,7,1,128,87,.248,OF,ALL (2)
20,pit,22,,Omar Alfonzo,692657,404,56,98,18,1,14,.354,.750,.396,56,63,137,2,0,171,160,.243,C,ALL (2)
20,atl,20,,Luis Guanipa,806994,126,20,33,5,0,1,.345,.670,.325,15,14,20,2,1,43,41,.262,OF,ALL (2)
20,stl,23,,Blaze Jordan,691458,493,80,133,28,2,19,.331,.781,.450,99,43,60,5,1,234,222,.270,1B,ALL (3)
20,kc,23,,Carson Roccaforte,811287,462,81,119,30,7,18,.373,.843,.470,74,82,162,43,12,219,217,.258,OF,ALL (2)
20,cin,21,,Ricky Cabrera,703150,75,8,14,2,1,0,.276,.516,.240,7,8,25,0,2,45,18,.187,SS,A+
20,tb,25,,Dominic Keegan,681371,290,41,71,18,2,12,.322,.767,.445,40,32,97,0,1,152,129,.245,C,ALL (2)
20,was,24,,Orelvis Martinez,682619,336,38,59,17,1,13,.288,.636,.348,32,47,112,2,0,203,117,.176,2B,AAA
20,cle,21,,Aaron Walton,830239,63,9,15,5,1,1,.324,.721,.397,9,7,21,6,1,36,25,.238,OF,A
21,sf,22,,Trevor Cohen,701906,107,23,35,3,1,1,.438,.840,.402,15,20,15,8,2,42,43,.327,OF,A
21,pit,22,,Easton Carmichael,702695,50,3,6,0,0,1,.185,.365,.180,2,2,11,1,0,23,9,.120,C,A+
21,nyy,17,,Mani Cedeno,829041,164,41,30,5,3,3,.371,.676,.305,19,43,76,21,2,76,50,.183,SS,ROK
21,det,23,,Izaac Pacheco,691789,341,72,88,25,3,17,.388,.887,.499,68,74,123,0,0,185,170,.258,SS,A+
21,sd,23,,Romeo Sanabria,703804,452,54,116,18,0,12,.309,.685,.376,56,38,107,4,1,193,170,.257,1B,AA
21,nym,21,,Boston Baro,805951,393,43,88,16,5,4,.282,.603,.321,38,31,88,28,2,173,126,.224,SS,A+
21,phi,22,,John Spikerman,701811,210,29,47,7,2,3,.355,.674,.319,20,38,77,30,0,109,67,.224,OF,ALL (3)
21,mia,24,,Victor Mesa Jr.,683748,221,27,60,12,1,8,.344,.787,.443,39,24,37,4,1,94,98,.271,CF,ALL (3)
21,bal,18,,Wilfri De La Cruz,829043,120,26,31,11,3,0,.465,.865,.400,18,46,36,15,7,52,48,.258,SS,ALL (2)
21,cin,22,,Carlos Jorge,699115,406,66,102,16,4,6,.342,.697,.355,37,52,87,40,7,166,144,.251,SS,A+
21,min,22,,Khadim Diaw,813715,128,25,38,5,1,4,.450,.895,.445,24,20,30,4,1,69,57,.297,C,ALL (2)
21,chc,23,,Brett Bateman,703520,329,42,86,9,0,2,.376,.683,.307,33,61,82,19,6,125,101,.261,OF,AA
21,hou,21,,Alejandro Nunez,805168,360,44,97,19,2,8,.321,.721,.400,38,26,96,22,9,161,144,.269,SS,A+
21,oak,19,,Shotaro Morii,829679,151,39,39,8,1,3,.399,.783,.384,27,36,47,4,3,68,58,.258,SS,ROK
21,sea,25,,Brock Rodden,801126,157,24,46,10,0,5,.365,.817,.452,23,15,53,16,2,54,71,.293,SS,ALL (2)
21,was,24,,Yohandy Morales,691002,509,85,135,31,4,15,.339,.769,.430,71,57,164,7,2,230,219,.265,3B,ALL (2)
22,bal,20,,Aron Estrada,800406,389,52,112,16,8,10,.366,.813,.447,53,44,75,34,6,164,174,.288,2B,ALL (2)
22,mil,18,,Brailyn Antunez,829073,195,39,42,10,0,1,.353,.635,.282,25,30,41,21,6,95,55,.215,OF,ROK
22,cle,19,,Robert Arias,815897,164,33,47,11,1,2,.389,.791,.402,28,29,22,29,4,61,66,.287,OF,ROK
22,mia,22,,Deyvison De Los Santos,691277,412,57,99,11,1,12,.313,.672,.359,54,39,103,16,6,175,148,.240,3B,ALL (3)
22,stl,21,,Jack Gurevitch,813668,83,10,15,1,1,1,.303,.556,.253,4,13,33,5,1,50,21,.181,1B,A
22,phi,25,,Caleb Ricketts,681080,251,32,69,17,0,8,.315,.753,.438,34,14,47,0,1,113,110,.275,C,ALL (3)
22,sf,24,,Parks Harber,692238,291,52,94,21,3,13,.420,.970,.550,64,44,79,6,2,142,160,.323,3B,ALL (3)
22,pit,24,,Jack Brannigan,687394,204,29,46,8,2,5,.329,.687,.358,30,25,62,9,0,94,73,.225,SS,AA
22,tb,22,,Austin Overn,702556,401,74,100,13,4,13,.355,.754,.399,43,62,130,64,8,174,160,.249,OF,ALL (2)
22,det,20,,Jude Warwick,827672,226,43,58,11,0,3,.372,.717,.345,31,29,59,28,6,106,78,.257,SS,ALL (2)
22,cin,21,,Leo Balcazar,699114,491,69,129,20,1,12,.339,.720,.381,57,52,75,8,5,218,187,.263,SS,ALL (2)
22,nyy,21,,Wilson Rodriguez,815147,177,23,44,8,2,4,.349,.733,.384,21,25,37,11,4,76,68,.249,OF,ALL (2)
23,hou,20,,Kenni Gomez,703198,341,34,79,18,2,6,.274,.623,.349,48,20,100,22,7,167,119,.232,OF,A+
23,nyy,23,,Dylan Jasso,815734,478,62,123,17,6,13,.326,.726,.400,76,42,130,1,2,204,191,.257,3B,AA
23,bos,19,,Conrad Cason,815359,4,0,1,0,0,0,.250,.500,.250,1,0,2,0,0,5,1,.250,ROK
23,phi,21,,Kehden Hettiger,800607,353,43,77,21,2,9,.322,.687,.365,55,54,120,2,1,159,129,.218,C,ALL (3)
23,cle,18,,Dauri Fernandez,821171,178,36,58,10,4,6,.380,.908,.528,30,16,25,18,4,89,94,.326,2B,ALL (2)
23,sf,22,,Diego Velasquez,694196,473,60,121,20,1,2,.362,.677,.315,32,70,81,19,6,157,149,.256,SS,AA
23,mia,23,,Maximo Acosta,691185,464,63,103,14,3,16,.312,.681,.369,55,56,140,34,11,206,171,.222,SS,ALL (2)
23,cws,21,,Alexander Albertus,800316,18,4,6,2,0,0,.520,.964,.444,2,6,3,3,0,5,8,.333,SS,ROK
23,ari,19,,Yassel Soler,807957,342,42,82,13,2,12,.342,.737,.395,46,42,90,5,0,189,135,.240,3B,A
23,det,25,,Eduardo Valencia,680664,379,64,118,18,2,24,.382,.941,.559,95,43,86,0,0,204,212,.311,C,ALL (2)
23,bal,20,,Cobb Hightower,826932,243,39,59,10,1,2,.354,.671,.317,28,38,52,14,2,104,77,.243,SS,ALL (2)
23,ana,18,,Hayden Alvarez,820986,244,50,83,10,3,2,.435,.865,.430,44,41,49,33,9,105,105,.340,OF,ALL (2)
23,oak,19,,Edgar Montero,815911,176,47,55,14,3,9,.484,1.064,.580,50,60,54,11,4,88,102,.313,SS,ROK
23,tb,22,,Cooper Kinney,695692,458,54,111,21,3,13,.299,.685,.386,62,36,125,0,1,210,177,.242,2B,AA
23,pit,21,,Jhonny Severino,703177,423,44,91,24,2,11,.277,.636,.359,49,32,118,10,8,188,152,.215,SS,A
23,col,21,,Andy Perez,700321,493,63,130,27,3,9,.304,.689,.385,65,25,94,22,4,220,190,.264,SS,ALL (2)
24,kc,24,,Gavin Cross,688457,465,75,112,23,3,17,.291,.704,.413,64,33,134,23,5,233,192,.241,OF,AA
24,cle,18,,Gabriel Rodriguez,821657,102,21,30,4,2,1,.393,.795,.402,15,15,23,11,2,43,41,.294,SS,ROK
24,nym,19,,Yovanny Rodriguez,815898,136,26,45,14,1,2,.446,.939,.493,26,25,39,3,0,50,67,.331,C,ALL (2)
24,tex,21,,Anthony Gutierrez,703152,337,53,87,15,0,2,.333,.653,.320,28,31,79,48,9,166,108,.258,CF,A+
24,mia,19,,Carter Johnson,815793,406,42,72,17,4,3,.275,.536,.261,43,47,134,11,3,231,106,.177,SS,A
24,nyy,22,,Jace Avina,701778,346,55,90,24,0,11,.366,.791,.425,45,49,104,5,3,165,147,.260,LF,ALL (2)
24,was,18,,Brayan Cortesia,829049,120,26,38,3,1,0,.440,.798,.358,12,25,25,22,13,53,43,.317,SS,ROK
24,col,20,,Kelvin Hidalgo,800193,449,65,111,21,4,5,.311,.656,.345,52,37,125,43,6,187,155,.247,SS,A
24,tb,24,,Colton Ledbetter,807742,465,67,123,24,4,7,.337,.715,.378,49,51,128,37,11,178,176,.265,OF,AA
24,ari,20,,Carlos Virahonda,808024,250,43,75,12,1,4,.413,.817,.404,34,27,52,4,2,108,101,.300,C,ALL (2)
24,det,21,,Nick Dumesnil,825094,59,12,12,5,0,0,.390,.678,.288,5,17,14,9,2,30,17,.203,OF,A
24,bal,20,,Jordan Sanchez,820847,172,34,50,16,3,7,.410,.951,.541,49,31,62,3,2,90,93,.291,OF,ALL (2)
24,la,21,,Kendall George,806077,424,93,125,9,7,3,.409,.779,.370,34,84,78,100,24,152,157,.295,OF,A+
24,chc,20,,Angel Cepeda,806980,381,47,95,14,5,8,.339,.714,.375,49,40,136,27,7,165,143,.249,SS,A
24,mil,25,,Tyler Black,672012,261,41,68,13,3,5,.394,.785,.391,40,56,75,22,5,106,102,.261,3B,ALL (3)
25,oak,24,,Brennan Milone,686810,425,76,103,21,2,14,.353,.753,.400,62,69,113,6,2,211,170,.242,3B,ALL (2)
25,hou,20,,Nehomar Ochoa Jr.,806441,95,13,15,1,0,1,.229,.429,.200,5,8,34,1,2,53,19,.158,OF,ALL (2)
25,sd,20,,Rosman Verdugo,698916,404,59,83,15,3,13,.339,.693,.354,43,72,158,6,3,214,143,.205,SS,A+
25,kc,25,,Javi Vaz,805834,387,70,99,16,1,3,.360,.686,.326,31,54,43,25,3,144,126,.256,OF,AA
25,la,23,,Noah Miller,695653,354,49,92,17,2,5,.303,.665,.362,51,23,69,1,0,174,128,.260,SS,ALL (3)
25,ana,22,,Raudi Rodriguez,804558,481,90,135,21,14,14,.372,.842,.470,83,63,130,38,6,250,226,.281,OF,A
25,col,22,,Cole Messina,701783,384,49,99,23,1,7,.354,.732,.378,42,51,73,14,6,165,145,.258,C,ALL (2)
25,nyy,25,,T.J. Rumfield,681198,499,85,142,31,1,16,.378,.825,.447,87,70,108,5,2,239,223,.285,1B,AAA
25,was,17,,Daniel Hernandez,829747,138,19,31,7,0,0,.277,.552,.275,11,8,16,3,2,59,38,.225,C,ROK
25,bos,21,,Johanfran Garcia,703190,211,37,55,7,0,12,.328,.792,.464,41,19,68,1,0,90,98,.261,C,ALL (2)
25,min,22,,Hendry Mendez,694230,408,68,122,16,4,11,.399,.838,.439,62,67,65,10,4,167,179,.299,OF,ALL (2)
25,stl,21,,Deniel Ortiz,811765,370,61,111,19,1,13,.416,.878,.462,51,67,117,39,9,177,171,.300,3B,ALL (2)
26,stl,24,,Chase Davis,690971,414,61,100,16,0,10,.358,.711,.353,48,67,146,9,2,178,146,.242,OF,AA
26,kc,18,,Moises Marchán,829081,98,14,29,5,2,0,.369,.757,.388,11,9,20,6,1,45,38,.296,C,ROK
26,was,22,,Sam Petersen,695763,184,44,57,8,2,7,.416,.905,.489,28,26,42,23,1,56,90,.310,OF,ALL (3)
26,tor,22,,Sean Keys,815873,424,67,92,22,1,19,.365,.773,.408,72,86,117,8,1,220,173,.217,3B,A+
26,mia,23,,Fenwick Trimble,814458,296,39,75,19,2,7,.372,.774,.402,41,49,67,31,4,133,119,.253,OF,ALL (3)
26,ana,19,,Marlon Quintero,821238,223,28,66,11,0,1,.324,.683,.359,41,9,41,7,0,104,80,.296,C,ALL (2)
26,sd,18,,Truitt Madonna,833008,54,4,10,3,1,0,.267,.545,.278,5,6,23,0,0,29,15,.185,C,A
26,ari,22,,Gavin Conticello,695521,444,67,122,27,4,12,.369,.804,.435,67,59,110,4,5,233,193,.275,3B,AA
26,min,24,,Ricardo Olivar,691627,352,56,93,13,0,13,.356,.768,.412,59,49,74,13,3,172,145,.264,C,AA
26,la,21,,Jaron Elkins,814696,447,81,118,30,5,9,.350,.764,.414,72,45,153,63,6,234,185,.264,OF,A
26,bos,18,,Enddy Azocar,821150,310,40,72,16,2,6,.302,.657,.355,31,27,78,15,3,137,110,.232,OF,ALL (2)
26,sea,22,,Carlos Jimenez,692039,418,75,108,17,4,14,.358,.777,.419,63,60,116,30,13,189,175,.258,CF,A
27,oak,23,,Bobby Boser,804119,114,18,23,3,1,2,.368,.666,.298,15,22,42,1,1,52,34,.202,SS,A
27,tor,21,,Cutter Coffey,702690,384,68,105,26,0,11,.359,.786,.427,62,47,100,10,3,192,164,.273,3B,A+
27,ana,20,,Randy De Jesus,703194,421,42,78,11,0,18,.280,.620,.340,55,49,164,3,2,218,143,.185,OF,A+
27,mil,23,,Mike Boeve,801670,264,36,63,8,2,5,.336,.677,.341,29,35,68,8,0,141,90,.239,3B,ALL (2)
27,la,22,,Zach Ehrhard,701394,453,85,123,30,2,14,.374,.813,.439,65,67,97,37,4,196,199,.272,OF,ALL (3)
27,ari,22,,Avery Owusu-Asiedu,801938,353,71,91,16,4,7,.366,.751,.385,44,58,102,33,5,179,136,.258,CF,ALL (2)
27,was,21,,Cristhian Vaquero,703143,379,54,97,13,8,8,.342,.738,.396,47,46,110,27,5,155,150,.256,OF,A
27,phi,20,,Alirio Ferrebus,808232,250,37,59,11,1,5,.308,.656,.348,43,17,45,2,1,126,87,.236,C,ALL (2)
27,det,19,,Nestor Miranda,815930,116,17,30,3,2,6,.370,.844,.474,24,15,39,3,4,60,55,.259,3B,ROK
27,bos,19,,Jorge Rodriguez,821772,83,10,24,1,0,3,.359,.769,.410,17,8,17,8,5,26,34,.289,C,ROK
27,col,21,,Tanner Thach,805880,68,7,19,2,0,2,.375,.772,.397,15,8,19,1,0,33,27,.279,1B,A
27,tex,19,,Braylin Morel,808281,232,29,59,14,2,5,.293,.690,.397,28,10,66,3,1,110,92,.254,OF,ALL (2)
27,bal,22,,Ethan Anderson,803175,310,35,77,14,1,4,.338,.677,.339,45,43,64,15,3,136,105,.248,C,ALL (2)
27,pit,22,,Jared Jones,702262,50,8,8,1,0,4,.276,.696,.420,8,6,26,0,0,20,21,.160,1B,A+
27,nyy,20,,Brando Mayea,806963,74,19,22,4,1,3,.373,.873,.500,9,6,19,4,3,27,37,.297,OF,ROK
27,cle,21,,Luke Hill,702619,49,7,17,3,1,1,.459,.969,.510,7,11,11,7,4,21,25,.347,3B,A
28,bos,17,,Harold Rivas,829093,159,41,41,6,4,2,.393,.777,.384,20,35,35,18,8,82,61,.258,OF,ROK
28,col,18,,Ashly Andujar,815903,191,32,61,7,0,0,.370,.726,.356,23,15,31,7,2,90,68,.319,SS,ROK
28,bal,22,,Griff O'Ferrall,803172,447,61,102,16,3,4,.322,.626,.304,38,59,77,44,8,151,136,.228,SS,ALL (2)
28,nyy,19,,Francisco Vilorio,815910,183,39,51,10,3,0,.387,.753,.366,19,30,54,8,5,81,67,.279,OF,ROK
28,tex,20,,Maxton Martin,807722,445,81,115,27,7,14,.347,.792,.445,67,52,115,15,0,211,198,.258,OF,ALL (2)
28,cle,21,,Nolan Schubart,702278,51,10,13,2,0,3,.424,.895,.471,7,15,24,1,0,32,24,.255,OF,A
28,phi,23,,Dylan Campbell,694749,452,63,97,23,2,14,.298,.665,.367,60,51,110,33,11,219,166,.215,CF,ALL (2)
28,hou,17,,Anthony Millan,829860,136,25,38,5,4,2,.407,.826,.419,26,26,34,13,1,65,57,.279,OF,ALL (2)
28,tb,24,,Homer Bush Jr.,683344,472,69,142,12,8,0,.375,.735,.360,45,48,98,57,12,164,170,.301,CF,AA
28,min,20,,Enrique Jimenez,806992,246,42,63,12,3,12,.371,.847,.476,50,46,66,5,1,116,117,.256,C,ALL (2)
28,cws,19,,Marcelo Alcala,808708,146,33,34,7,4,7,.325,.804,.479,19,14,63,14,1,65,70,.233,OF,ROK
28,chc,20,,Ty Southisene,807257,318,69,78,6,2,0,.388,.665,.277,36,63,59,41,8,129,88,.245,SS,ALL (2)
28,atl,25,,David McCabe,678173,469,62,129,27,1,14,.367,.793,.426,71,71,121,3,1,183,200,.275,3B,ALL (2)
28,sea,25,,Victor Labrada,700032,430,80,121,24,4,7,.403,.808,.405,52,79,90,44,11,187,174,.281,CF,ALL (2)
28,sf,21,,Walker Martin,806152,406,67,95,19,3,12,.353,.737,.384,70,69,137,13,4,226,156,.234,SS,A
28,nym,19,,Edward Lantigua,815928,153,23,44,6,1,3,.433,.832,.399,27,33,29,13,10,55,61,.288,OF,ROK
28,was,18,,Marconi German,829699,152,37,43,9,1,8,.479,.992,.513,30,43,42,33,6,57,78,.283,SS,ROK
29,tb,22,,Jadher Areinamo,699130,508,69,145,32,2,15,.344,.789,.445,70,46,67,21,8,199,226,.285,2B,ALL (2)
29,bal,17,,José Peña,829072,167,28,40,11,0,2,.356,.697,.341,23,30,42,14,6,96,57,.240,SS,ROK
29,chc,20,,Eli Lovich,815654,271,33,63,7,3,4,.307,.632,.325,36,27,88,18,4,112,88,.232,OF,ALL (2)
29,was,25,,Andrew Pinckney,687605,450,77,121,9,2,20,.348,.779,.431,66,44,148,34,5,217,194,.269,OF,AAA
29,pit,20,,Axiel Plaz,800208,237,32,56,12,0,10,.327,.741,.414,46,26,53,1,0,107,98,.236,C,ALL (2)
29,mil,22,,Blake Burke,695501,490,64,143,27,2,16,.379,.832,.453,82,65,135,15,5,201,222,.292,1B,ALL (2)
29,cws,21,,Samuel Zavala,694214,409,65,104,17,2,9,.360,.732,.372,51,65,104,18,8,162,152,.254,CF,A+
29,kc,22,,Austin Charles,800051,220,24,45,10,2,2,.260,.555,.295,20,19,65,11,5,95,65,.205,SS,ALL (2)
29,sf,22,,Lorenzo Meola,823768,66,7,18,4,0,3,.314,.784,.470,7,4,17,3,1,27,31,.273,SS,A
29,nym,20,,Trey Snyder,815551,431,58,95,12,1,5,.336,.624,.288,48,72,96,41,8,198,124,.220,SS,A
29,min,23,,Kala'i Rosario,693850,497,92,127,30,5,25,.358,.845,.487,83,73,159,32,7,252,242,.256,OF,AA
29,nyy,18,,Stiven Marinez,829501,160,37,44,7,3,1,.424,.799,.375,17,41,46,22,6,63,60,.275,SS,ROK
29,ari,19,,Ivan Luciano,813930,145,18,40,7,1,2,.389,.768,.379,21,28,36,1,0,84,55,.276,C,ALL (2)
29,mia,23,,Matthew Etzel,803033,314,47,78,11,2,7,.363,.726,.363,49,59,93,27,9,135,114,.248,LF,ALL (4)
30,sea,25,,Rhylan Thomas,689041,555,107,179,25,1,7,.377,.786,.409,80,47,32,35,8,256,227,.323,LF,ALL (2)
30,hou,21,,Nick Monistere,823809,101,10,17,2,0,2,.254,.502,.248,16,9,28,5,1,60,25,.168,A
30,pit,20,,Tony Blanco Jr.,703156,112,11,29,3,0,8,.359,.859,.500,23,18,46,0,0,46,56,.259,OF,ALL (2)
30,sd,22,,Braedon Karpathios,701682,446,63,111,22,3,15,.357,.770,.413,65,73,146,9,5,210,184,.249,OF,ALL (2)
30,stl,17,,Kenly Hunter,829077,140,41,44,6,3,0,.442,.842,.400,15,24,20,25,2,58,56,.314,OF,ROK
30,cin,20,,Carlos Sanchez,800176,415,62,115,20,6,8,.379,.791,.412,62,67,121,20,14,188,171,.277,3B,ALL (2)
30,tb,19,,Nathan Flewelling,807083,352,48,81,17,2,6,.393,.734,.341,52,94,127,9,3,164,120,.230,C,ALL (2)
30,bal,22,,Creed Willems,695735,379,41,96,21,1,16,.338,.779,.441,59,38,83,1,2,175,167,.253,C,AA
30,mil,19,,José Anderson,821262,342,45,71,17,5,11,.293,.676,.383,42,35,110,10,4,161,131,.208,OF,ALL (2)
30,atl,19,,Owen Carey,826928,469,63,121,25,2,4,.330,.675,.345,63,38,82,17,10,228,162,.258,OF,A
30,min,21,,Danny De Andrade,694185,437,55,100,26,8,9,.317,.704,.387,58,43,115,15,6,205,169,.229,SS,A+
30,la,21,,Logan Wagner,702488,440,82,95,23,2,15,.345,.725,.380,76,78,140,18,3,247,167,.216,SS,A+
30,sf,22,,Cam Maldonado,809686,59,6,14,6,0,0,.352,.691,.339,10,11,18,5,0,31,20,.237,OF,A
30,oak,17,,Darwing Ozuna,829048,90,12,19,3,0,2,.301,.612,.311,11,9,25,2,1,47,28,.211,OF,ROK
